file,workload,spare_blocks,policy,single_frontier,seed,end_writes,end_x_logical,measured,wa,moved,erases
results/raw/main/hotcold_s224_fifo_seed1.json,hotcold,224,fifo,False,1,12800,0.250,False,1.0,0,0
results/raw/main/hotcold_s224_fifo_seed1.json,hotcold,224,fifo,False,1,25600,0.500,False,3.48,31744,673
results/raw/main/hotcold_s224_fifo_seed1.json,hotcold,224,fifo,False,1,38400,0.750,False,1.94328,12074,389
results/raw/main/hotcold_s224_fifo_seed1.json,hotcold,224,fifo,False,1,51200,1.000,False,3.83906,36340,768
results/raw/main/hotcold_s224_fifo_seed1.json,hotcold,224,fifo,False,1,64000,1.250,False,1.63625,8144,327
results/raw/main/hotcold_s224_fifo_seed1.json,hotcold,224,fifo,False,1,76800,1.500,False,3.70539,34629,741
results/raw/main/hotcold_s224_fifo_seed1.json,hotcold,224,fifo,False,1,89600,1.750,False,2.03078,13194,406
results/raw/main/hotcold_s224_fifo_seed1.json,hotcold,224,fifo,False,1,102400,2.000,False,3.40805,30823,682
results/raw/main/hotcold_s224_fifo_seed1.json,hotcold,224,fifo,False,1,115200,2.250,False,2.57195,20121,514
results/raw/main/hotcold_s224_fifo_seed1.json,hotcold,224,fifo,False,1,128000,2.500,False,2.94305,24871,589
results/raw/main/hotcold_s224_fifo_seed1.json,hotcold,224,fifo,False,1,140800,2.750,False,2.87969,24060,576
results/raw/main/hotcold_s224_fifo_seed1.json,hotcold,224,fifo,False,1,153600,3.000,False,2.68547,21574,537
results/raw/main/hotcold_s224_fifo_seed1.json,hotcold,224,fifo,False,1,166400,3.250,False,3.02562,25928,605
results/raw/main/hotcold_s224_fifo_seed1.json,hotcold,224,fifo,False,1,179200,3.500,False,2.56055,19975,512
results/raw/main/hotcold_s224_fifo_seed1.json,hotcold,224,fifo,False,1,192000,3.750,False,3.09031,26756,618
results/raw/main/hotcold_s224_fifo_seed1.json,hotcold,224,fifo,False,1,204800,4.000,False,2.64773,21091,530
results/raw/main/hotcold_s224_fifo_seed1.json,hotcold,224,fifo,False,1,217600,4.250,True,2.96734,25182,593
results/raw/main/hotcold_s224_fifo_seed1.json,hotcold,224,fifo,False,1,230400,4.500,True,2.75039,22405,550
results/raw/main/hotcold_s224_fifo_seed1.json,hotcold,224,fifo,False,1,243200,4.750,True,2.85969,23804,572
results/raw/main/hotcold_s224_fifo_seed1.json,hotcold,224,fifo,False,1,256000,5.000,True,2.83023,23427,566
results/raw/main/hotcold_s224_fifo_seed1.json,hotcold,224,fifo,False,1,268800,5.250,True,2.82273,23331,565
results/raw/main/hotcold_s224_fifo_seed1.json,hotcold,224,fifo,False,1,281600,5.500,True,2.86727,23901,573
results/raw/main/hotcold_s224_fifo_seed1.json,hotcold,224,fifo,False,1,294400,5.750,True,2.77305,22695,555
results/raw/main/hotcold_s224_fifo_seed1.json,hotcold,224,fifo,False,1,307200,6.000,True,2.90156,24340,580
results/raw/main/hotcold_s224_fifo_seed1.json,hotcold,224,fifo,False,1,320000,6.250,True,2.7843,22839,557
results/raw/main/hotcold_s224_fifo_seed1.json,hotcold,224,fifo,False,1,332800,6.500,True,2.85328,23722,571
results/raw/main/hotcold_s224_fifo_seed1.json,hotcold,224,fifo,False,1,345600,6.750,True,2.80406,23092,561
results/raw/main/hotcold_s224_fifo_seed1.json,hotcold,224,fifo,False,1,358400,7.000,True,2.85844,23788,571
results/raw/main/hotcold_s224_fifo_seed1.json,hotcold,224,fifo,False,1,371200,7.250,True,2.8,23040,560
results/raw/main/hotcold_s224_fifo_seed1.json,hotcold,224,fifo,False,1,384000,7.500,True,2.83039,23429,566
results/raw/main/hotcold_s224_fifo_seed1.json,hotcold,224,fifo,False,1,396800,7.750,True,2.82453,23354,565
results/raw/main/hotcold_s224_fifo_seed1.json,hotcold,224,fifo,False,1,409600,8.000,True,2.80195,23065,561
results/raw/main/hotcold_s224_fifo_seed1.json,hotcold,224,fifo,False,1,422400,8.250,True,2.86336,23851,572
results/raw/main/hotcold_s224_fifo_seed1.json,hotcold,224,fifo,False,1,435200,8.500,True,2.81008,23169,562
results/raw/main/hotcold_s224_fifo_seed1.json,hotcold,224,fifo,False,1,448000,8.750,True,2.85969,23804,572
results/raw/main/hotcold_s224_fifo_seed1.json,hotcold,224,fifo,False,1,460800,9.000,True,2.81539,23237,563
results/raw/main/hotcold_s224_fifo_seed1.json,hotcold,224,fifo,False,1,473600,9.250,True,2.85711,23771,572
results/raw/main/hotcold_s224_fifo_seed1.json,hotcold,224,fifo,False,1,486400,9.500,True,2.81992,23295,564
results/raw/main/hotcold_s224_fifo_seed1.json,hotcold,224,fifo,False,1,499200,9.750,True,2.83602,23501,567
results/raw/main/hotcold_s224_fifo_seed1.json,hotcold,224,fifo,False,1,512000,10.000,True,2.82211,23323,564
results/raw/main/hotcold_s224_fifo_seed1.json,hotcold,224,fifo,False,1,524800,10.250,True,2.81773,23267,564
results/raw/main/hotcold_s224_fifo_seed1.json,hotcold,224,fifo,False,1,537600,10.500,True,2.84875,23664,570
results/raw/main/hotcold_s224_fifo_seed1.json,hotcold,224,fifo,False,1,550400,10.750,True,2.80852,23149,561
results/raw/main/hotcold_s224_fifo_seed1.json,hotcold,224,fifo,False,1,563200,11.000,True,2.8625,23840,573
results/raw/main/hotcold_s224_fifo_seed1.json,hotcold,224,fifo,False,1,576000,11.250,True,2.80609,23118,561
results/raw/main/hotcold_s224_fifo_seed1.json,hotcold,224,fifo,False,1,588800,11.500,True,2.8557,23753,571
results/raw/main/hotcold_s224_fifo_seed1.json,hotcold,224,fifo,False,1,601600,11.750,True,2.82711,23387,566
results/raw/main/hotcold_s224_fifo_seed1.json,hotcold,224,fifo,False,1,614400,12.000,True,2.81094,23180,562
results/raw/main/hotcold_s224_fifo_seed2.json,hotcold,224,fifo,False,2,12800,0.250,False,1.0,0,0
results/raw/main/hotcold_s224_fifo_seed2.json,hotcold,224,fifo,False,2,25600,0.500,False,3.60984,33406,699
results/raw/main/hotcold_s224_fifo_seed2.json,hotcold,224,fifo,False,2,38400,0.750,False,1.83391,10674,367
results/raw/main/hotcold_s224_fifo_seed2.json,hotcold,224,fifo,False,2,51200,1.000,False,3.85422,36534,771
results/raw/main/hotcold_s224_fifo_seed2.json,hotcold,224,fifo,False,2,64000,1.250,False,1.61672,7894,323
results/raw/main/hotcold_s224_fifo_seed2.json,hotcold,224,fifo,False,2,76800,1.500,False,3.73266,34978,747
results/raw/main/hotcold_s224_fifo_seed2.json,hotcold,224,fifo,False,2,89600,1.750,False,2.07,13696,414
results/raw/main/hotcold_s224_fifo_seed2.json,hotcold,224,fifo,False,2,102400,2.000,False,3.36266,30242,672
results/raw/main/hotcold_s224_fifo_seed2.json,hotcold,224,fifo,False,2,115200,2.250,False,2.59242,20383,519
results/raw/main/hotcold_s224_fifo_seed2.json,hotcold,224,fifo,False,2,128000,2.500,False,2.90578,24394,581
results/raw/main/hotcold_s224_fifo_seed2.json,hotcold,224,fifo,False,2,140800,2.750,False,2.86641,23890,573
results/raw/main/hotcold_s224_fifo_seed2.json,hotcold,224,fifo,False,2,153600,3.000,False,2.68898,21619,538
results/raw/main/hotcold_s224_fifo_seed2.json,hotcold,224,fifo,False,2,166400,3.250,False,3.05859,26350,612
results/raw/main/hotcold_s224_fifo_seed2.json,hotcold,224,fifo,False,2,179200,3.500,False,2.54633,19793,509
results/raw/main/hotcold_s224_fifo_seed2.json,hotcold,224,fifo,False,2,192000,3.750,False,3.09602,26829,619
results/raw/main/hotcold_s224_fifo_seed2.json,hotcold,224,fifo,False,2,204800,4.000,False,2.64992,21119,530
results/raw/main/hotcold_s224_fifo_seed2.json,hotcold,224,fifo,False,2,217600,4.250,True,2.93938,24824,588
results/raw/main/hotcold_s224_fifo_seed2.json,hotcold,224,fifo,False,2,230400,4.500,True,2.80055,23047,560
results/raw/main/hotcold_s224_fifo_seed2.json,hotcold,224,fifo,False,2,243200,4.750,True,2.81477,23229,563
results/raw/main/hotcold_s224_fifo_seed2.json,hotcold,224,fifo,False,2,256000,5.000,True,2.85039,23685,570
results/raw/main/hotcold_s224_fifo_seed2.json,hotcold,224,fifo,False,2,268800,5.250,True,2.7682,22633,554
results/raw/main/hotcold_s224_fifo_seed2.json,hotcold,224,fifo,False,2,281600,5.500,True,2.90102,24333,580
results/raw/main/hotcold_s224_fifo_seed2.json,hotcold,224,fifo,False,2,294400,5.750,True,2.75602,22477,551
results/raw/main/hotcold_s224_fifo_seed2.json,hotcold,224,fifo,False,2,307200,6.000,True,2.90414,24373,581
results/raw/main/hotcold_s224_fifo_seed2.json,hotcold,224,fifo,False,2,320000,6.250,True,2.79039,22917,558
results/raw/main/hotcold_s224_fifo_seed2.json,hotcold,224,fifo,False,2,332800,6.500,True,2.84578,23626,569
results/raw/main/hotcold_s224_fifo_seed2.json,hotcold,224,fifo,False,2,345600,6.750,True,2.81773,23267,564
results/raw/main/hotcold_s224_fifo_seed2.json,hotcold,224,fifo,False,2,358400,7.000,True,2.85023,23683,570
results/raw/main/hotcold_s224_fifo_seed2.json,hotcold,224,fifo,False,2,371200,7.250,True,2.83422,23478,567
results/raw/main/hotcold_s224_fifo_seed2.json,hotcold,224,fifo,False,2,384000,7.500,True,2.81195,23193,562
results/raw/main/hotcold_s224_fifo_seed2.json,hotcold,224,fifo,False,2,396800,7.750,True,2.865,23872,573
results/raw/main/hotcold_s224_fifo_seed2.json,hotcold,224,fifo,False,2,409600,8.000,True,2.8057,23113,561
results/raw/main/hotcold_s224_fifo_seed2.json,hotcold,224,fifo,False,2,422400,8.250,True,2.85016,23682,570
results/raw/main/hotcold_s224_fifo_seed2.json,hotcold,224,fifo,False,2,435200,8.500,True,2.80945,23161,562
results/raw/main/hotcold_s224_fifo_seed2.json,hotcold,224,fifo,False,2,448000,8.750,True,2.81891,23282,564
results/raw/main/hotcold_s224_fifo_seed2.json,hotcold,224,fifo,False,2,460800,9.000,True,2.86133,23825,572
results/raw/main/hotcold_s224_fifo_seed2.json,hotcold,224,fifo,False,2,473600,9.250,True,2.83484,23486,567
results/raw/main/hotcold_s224_fifo_seed2.json,hotcold,224,fifo,False,2,486400,9.500,True,2.80313,23080,561
results/raw/main/hotcold_s224_fifo_seed2.json,hotcold,224,fifo,False,2,499200,9.750,True,2.85234,23710,570
results/raw/main/hotcold_s224_fifo_seed2.json,hotcold,224,fifo,False,2,512000,10.000,True,2.82953,23418,566
results/raw/main/hotcold_s224_fifo_seed2.json,hotcold,224,fifo,False,2,524800,10.250,True,2.83945,23545,568
results/raw/main/hotcold_s224_fifo_seed2.json,hotcold,224,fifo,False,2,537600,10.500,True,2.84359,23598,569
results/raw/main/hotcold_s224_fifo_seed2.json,hotcold,224,fifo,False,2,550400,10.750,True,2.82742,23391,565
results/raw/main/hotcold_s224_fifo_seed2.json,hotcold,224,fifo,False,2,563200,11.000,True,2.835,23488,567
results/raw/main/hotcold_s224_fifo_seed2.json,hotcold,224,fifo,False,2,576000,11.250,True,2.83961,23547,568
results/raw/main/hotcold_s224_fifo_seed2.json,hotcold,224,fifo,False,2,588800,11.500,True,2.82352,23341,565
results/raw/main/hotcold_s224_fifo_seed2.json,hotcold,224,fifo,False,2,601600,11.750,True,2.83469,23484,567
results/raw/main/hotcold_s224_fifo_seed2.json,hotcold,224,fifo,False,2,614400,12.000,True,2.82625,23376,565
results/raw/main/hotcold_s224_fifo_seed3.json,hotcold,224,fifo,False,3,12800,0.250,False,1.0,0,0
results/raw/main/hotcold_s224_fifo_seed3.json,hotcold,224,fifo,False,3,25600,0.500,False,3.58961,33147,695
results/raw/main/hotcold_s224_fifo_seed3.json,hotcold,224,fifo,False,3,38400,0.750,False,1.85031,10884,370
results/raw/main/hotcold_s224_fifo_seed3.json,hotcold,224,fifo,False,3,51200,1.000,False,3.85859,36590,772
results/raw/main/hotcold_s224_fifo_seed3.json,hotcold,224,fifo,False,3,64000,1.250,False,1.61445,7865,323
results/raw/main/hotcold_s224_fifo_seed3.json,hotcold,224,fifo,False,3,76800,1.500,False,3.72969,34940,746
results/raw/main/hotcold_s224_fifo_seed3.json,hotcold,224,fifo,False,3,89600,1.750,False,2.05984,13566,412
results/raw/main/hotcold_s224_fifo_seed3.json,hotcold,224,fifo,False,3,102400,2.000,False,3.36039,30213,672
results/raw/main/hotcold_s224_fifo_seed3.json,hotcold,224,fifo,False,3,115200,2.250,False,2.58617,20303,517
results/raw/main/hotcold_s224_fifo_seed3.json,hotcold,224,fifo,False,3,128000,2.500,False,2.90578,24394,581
results/raw/main/hotcold_s224_fifo_seed3.json,hotcold,224,fifo,False,3,140800,2.750,False,2.89258,24225,579
results/raw/main/hotcold_s224_fifo_seed3.json,hotcold,224,fifo,False,3,153600,3.000,False,2.68094,21516,536
results/raw/main/hotcold_s224_fifo_seed3.json,hotcold,224,fifo,False,3,166400,3.250,False,3.03453,26042,607
results/raw/main/hotcold_s224_fifo_seed3.json,hotcold,224,fifo,False,3,179200,3.500,False,2.56641,20050,513
results/raw/main/hotcold_s224_fifo_seed3.json,hotcold,224,fifo,False,3,192000,3.750,False,3.13563,27336,627
results/raw/main/hotcold_s224_fifo_seed3.json,hotcold,224,fifo,False,3,204800,4.000,False,2.61742,20703,524
results/raw/main/hotcold_s224_fifo_seed3.json,hotcold,224,fifo,False,3,217600,4.250,True,2.99117,25487,598
results/raw/main/hotcold_s224_fifo_seed3.json,hotcold,224,fifo,False,3,230400,4.500,True,2.74422,22326,549
results/raw/main/hotcold_s224_fifo_seed3.json,hotcold,224,fifo,False,3,243200,4.750,True,2.85695,23769,571
results/raw/main/hotcold_s224_fifo_seed3.json,hotcold,224,fifo,False,3,256000,5.000,True,2.83836,23531,568
results/raw/main/hotcold_s224_fifo_seed3.json,hotcold,224,fifo,False,3,268800,5.250,True,2.78148,22803,556
results/raw/main/hotcold_s224_fifo_seed3.json,hotcold,224,fifo,False,3,281600,5.500,True,2.89492,24255,579
results/raw/main/hotcold_s224_fifo_seed3.json,hotcold,224,fifo,False,3,294400,5.750,True,2.76945,22649,554
results/raw/main/hotcold_s224_fifo_seed3.json,hotcold,224,fifo,False,3,307200,6.000,True,2.93086,24715,586
results/raw/main/hotcold_s224_fifo_seed3.json,hotcold,224,fifo,False,3,320000,6.250,True,2.77398,22707,555
results/raw/main/hotcold_s224_fifo_seed3.json,hotcold,224,fifo,False,3,332800,6.500,True,2.89133,24209,578
results/raw/main/hotcold_s224_fifo_seed3.json,hotcold,224,fifo,False,3,345600,6.750,True,2.80375,23088,561
results/raw/main/hotcold_s224_fifo_seed3.json,hotcold,224,fifo,False,3,358400,7.000,True,2.8607,23817,572
results/raw/main/hotcold_s224_fifo_seed3.json,hotcold,224,fifo,False,3,371200,7.250,True,2.80531,23108,561
results/raw/main/hotcold_s224_fifo_seed3.json,hotcold,224,fifo,False,3,384000,7.500,True,2.83398,23475,567
results/raw/main/hotcold_s224_fifo_seed3.json,hotcold,224,fifo,False,3,396800,7.750,True,2.83125,23440,566
results/raw/main/hotcold_s224_fifo_seed3.json,hotcold,224,fifo,False,3,409600,8.000,True,2.81711,23259,564
results/raw/main/hotcold_s224_fifo_seed3.json,hotcold,224,fifo,False,3,422400,8.250,True,2.84523,23619,569
results/raw/main/hotcold_s224_fifo_seed3.json,hotcold,224,fifo,False,3,435200,8.500,True,2.80461,23099,561
results/raw/main/hotcold_s224_fifo_seed3.json,hotcold,224,fifo,False,3,448000,8.750,True,2.84234,23582,568
results/raw/main/hotcold_s224_fifo_seed3.json,hotcold,224,fifo,False,3,460800,9.000,True,2.83531,23492,567
results/raw/main/hotcold_s224_fifo_seed3.json,hotcold,224,fifo,False,3,473600,9.250,True,2.84516,23618,569
results/raw/main/hotcold_s224_fifo_seed3.json,hotcold,224,fifo,False,3,486400,9.500,True,2.84367,23599,569
results/raw/main/hotcold_s224_fifo_seed3.json,hotcold,224,fifo,False,3,499200,9.750,True,2.80461,23099,561
results/raw/main/hotcold_s224_fifo_seed3.json,hotcold,224,fifo,False,3,512000,10.000,True,2.83047,23430,566
results/raw/main/hotcold_s224_fifo_seed3.json,hotcold,224,fifo,False,3,524800,10.250,True,2.82125,23312,564
results/raw/main/hotcold_s224_fifo_seed3.json,hotcold,224,fifo,False,3,537600,10.500,True,2.83,23424,566
results/raw/main/hotcold_s224_fifo_seed3.json,hotcold,224,fifo,False,3,550400,10.750,True,2.83516,23490,567
results/raw/main/hotcold_s224_fifo_seed3.json,hotcold,224,fifo,False,3,563200,11.000,True,2.85219,23708,571
results/raw/main/hotcold_s224_fifo_seed3.json,hotcold,224,fifo,False,3,576000,11.250,True,2.82594,23372,565
results/raw/main/hotcold_s224_fifo_seed3.json,hotcold,224,fifo,False,3,588800,11.500,True,2.85609,23758,571
results/raw/main/hotcold_s224_fifo_seed3.json,hotcold,224,fifo,False,3,601600,11.750,True,2.84563,23624,569
results/raw/main/hotcold_s224_fifo_seed3.json,hotcold,224,fifo,False,3,614400,12.000,True,2.83984,23550,568
results/raw/main/hotcold_s224_fifo_seed4.json,hotcold,224,fifo,False,4,12800,0.250,False,1.0,0,0
results/raw/main/hotcold_s224_fifo_seed4.json,hotcold,224,fifo,False,4,25600,0.500,False,3.47,31616,671
results/raw/main/hotcold_s224_fifo_seed4.json,hotcold,224,fifo,False,4,38400,0.750,False,1.95703,12250,392
results/raw/main/hotcold_s224_fifo_seed4.json,hotcold,224,fifo,False,4,51200,1.000,False,3.83594,36300,767
results/raw/main/hotcold_s224_fifo_seed4.json,hotcold,224,fifo,False,4,64000,1.250,False,1.63016,8066,326
results/raw/main/hotcold_s224_fifo_seed4.json,hotcold,224,fifo,False,4,76800,1.500,False,3.72625,34896,745
results/raw/main/hotcold_s224_fifo_seed4.json,hotcold,224,fifo,False,4,89600,1.750,False,2.04852,13421,410
results/raw/main/hotcold_s224_fifo_seed4.json,hotcold,224,fifo,False,4,102400,2.000,False,3.38664,30549,677
results/raw/main/hotcold_s224_fifo_seed4.json,hotcold,224,fifo,False,4,115200,2.250,False,2.57484,20158,515
results/raw/main/hotcold_s224_fifo_seed4.json,hotcold,224,fifo,False,4,128000,2.500,False,2.92047,24582,584
results/raw/main/hotcold_s224_fifo_seed4.json,hotcold,224,fifo,False,4,140800,2.750,False,2.85461,23739,571
results/raw/main/hotcold_s224_fifo_seed4.json,hotcold,224,fifo,False,4,153600,3.000,False,2.6825,21536,537
results/raw/main/hotcold_s224_fifo_seed4.json,hotcold,224,fifo,False,4,166400,3.250,False,3.07258,26529,614
results/raw/main/hotcold_s224_fifo_seed4.json,hotcold,224,fifo,False,4,179200,3.500,False,2.52992,19583,506
results/raw/main/hotcold_s224_fifo_seed4.json,hotcold,224,fifo,False,4,192000,3.750,False,3.12344,27180,625
results/raw/main/hotcold_s224_fifo_seed4.json,hotcold,224,fifo,False,4,204800,4.000,False,2.63937,20984,528
results/raw/main/hotcold_s224_fifo_seed4.json,hotcold,224,fifo,False,4,217600,4.250,True,2.96734,25182,593
results/raw/main/hotcold_s224_fifo_seed4.json,hotcold,224,fifo,False,4,230400,4.500,True,2.77969,22780,556
results/raw/main/hotcold_s224_fifo_seed4.json,hotcold,224,fifo,False,4,243200,4.750,True,2.84742,23647,570
results/raw/main/hotcold_s224_fifo_seed4.json,hotcold,224,fifo,False,4,256000,5.000,True,2.85633,23761,571
results/raw/main/hotcold_s224_fifo_seed4.json,hotcold,224,fifo,False,4,268800,5.250,True,2.78328,22826,557
results/raw/main/hotcold_s224_fifo_seed4.json,hotcold,224,fifo,False,4,281600,5.500,True,2.90375,24368,580
results/raw/main/hotcold_s224_fifo_seed4.json,hotcold,224,fifo,False,4,294400,5.750,True,2.75961,22523,552
results/raw/main/hotcold_s224_fifo_seed4.json,hotcold,224,fifo,False,4,307200,6.000,True,2.88359,24110,577
results/raw/main/hotcold_s224_fifo_seed4.json,hotcold,224,fifo,False,4,320000,6.250,True,2.80672,23126,561
results/raw/main/hotcold_s224_fifo_seed4.json,hotcold,224,fifo,False,4,332800,6.500,True,2.85289,23717,571
results/raw/main/hotcold_s224_fifo_seed4.json,hotcold,224,fifo,False,4,345600,6.750,True,2.82203,23322,564
results/raw/main/hotcold_s224_fifo_seed4.json,hotcold,224,fifo,False,4,358400,7.000,True,2.84359,23598,569
results/raw/main/hotcold_s224_fifo_seed4.json,hotcold,224,fifo,False,4,371200,7.250,True,2.84594,23628,569
results/raw/main/hotcold_s224_fifo_seed4.json,hotcold,224,fifo,False,4,384000,7.500,True,2.81688,23256,564
results/raw/main/hotcold_s224_fifo_seed4.json,hotcold,224,fifo,False,4,396800,7.750,True,2.82656,23380,565
results/raw/main/hotcold_s224_fifo_seed4.json,hotcold,224,fifo,False,4,409600,8.000,True,2.80117,23055,560
results/raw/main/hotcold_s224_fifo_seed4.json,hotcold,224,fifo,False,4,422400,8.250,True,2.86016,23810,572
results/raw/main/hotcold_s224_fifo_seed4.json,hotcold,224,fifo,False,4,435200,8.500,True,2.82805,23399,566
results/raw/main/hotcold_s224_fifo_seed4.json,hotcold,224,fifo,False,4,448000,8.750,True,2.82242,23327,564
results/raw/main/hotcold_s224_fifo_seed4.json,hotcold,224,fifo,False,4,460800,9.000,True,2.81961,23291,564
results/raw/main/hotcold_s224_fifo_seed4.json,hotcold,224,fifo,False,4,473600,9.250,True,2.83438,23480,567
results/raw/main/hotcold_s224_fifo_seed4.json,hotcold,224,fifo,False,4,486400,9.500,True,2.8343,23479,567
results/raw/main/hotcold_s224_fifo_seed4.json,hotcold,224,fifo,False,4,499200,9.750,True,2.84656,23636,569
results/raw/main/hotcold_s224_fifo_seed4.json,hotcold,224,fifo,False,4,512000,10.000,True,2.83953,23546,568
results/raw/main/hotcold_s224_fifo_seed4.json,hotcold,224,fifo,False,4,524800,10.250,True,2.83797,23526,568
results/raw/main/hotcold_s224_fifo_seed4.json,hotcold,224,fifo,False,4,537600,10.500,True,2.82992,23423,566
results/raw/main/hotcold_s224_fifo_seed4.json,hotcold,224,fifo,False,4,550400,10.750,True,2.83516,23490,567
results/raw/main/hotcold_s224_fifo_seed4.json,hotcold,224,fifo,False,4,563200,11.000,True,2.8325,23456,566
results/raw/main/hotcold_s224_fifo_seed4.json,hotcold,224,fifo,False,4,576000,11.250,True,2.8293,23415,566
results/raw/main/hotcold_s224_fifo_seed4.json,hotcold,224,fifo,False,4,588800,11.500,True,2.82922,23414,566
results/raw/main/hotcold_s224_fifo_seed4.json,hotcold,224,fifo,False,4,601600,11.750,True,2.82906,23412,566
results/raw/main/hotcold_s224_fifo_seed4.json,hotcold,224,fifo,False,4,614400,12.000,True,2.82242,23327,564
results/raw/main/hotcold_s224_fifo_seed5.json,hotcold,224,fifo,False,5,12800,0.250,False,1.0,0,0
results/raw/main/hotcold_s224_fifo_seed5.json,hotcold,224,fifo,False,5,25600,0.500,False,3.49437,31928,676
results/raw/main/hotcold_s224_fifo_seed5.json,hotcold,224,fifo,False,5,38400,0.750,False,1.93469,11964,387
results/raw/main/hotcold_s224_fifo_seed5.json,hotcold,224,fifo,False,5,51200,1.000,False,3.83797,36326,768
results/raw/main/hotcold_s224_fifo_seed5.json,hotcold,224,fifo,False,5,64000,1.250,False,1.62219,7964,324
results/raw/main/hotcold_s224_fifo_seed5.json,hotcold,224,fifo,False,5,76800,1.500,False,3.72047,34822,744
results/raw/main/hotcold_s224_fifo_seed5.json,hotcold,224,fifo,False,5,89600,1.750,False,2.05016,13442,410
results/raw/main/hotcold_s224_fifo_seed5.json,hotcold,224,fifo,False,5,102400,2.000,False,3.37484,30398,675
results/raw/main/hotcold_s224_fifo_seed5.json,hotcold,224,fifo,False,5,115200,2.250,False,2.585,20288,517
results/raw/main/hotcold_s224_fifo_seed5.json,hotcold,224,fifo,False,5,128000,2.500,False,2.92406,24628,585
results/raw/main/hotcold_s224_fifo_seed5.json,hotcold,224,fifo,False,5,140800,2.750,False,2.85375,23728,571
results/raw/main/hotcold_s224_fifo_seed5.json,hotcold,224,fifo,False,5,153600,3.000,False,2.68672,21590,537
results/raw/main/hotcold_s224_fifo_seed5.json,hotcold,224,fifo,False,5,166400,3.250,False,3.04078,26122,608
results/raw/main/hotcold_s224_fifo_seed5.json,hotcold,224,fifo,False,5,179200,3.500,False,2.58297,20262,517
results/raw/main/hotcold_s224_fifo_seed5.json,hotcold,224,fifo,False,5,192000,3.750,False,3.12125,27152,624
results/raw/main/hotcold_s224_fifo_seed5.json,hotcold,224,fifo,False,5,204800,4.000,False,2.63539,20933,527
results/raw/main/hotcold_s224_fifo_seed5.json,hotcold,224,fifo,False,5,217600,4.250,True,2.96484,25150,593
results/raw/main/hotcold_s224_fifo_seed5.json,hotcold,224,fifo,False,5,230400,4.500,True,2.76023,22531,552
results/raw/main/hotcold_s224_fifo_seed5.json,hotcold,224,fifo,False,5,243200,4.750,True,2.85531,23748,571
results/raw/main/hotcold_s224_fifo_seed5.json,hotcold,224,fifo,False,5,256000,5.000,True,2.82508,23361,565
results/raw/main/hotcold_s224_fifo_seed5.json,hotcold,224,fifo,False,5,268800,5.250,True,2.79969,23036,560
results/raw/main/hotcold_s224_fifo_seed5.json,hotcold,224,fifo,False,5,281600,5.500,True,2.89961,24315,580
results/raw/main/hotcold_s224_fifo_seed5.json,hotcold,224,fifo,False,5,294400,5.750,True,2.77367,22703,555
results/raw/main/hotcold_s224_fifo_seed5.json,hotcold,224,fifo,False,5,307200,6.000,True,2.90203,24346,580
results/raw/main/hotcold_s224_fifo_seed5.json,hotcold,224,fifo,False,5,320000,6.250,True,2.7925,22944,559
results/raw/main/hotcold_s224_fifo_seed5.json,hotcold,224,fifo,False,5,332800,6.500,True,2.88172,24086,576
results/raw/main/hotcold_s224_fifo_seed5.json,hotcold,224,fifo,False,5,345600,6.750,True,2.78906,22900,558
results/raw/main/hotcold_s224_fifo_seed5.json,hotcold,224,fifo,False,5,358400,7.000,True,2.85602,23757,571
results/raw/main/hotcold_s224_fifo_seed5.json,hotcold,224,fifo,False,5,371200,7.250,True,2.8257,23369,565
results/raw/main/hotcold_s224_fifo_seed5.json,hotcold,224,fifo,False,5,384000,7.500,True,2.83703,23514,568
results/raw/main/hotcold_s224_fifo_seed5.json,hotcold,224,fifo,False,5,396800,7.750,True,2.85141,23698,570
results/raw/main/hotcold_s224_fifo_seed5.json,hotcold,224,fifo,False,5,409600,8.000,True,2.83141,23442,566
results/raw/main/hotcold_s224_fifo_seed5.json,hotcold,224,fifo,False,5,422400,8.250,True,2.84453,23610,569
results/raw/main/hotcold_s224_fifo_seed5.json,hotcold,224,fifo,False,5,435200,8.500,True,2.80516,23106,561
results/raw/main/hotcold_s224_fifo_seed5.json,hotcold,224,fifo,False,5,448000,8.750,True,2.83484,23486,567
results/raw/main/hotcold_s224_fifo_seed5.json,hotcold,224,fifo,False,5,460800,9.000,True,2.80875,23152,562
results/raw/main/hotcold_s224_fifo_seed5.json,hotcold,224,fifo,False,5,473600,9.250,True,2.85164,23701,570
results/raw/main/hotcold_s224_fifo_seed5.json,hotcold,224,fifo,False,5,486400,9.500,True,2.81484,23230,563
results/raw/main/hotcold_s224_fifo_seed5.json,hotcold,224,fifo,False,5,499200,9.750,True,2.83484,23486,567
results/raw/main/hotcold_s224_fifo_seed5.json,hotcold,224,fifo,False,5,512000,10.000,True,2.82039,23301,564
results/raw/main/hotcold_s224_fifo_seed5.json,hotcold,224,fifo,False,5,524800,10.250,True,2.84508,23617,569
results/raw/main/hotcold_s224_fifo_seed5.json,hotcold,224,fifo,False,5,537600,10.500,True,2.83922,23542,568
results/raw/main/hotcold_s224_fifo_seed5.json,hotcold,224,fifo,False,5,550400,10.750,True,2.85484,23742,571
results/raw/main/hotcold_s224_fifo_seed5.json,hotcold,224,fifo,False,5,563200,11.000,True,2.81453,23226,563
results/raw/main/hotcold_s224_fifo_seed5.json,hotcold,224,fifo,False,5,576000,11.250,True,2.84086,23563,568
results/raw/main/hotcold_s224_fifo_seed5.json,hotcold,224,fifo,False,5,588800,11.500,True,2.84289,23589,569
results/raw/main/hotcold_s224_fifo_seed5.json,hotcold,224,fifo,False,5,601600,11.750,True,2.82766,23394,565
results/raw/main/hotcold_s224_fifo_seed5.json,hotcold,224,fifo,False,5,614400,12.000,True,2.84984,23678,570
results/raw/main/hotcold_s224_greedy_seed1.json,hotcold,224,greedy,False,1,12800,0.250,False,1.0,0,0
results/raw/main/hotcold_s224_greedy_seed1.json,hotcold,224,greedy,False,1,25600,0.500,False,1.31227,3997,240
results/raw/main/hotcold_s224_greedy_seed1.json,hotcold,224,greedy,False,1,38400,0.750,False,1.61766,7906,323
results/raw/main/hotcold_s224_greedy_seed1.json,hotcold,224,greedy,False,1,51200,1.000,False,2.12508,14401,425
results/raw/main/hotcold_s224_greedy_seed1.json,hotcold,224,greedy,False,1,64000,1.250,False,2.69367,21679,539
results/raw/main/hotcold_s224_greedy_seed1.json,hotcold,224,greedy,False,1,76800,1.500,False,2.86523,23875,573
results/raw/main/hotcold_s224_greedy_seed1.json,hotcold,224,greedy,False,1,89600,1.750,False,2.755,22464,551
results/raw/main/hotcold_s224_greedy_seed1.json,hotcold,224,greedy,False,1,102400,2.000,False,2.66602,21325,533
results/raw/main/hotcold_s224_greedy_seed1.json,hotcold,224,greedy,False,1,115200,2.250,False,2.58469,20284,517
results/raw/main/hotcold_s224_greedy_seed1.json,hotcold,224,greedy,False,1,128000,2.500,False,2.55484,19902,511
results/raw/main/hotcold_s224_greedy_seed1.json,hotcold,224,greedy,False,1,140800,2.750,False,2.57422,20150,515
results/raw/main/hotcold_s224_greedy_seed1.json,hotcold,224,greedy,False,1,153600,3.000,False,2.56508,20033,513
results/raw/main/hotcold_s224_greedy_seed1.json,hotcold,224,greedy,False,1,166400,3.250,False,2.57484,20158,515
results/raw/main/hotcold_s224_greedy_seed1.json,hotcold,224,greedy,False,1,179200,3.500,False,2.57539,20165,515
results/raw/main/hotcold_s224_greedy_seed1.json,hotcold,224,greedy,False,1,192000,3.750,False,2.60438,20536,521
results/raw/main/hotcold_s224_greedy_seed1.json,hotcold,224,greedy,False,1,204800,4.000,False,2.60109,20494,520
results/raw/main/hotcold_s224_greedy_seed1.json,hotcold,224,greedy,False,1,217600,4.250,True,2.59938,20472,520
results/raw/main/hotcold_s224_greedy_seed1.json,hotcold,224,greedy,False,1,230400,4.500,True,2.63547,20934,527
results/raw/main/hotcold_s224_greedy_seed1.json,hotcold,224,greedy,False,1,243200,4.750,True,2.64492,21055,529
results/raw/main/hotcold_s224_greedy_seed1.json,hotcold,224,greedy,False,1,256000,5.000,True,2.645,21056,529
results/raw/main/hotcold_s224_greedy_seed1.json,hotcold,224,greedy,False,1,268800,5.250,True,2.63945,20985,528
results/raw/main/hotcold_s224_greedy_seed1.json,hotcold,224,greedy,False,1,281600,5.500,True,2.60023,20483,520
results/raw/main/hotcold_s224_greedy_seed1.json,hotcold,224,greedy,False,1,294400,5.750,True,2.58516,20290,517
results/raw/main/hotcold_s224_greedy_seed1.json,hotcold,224,greedy,False,1,307200,6.000,True,2.59094,20364,518
results/raw/main/hotcold_s224_greedy_seed1.json,hotcold,224,greedy,False,1,320000,6.250,True,2.58914,20341,518
results/raw/main/hotcold_s224_greedy_seed1.json,hotcold,224,greedy,False,1,332800,6.500,True,2.65523,21187,531
results/raw/main/hotcold_s224_greedy_seed1.json,hotcold,224,greedy,False,1,345600,6.750,True,2.63047,20870,526
results/raw/main/hotcold_s224_greedy_seed1.json,hotcold,224,greedy,False,1,358400,7.000,True,2.61367,20655,523
results/raw/main/hotcold_s224_greedy_seed1.json,hotcold,224,greedy,False,1,371200,7.250,True,2.63563,20936,527
results/raw/main/hotcold_s224_greedy_seed1.json,hotcold,224,greedy,False,1,384000,7.500,True,2.58562,20296,517
results/raw/main/hotcold_s224_greedy_seed1.json,hotcold,224,greedy,False,1,396800,7.750,True,2.56969,20092,514
results/raw/main/hotcold_s224_greedy_seed1.json,hotcold,224,greedy,False,1,409600,8.000,True,2.57992,20223,516
results/raw/main/hotcold_s224_greedy_seed1.json,hotcold,224,greedy,False,1,422400,8.250,True,2.58391,20274,517
results/raw/main/hotcold_s224_greedy_seed1.json,hotcold,224,greedy,False,1,435200,8.500,True,2.58172,20246,516
results/raw/main/hotcold_s224_greedy_seed1.json,hotcold,224,greedy,False,1,448000,8.750,True,2.58406,20276,517
results/raw/main/hotcold_s224_greedy_seed1.json,hotcold,224,greedy,False,1,460800,9.000,True,2.64961,21115,530
results/raw/main/hotcold_s224_greedy_seed1.json,hotcold,224,greedy,False,1,473600,9.250,True,2.65984,21246,532
results/raw/main/hotcold_s224_greedy_seed1.json,hotcold,224,greedy,False,1,486400,9.500,True,2.645,21056,529
results/raw/main/hotcold_s224_greedy_seed1.json,hotcold,224,greedy,False,1,499200,9.750,True,2.60062,20488,520
results/raw/main/hotcold_s224_greedy_seed1.json,hotcold,224,greedy,False,1,512000,10.000,True,2.5807,20233,516
results/raw/main/hotcold_s224_greedy_seed1.json,hotcold,224,greedy,False,1,524800,10.250,True,2.57867,20207,516
results/raw/main/hotcold_s224_greedy_seed1.json,hotcold,224,greedy,False,1,537600,10.500,True,2.60078,20490,520
results/raw/main/hotcold_s224_greedy_seed1.json,hotcold,224,greedy,False,1,550400,10.750,True,2.58438,20280,517
results/raw/main/hotcold_s224_greedy_seed1.json,hotcold,224,greedy,False,1,563200,11.000,True,2.60062,20488,520
results/raw/main/hotcold_s224_greedy_seed1.json,hotcold,224,greedy,False,1,576000,11.250,True,2.63539,20933,527
results/raw/main/hotcold_s224_greedy_seed1.json,hotcold,224,greedy,False,1,588800,11.500,True,2.63437,20920,527
results/raw/main/hotcold_s224_greedy_seed1.json,hotcold,224,greedy,False,1,601600,11.750,True,2.61547,20678,523
results/raw/main/hotcold_s224_greedy_seed1.json,hotcold,224,greedy,False,1,614400,12.000,True,2.62961,20859,526
results/raw/main/hotcold_s224_greedy_seed2.json,hotcold,224,greedy,False,2,12800,0.250,False,1.0,0,0
results/raw/main/hotcold_s224_greedy_seed2.json,hotcold,224,greedy,False,2,25600,0.500,False,1.30805,3943,239
results/raw/main/hotcold_s224_greedy_seed2.json,hotcold,224,greedy,False,2,38400,0.750,False,1.6018,7703,320
results/raw/main/hotcold_s224_greedy_seed2.json,hotcold,224,greedy,False,2,51200,1.000,False,2.08477,13885,417
results/raw/main/hotcold_s224_greedy_seed2.json,hotcold,224,greedy,False,2,64000,1.250,False,2.66883,21361,534
results/raw/main/hotcold_s224_greedy_seed2.json,hotcold,224,greedy,False,2,76800,1.500,False,2.82625,23376,565
results/raw/main/hotcold_s224_greedy_seed2.json,hotcold,224,greedy,False,2,89600,1.750,False,2.76016,22530,552
results/raw/main/hotcold_s224_greedy_seed2.json,hotcold,224,greedy,False,2,102400,2.000,False,2.67445,21433,535
results/raw/main/hotcold_s224_greedy_seed2.json,hotcold,224,greedy,False,2,115200,2.250,False,2.61023,20611,522
results/raw/main/hotcold_s224_greedy_seed2.json,hotcold,224,greedy,False,2,128000,2.500,False,2.58492,20287,517
results/raw/main/hotcold_s224_greedy_seed2.json,hotcold,224,greedy,False,2,140800,2.750,False,2.59477,20413,519
results/raw/main/hotcold_s224_greedy_seed2.json,hotcold,224,greedy,False,2,153600,3.000,False,2.61484,20670,523
results/raw/main/hotcold_s224_greedy_seed2.json,hotcold,224,greedy,False,2,166400,3.250,False,2.59945,20473,520
results/raw/main/hotcold_s224_greedy_seed2.json,hotcold,224,greedy,False,2,179200,3.500,False,2.64148,21011,528
results/raw/main/hotcold_s224_greedy_seed2.json,hotcold,224,greedy,False,2,192000,3.750,False,2.64336,21035,529
results/raw/main/hotcold_s224_greedy_seed2.json,hotcold,224,greedy,False,2,204800,4.000,False,2.62562,20808,525
results/raw/main/hotcold_s224_greedy_seed2.json,hotcold,224,greedy,False,2,217600,4.250,True,2.64094,21004,528
results/raw/main/hotcold_s224_greedy_seed2.json,hotcold,224,greedy,False,2,230400,4.500,True,2.62391,20786,525
results/raw/main/hotcold_s224_greedy_seed2.json,hotcold,224,greedy,False,2,243200,4.750,True,2.57563,20168,515
results/raw/main/hotcold_s224_greedy_seed2.json,hotcold,224,greedy,False,2,256000,5.000,True,2.57484,20158,515
results/raw/main/hotcold_s224_greedy_seed2.json,hotcold,224,greedy,False,2,268800,5.250,True,2.575,20160,515
results/raw/main/hotcold_s224_greedy_seed2.json,hotcold,224,greedy,False,2,281600,5.500,True,2.61047,20614,522
results/raw/main/hotcold_s224_greedy_seed2.json,hotcold,224,greedy,False,2,294400,5.750,True,2.61945,20729,524
results/raw/main/hotcold_s224_greedy_seed2.json,hotcold,224,greedy,False,2,307200,6.000,True,2.63922,20982,528
results/raw/main/hotcold_s224_greedy_seed2.json,hotcold,224,greedy,False,2,320000,6.250,True,2.63086,20875,526
results/raw/main/hotcold_s224_greedy_seed2.json,hotcold,224,greedy,False,2,332800,6.500,True,2.59898,20467,520
results/raw/main/hotcold_s224_greedy_seed2.json,hotcold,224,greedy,False,2,345600,6.750,True,2.57531,20164,515
results/raw/main/hotcold_s224_greedy_seed2.json,hotcold,224,greedy,False,2,358400,7.000,True,2.58992,20351,518
results/raw/main/hotcold_s224_greedy_seed2.json,hotcold,224,greedy,False,2,371200,7.250,True,2.60062,20488,520
results/raw/main/hotcold_s224_greedy_seed2.json,hotcold,224,greedy,False,2,384000,7.500,True,2.62422,20790,525
results/raw/main/hotcold_s224_greedy_seed2.json,hotcold,224,greedy,False,2,396800,7.750,True,2.63148,20883,526
results/raw/main/hotcold_s224_greedy_seed2.json,hotcold,224,greedy,False,2,409600,8.000,True,2.61469,20668,523
results/raw/main/hotcold_s224_greedy_seed2.json,hotcold,224,greedy,False,2,422400,8.250,True,2.60523,20547,521
results/raw/main/hotcold_s224_greedy_seed2.json,hotcold,224,greedy,False,2,435200,8.500,True,2.60875,20592,522
results/raw/main/hotcold_s224_greedy_seed2.json,hotcold,224,greedy,False,2,448000,8.750,True,2.57617,20175,515
results/raw/main/hotcold_s224_greedy_seed2.json,hotcold,224,greedy,False,2,460800,9.000,True,2.59992,20479,520
results/raw/main/hotcold_s224_greedy_seed2.json,hotcold,224,greedy,False,2,473600,9.250,True,2.59398,20403,519
results/raw/main/hotcold_s224_greedy_seed2.json,hotcold,224,greedy,False,2,486400,9.500,True,2.57977,20221,516
results/raw/main/hotcold_s224_greedy_seed2.json,hotcold,224,greedy,False,2,499200,9.750,True,2.59656,20436,519
results/raw/main/hotcold_s224_greedy_seed2.json,hotcold,224,greedy,False,2,512000,10.000,True,2.61445,20665,523
results/raw/main/hotcold_s224_greedy_seed2.json,hotcold,224,greedy,False,2,524800,10.250,True,2.60953,20602,522
results/raw/main/hotcold_s224_greedy_seed2.json,hotcold,224,greedy,False,2,537600,10.500,True,2.62516,20802,525
results/raw/main/hotcold_s224_greedy_seed2.json,hotcold,224,greedy,False,2,550400,10.750,True,2.6493,21111,530
results/raw/main/hotcold_s224_greedy_seed2.json,hotcold,224,greedy,False,2,563200,11.000,True,2.6057,20553,521
results/raw/main/hotcold_s224_greedy_seed2.json,hotcold,224,greedy,False,2,576000,11.250,True,2.59469,20412,519
results/raw/main/hotcold_s224_greedy_seed2.json,hotcold,224,greedy,False,2,588800,11.500,True,2.59016,20354,518
results/raw/main/hotcold_s224_greedy_seed2.json,hotcold,224,greedy,False,2,601600,11.750,True,2.58047,20230,516
results/raw/main/hotcold_s224_greedy_seed2.json,hotcold,224,greedy,False,2,614400,12.000,True,2.61563,20680,523
results/raw/main/hotcold_s224_greedy_seed3.json,hotcold,224,greedy,False,3,12800,0.250,False,1.0,0,0
results/raw/main/hotcold_s224_greedy_seed3.json,hotcold,224,greedy,False,3,25600,0.500,False,1.30719,3932,239
results/raw/main/hotcold_s224_greedy_seed3.json,hotcold,224,greedy,False,3,38400,0.750,False,1.59211,7579,318
results/raw/main/hotcold_s224_greedy_seed3.json,hotcold,224,greedy,False,3,51200,1.000,False,2.06031,13572,412
results/raw/main/hotcold_s224_greedy_seed3.json,hotcold,224,greedy,False,3,64000,1.250,False,2.6743,21431,535
results/raw/main/hotcold_s224_greedy_seed3.json,hotcold,224,greedy,False,3,76800,1.500,False,2.82094,23308,564
results/raw/main/hotcold_s224_greedy_seed3.json,hotcold,224,greedy,False,3,89600,1.750,False,2.74992,22399,550
results/raw/main/hotcold_s224_greedy_seed3.json,hotcold,224,greedy,False,3,102400,2.000,False,2.67945,21497,536
results/raw/main/hotcold_s224_greedy_seed3.json,hotcold,224,greedy,False,3,115200,2.250,False,2.63508,20929,527
results/raw/main/hotcold_s224_greedy_seed3.json,hotcold,224,greedy,False,3,128000,2.500,False,2.59938,20472,520
results/raw/main/hotcold_s224_greedy_seed3.json,hotcold,224,greedy,False,3,140800,2.750,False,2.61031,20612,522
results/raw/main/hotcold_s224_greedy_seed3.json,hotcold,224,greedy,False,3,153600,3.000,False,2.60539,20549,521
results/raw/main/hotcold_s224_greedy_seed3.json,hotcold,224,greedy,False,3,166400,3.250,False,2.5993,20471,520
results/raw/main/hotcold_s224_greedy_seed3.json,hotcold,224,greedy,False,3,179200,3.500,False,2.585,20288,517
results/raw/main/hotcold_s224_greedy_seed3.json,hotcold,224,greedy,False,3,192000,3.750,False,2.63008,20865,526
results/raw/main/hotcold_s224_greedy_seed3.json,hotcold,224,greedy,False,3,204800,4.000,False,2.63969,20988,528
results/raw/main/hotcold_s224_greedy_seed3.json,hotcold,224,greedy,False,3,217600,4.250,True,2.64148,21011,528
results/raw/main/hotcold_s224_greedy_seed3.json,hotcold,224,greedy,False,3,230400,4.500,True,2.62336,20779,525
results/raw/main/hotcold_s224_greedy_seed3.json,hotcold,224,greedy,False,3,243200,4.750,True,2.58141,20242,516
results/raw/main/hotcold_s224_greedy_seed3.json,hotcold,224,greedy,False,3,256000,5.000,True,2.59375,20400,519
results/raw/main/hotcold_s224_greedy_seed3.json,hotcold,224,greedy,False,3,268800,5.250,True,2.57156,20116,514
results/raw/main/hotcold_s224_greedy_seed3.json,hotcold,224,greedy,False,3,281600,5.500,True,2.58852,20333,518
results/raw/main/hotcold_s224_greedy_seed3.json,hotcold,224,greedy,False,3,294400,5.750,True,2.64039,20997,528
results/raw/main/hotcold_s224_greedy_seed3.json,hotcold,224,greedy,False,3,307200,6.000,True,2.64977,21117,530
results/raw/main/hotcold_s224_greedy_seed3.json,hotcold,224,greedy,False,3,320000,6.250,True,2.63547,20934,527
results/raw/main/hotcold_s224_greedy_seed3.json,hotcold,224,greedy,False,3,332800,6.500,True,2.63477,20925,527
results/raw/main/hotcold_s224_greedy_seed3.json,hotcold,224,greedy,False,3,345600,6.750,True,2.5957,20425,519
results/raw/main/hotcold_s224_greedy_seed3.json,hotcold,224,greedy,False,3,358400,7.000,True,2.59914,20469,520
results/raw/main/hotcold_s224_greedy_seed3.json,hotcold,224,greedy,False,3,371200,7.250,True,2.60984,20606,522
results/raw/main/hotcold_s224_greedy_seed3.json,hotcold,224,greedy,False,3,384000,7.500,True,2.6407,21001,528
results/raw/main/hotcold_s224_greedy_seed3.json,hotcold,224,greedy,False,3,396800,7.750,True,2.64508,21057,529
results/raw/main/hotcold_s224_greedy_seed3.json,hotcold,224,greedy,False,3,409600,8.000,True,2.61406,20660,523
results/raw/main/hotcold_s224_greedy_seed3.json,hotcold,224,greedy,False,3,422400,8.250,True,2.59664,20437,519
results/raw/main/hotcold_s224_greedy_seed3.json,hotcold,224,greedy,False,3,435200,8.500,True,2.64469,21052,529
results/raw/main/hotcold_s224_greedy_seed3.json,hotcold,224,greedy,False,3,448000,8.750,True,2.63414,20917,527
results/raw/main/hotcold_s224_greedy_seed3.json,hotcold,224,greedy,False,3,460800,9.000,True,2.63117,20879,526
results/raw/main/hotcold_s224_greedy_seed3.json,hotcold,224,greedy,False,3,473600,9.250,True,2.6582,21225,532
results/raw/main/hotcold_s224_greedy_seed3.json,hotcold,224,greedy,False,3,486400,9.500,True,2.63039,20869,526
results/raw/main/hotcold_s224_greedy_seed3.json,hotcold,224,greedy,False,3,499200,9.750,True,2.57039,20101,514
results/raw/main/hotcold_s224_greedy_seed3.json,hotcold,224,greedy,False,3,512000,10.000,True,2.58062,20232,516
results/raw/main/hotcold_s224_greedy_seed3.json,hotcold,224,greedy,False,3,524800,10.250,True,2.62039,20741,524
results/raw/main/hotcold_s224_greedy_seed3.json,hotcold,224,greedy,False,3,537600,10.500,True,2.62438,20792,525
results/raw/main/hotcold_s224_greedy_seed3.json,hotcold,224,greedy,False,3,550400,10.750,True,2.65516,21186,531
results/raw/main/hotcold_s224_greedy_seed3.json,hotcold,224,greedy,False,3,563200,11.000,True,2.64414,21045,529
results/raw/main/hotcold_s224_greedy_seed3.json,hotcold,224,greedy,False,3,576000,11.250,True,2.6057,20553,521
results/raw/main/hotcold_s224_greedy_seed3.json,hotcold,224,greedy,False,3,588800,11.500,True,2.60984,20606,522
results/raw/main/hotcold_s224_greedy_seed3.json,hotcold,224,greedy,False,3,601600,11.750,True,2.62008,20737,524
results/raw/main/hotcold_s224_greedy_seed3.json,hotcold,224,greedy,False,3,614400,12.000,True,2.64008,20993,528
results/raw/main/hotcold_s224_greedy_seed4.json,hotcold,224,greedy,False,4,12800,0.250,False,1.0,0,0
results/raw/main/hotcold_s224_greedy_seed4.json,hotcold,224,greedy,False,4,25600,0.500,False,1.31492,4031,240
results/raw/main/hotcold_s224_greedy_seed4.json,hotcold,224,greedy,False,4,38400,0.750,False,1.62367,7983,325
results/raw/main/hotcold_s224_greedy_seed4.json,hotcold,224,greedy,False,4,51200,1.000,False,2.13977,14589,428
results/raw/main/hotcold_s224_greedy_seed4.json,hotcold,224,greedy,False,4,64000,1.250,False,2.71164,21909,542
results/raw/main/hotcold_s224_greedy_seed4.json,hotcold,224,greedy,False,4,76800,1.500,False,2.83969,23548,568
results/raw/main/hotcold_s224_greedy_seed4.json,hotcold,224,greedy,False,4,89600,1.750,False,2.75859,22510,552
results/raw/main/hotcold_s224_greedy_seed4.json,hotcold,224,greedy,False,4,102400,2.000,False,2.66008,21249,532
results/raw/main/hotcold_s224_greedy_seed4.json,hotcold,224,greedy,False,4,115200,2.250,False,2.58492,20287,517
results/raw/main/hotcold_s224_greedy_seed4.json,hotcold,224,greedy,False,4,128000,2.500,False,2.57609,20174,515
results/raw/main/hotcold_s224_greedy_seed4.json,hotcold,224,greedy,False,4,140800,2.750,False,2.56047,19974,512
results/raw/main/hotcold_s224_greedy_seed4.json,hotcold,224,greedy,False,4,153600,3.000,False,2.58391,20274,517
results/raw/main/hotcold_s224_greedy_seed4.json,hotcold,224,greedy,False,4,166400,3.250,False,2.62586,20811,525
results/raw/main/hotcold_s224_greedy_seed4.json,hotcold,224,greedy,False,4,179200,3.500,False,2.60516,20546,521
results/raw/main/hotcold_s224_greedy_seed4.json,hotcold,224,greedy,False,4,192000,3.750,False,2.62523,20803,525
results/raw/main/hotcold_s224_greedy_seed4.json,hotcold,224,greedy,False,4,204800,4.000,False,2.60406,20532,521
results/raw/main/hotcold_s224_greedy_seed4.json,hotcold,224,greedy,False,4,217600,4.250,True,2.63961,20987,528
results/raw/main/hotcold_s224_greedy_seed4.json,hotcold,224,greedy,False,4,230400,4.500,True,2.65,21120,530
results/raw/main/hotcold_s224_greedy_seed4.json,hotcold,224,greedy,False,4,243200,4.750,True,2.62078,20746,524
results/raw/main/hotcold_s224_greedy_seed4.json,hotcold,224,greedy,False,4,256000,5.000,True,2.58422,20278,517
results/raw/main/hotcold_s224_greedy_seed4.json,hotcold,224,greedy,False,4,268800,5.250,True,2.58055,20231,516
results/raw/main/hotcold_s224_greedy_seed4.json,hotcold,224,greedy,False,4,281600,5.500,True,2.63063,20872,526
results/raw/main/hotcold_s224_greedy_seed4.json,hotcold,224,greedy,False,4,294400,5.750,True,2.64383,21041,529
results/raw/main/hotcold_s224_greedy_seed4.json,hotcold,224,greedy,False,4,307200,6.000,True,2.60602,20557,521
results/raw/main/hotcold_s224_greedy_seed4.json,hotcold,224,greedy,False,4,320000,6.250,True,2.58367,20271,517
results/raw/main/hotcold_s224_greedy_seed4.json,hotcold,224,greedy,False,4,332800,6.500,True,2.58031,20228,516
results/raw/main/hotcold_s224_greedy_seed4.json,hotcold,224,greedy,False,4,345600,6.750,True,2.57461,20155,515
results/raw/main/hotcold_s224_greedy_seed4.json,hotcold,224,greedy,False,4,358400,7.000,True,2.59008,20353,518
results/raw/main/hotcold_s224_greedy_seed4.json,hotcold,224,greedy,False,4,371200,7.250,True,2.59117,20367,518
results/raw/main/hotcold_s224_greedy_seed4.json,hotcold,224,greedy,False,4,384000,7.500,True,2.62438,20792,525
results/raw/main/hotcold_s224_greedy_seed4.json,hotcold,224,greedy,False,4,396800,7.750,True,2.59977,20477,520
results/raw/main/hotcold_s224_greedy_seed4.json,hotcold,224,greedy,False,4,409600,8.000,True,2.59102,20365,518
results/raw/main/hotcold_s224_greedy_seed4.json,hotcold,224,greedy,False,4,422400,8.250,True,2.605,20544,521
results/raw/main/hotcold_s224_greedy_seed4.json,hotcold,224,greedy,False,4,435200,8.500,True,2.58977,20349,518
results/raw/main/hotcold_s224_greedy_seed4.json,hotcold,224,greedy,False,4,448000,8.750,True,2.57969,20220,516
results/raw/main/hotcold_s224_greedy_seed4.json,hotcold,224,greedy,False,4,460800,9.000,True,2.58977,20349,518
results/raw/main/hotcold_s224_greedy_seed4.json,hotcold,224,greedy,False,4,473600,9.250,True,2.60547,20550,521
results/raw/main/hotcold_s224_greedy_seed4.json,hotcold,224,greedy,False,4,486400,9.500,True,2.58398,20275,517
results/raw/main/hotcold_s224_greedy_seed4.json,hotcold,224,greedy,False,4,499200,9.750,True,2.58516,20290,517
results/raw/main/hotcold_s224_greedy_seed4.json,hotcold,224,greedy,False,4,512000,10.000,True,2.60508,20545,521
results/raw/main/hotcold_s224_greedy_seed4.json,hotcold,224,greedy,False,4,524800,10.250,True,2.63648,20947,527
results/raw/main/hotcold_s224_greedy_seed4.json,hotcold,224,greedy,False,4,537600,10.500,True,2.64891,21106,530
results/raw/main/hotcold_s224_greedy_seed4.json,hotcold,224,greedy,False,4,550400,10.750,True,2.615,20672,523
results/raw/main/hotcold_s224_greedy_seed4.json,hotcold,224,greedy,False,4,563200,11.000,True,2.60961,20603,522
results/raw/main/hotcold_s224_greedy_seed4.json,hotcold,224,greedy,False,4,576000,11.250,True,2.6007,20489,520
results/raw/main/hotcold_s224_greedy_seed4.json,hotcold,224,greedy,False,4,588800,11.500,True,2.61437,20664,523
results/raw/main/hotcold_s224_greedy_seed4.json,hotcold,224,greedy,False,4,601600,11.750,True,2.59063,20360,518
results/raw/main/hotcold_s224_greedy_seed4.json,hotcold,224,greedy,False,4,614400,12.000,True,2.65898,21235,532
results/raw/main/hotcold_s224_greedy_seed5.json,hotcold,224,greedy,False,5,12800,0.250,False,1.0,0,0
results/raw/main/hotcold_s224_greedy_seed5.json,hotcold,224,greedy,False,5,25600,0.500,False,1.30781,3940,239
results/raw/main/hotcold_s224_greedy_seed5.json,hotcold,224,greedy,False,5,38400,0.750,False,1.61211,7835,322
results/raw/main/hotcold_s224_greedy_seed5.json,hotcold,224,greedy,False,5,51200,1.000,False,2.10328,14122,421
results/raw/main/hotcold_s224_greedy_seed5.json,hotcold,224,greedy,False,5,64000,1.250,False,2.69117,21647,538
results/raw/main/hotcold_s224_greedy_seed5.json,hotcold,224,greedy,False,5,76800,1.500,False,2.85438,23736,571
results/raw/main/hotcold_s224_greedy_seed5.json,hotcold,224,greedy,False,5,89600,1.750,False,2.76617,22607,553
results/raw/main/hotcold_s224_greedy_seed5.json,hotcold,224,greedy,False,5,102400,2.000,False,2.67852,21485,536
results/raw/main/hotcold_s224_greedy_seed5.json,hotcold,224,greedy,False,5,115200,2.250,False,2.60633,20561,521
results/raw/main/hotcold_s224_greedy_seed5.json,hotcold,224,greedy,False,5,128000,2.500,False,2.57016,20098,514
results/raw/main/hotcold_s224_greedy_seed5.json,hotcold,224,greedy,False,5,140800,2.750,False,2.59375,20400,519
results/raw/main/hotcold_s224_greedy_seed5.json,hotcold,224,greedy,False,5,153600,3.000,False,2.57539,20165,515
results/raw/main/hotcold_s224_greedy_seed5.json,hotcold,224,greedy,False,5,166400,3.250,False,2.60531,20548,521
results/raw/main/hotcold_s224_greedy_seed5.json,hotcold,224,greedy,False,5,179200,3.500,False,2.58398,20275,517
results/raw/main/hotcold_s224_greedy_seed5.json,hotcold,224,greedy,False,5,192000,3.750,False,2.58672,20310,517
results/raw/main/hotcold_s224_greedy_seed5.json,hotcold,224,greedy,False,5,204800,4.000,False,2.59336,20395,519
results/raw/main/hotcold_s224_greedy_seed5.json,hotcold,224,greedy,False,5,217600,4.250,True,2.57523,20163,515
results/raw/main/hotcold_s224_greedy_seed5.json,hotcold,224,greedy,False,5,230400,4.500,True,2.61102,20621,522
results/raw/main/hotcold_s224_greedy_seed5.json,hotcold,224,greedy,False,5,243200,4.750,True,2.60023,20483,520
results/raw/main/hotcold_s224_greedy_seed5.json,hotcold,224,greedy,False,5,256000,5.000,True,2.64438,21048,529
results/raw/main/hotcold_s224_greedy_seed5.json,hotcold,224,greedy,False,5,268800,5.250,True,2.63531,20932,527
results/raw/main/hotcold_s224_greedy_seed5.json,hotcold,224,greedy,False,5,281600,5.500,True,2.59938,20472,520
results/raw/main/hotcold_s224_greedy_seed5.json,hotcold,224,greedy,False,5,294400,5.750,True,2.60438,20536,521
results/raw/main/hotcold_s224_greedy_seed5.json,hotcold,224,greedy,False,5,307200,6.000,True,2.61539,20677,523
results/raw/main/hotcold_s224_greedy_seed5.json,hotcold,224,greedy,False,5,320000,6.250,True,2.64102,21005,528
results/raw/main/hotcold_s224_greedy_seed5.json,hotcold,224,greedy,False,5,332800,6.500,True,2.63484,20926,527
results/raw/main/hotcold_s224_greedy_seed5.json,hotcold,224,greedy,False,5,345600,6.750,True,2.565,20032,513
results/raw/main/hotcold_s224_greedy_seed5.json,hotcold,224,greedy,False,5,358400,7.000,True,2.5843,20279,517
results/raw/main/hotcold_s224_greedy_seed5.json,hotcold,224,greedy,False,5,371200,7.250,True,2.58039,20229,516
results/raw/main/hotcold_s224_greedy_seed5.json,hotcold,224,greedy,False,5,384000,7.500,True,2.61914,20725,524
results/raw/main/hotcold_s224_greedy_seed5.json,hotcold,224,greedy,False,5,396800,7.750,True,2.61141,20626,522
results/raw/main/hotcold_s224_greedy_seed5.json,hotcold,224,greedy,False,5,409600,8.000,True,2.6243,20791,525
results/raw/main/hotcold_s224_greedy_seed5.json,hotcold,224,greedy,False,5,422400,8.250,True,2.58594,20300,517
results/raw/main/hotcold_s224_greedy_seed5.json,hotcold,224,greedy,False,5,435200,8.500,True,2.59992,20479,520
results/raw/main/hotcold_s224_greedy_seed5.json,hotcold,224,greedy,False,5,448000,8.750,True,2.59367,20399,519
results/raw/main/hotcold_s224_greedy_seed5.json,hotcold,224,greedy,False,5,460800,9.000,True,2.59477,20413,519
results/raw/main/hotcold_s224_greedy_seed5.json,hotcold,224,greedy,False,5,473600,9.250,True,2.61664,20693,523
results/raw/main/hotcold_s224_greedy_seed5.json,hotcold,224,greedy,False,5,486400,9.500,True,2.61883,20721,524
results/raw/main/hotcold_s224_greedy_seed5.json,hotcold,224,greedy,False,5,499200,9.750,True,2.6057,20553,521
results/raw/main/hotcold_s224_greedy_seed5.json,hotcold,224,greedy,False,5,512000,10.000,True,2.58937,20344,518
results/raw/main/hotcold_s224_greedy_seed5.json,hotcold,224,greedy,False,5,524800,10.250,True,2.57578,20170,515
results/raw/main/hotcold_s224_greedy_seed5.json,hotcold,224,greedy,False,5,537600,10.500,True,2.59406,20404,519
results/raw/main/hotcold_s224_greedy_seed5.json,hotcold,224,greedy,False,5,550400,10.750,True,2.58469,20284,517
results/raw/main/hotcold_s224_greedy_seed5.json,hotcold,224,greedy,False,5,563200,11.000,True,2.61609,20686,523
results/raw/main/hotcold_s224_greedy_seed5.json,hotcold,224,greedy,False,5,576000,11.250,True,2.63945,20985,528
results/raw/main/hotcold_s224_greedy_seed5.json,hotcold,224,greedy,False,5,588800,11.500,True,2.62938,20856,526
results/raw/main/hotcold_s224_greedy_seed5.json,hotcold,224,greedy,False,5,601600,11.750,True,2.64055,20999,528
results/raw/main/hotcold_s224_greedy_seed5.json,hotcold,224,greedy,False,5,614400,12.000,True,2.61961,20731,524
results/raw/main/hotcold_s72_fifo_seed1.json,hotcold,72,fifo,False,1,15232,0.250,False,1.80569,61361,1126
results/raw/main/hotcold_s72_fifo_seed1.json,hotcold,72,fifo,False,1,30464,0.500,False,8.00105,106640,1904
results/raw/main/hotcold_s72_fifo_seed1.json,hotcold,72,fifo,False,1,45696,0.750,False,7.73438,102578,1841
results/raw/main/hotcold_s72_fifo_seed1.json,hotcold,72,fifo,False,1,60928,1.000,False,7.29871,95942,1737
results/raw/main/hotcold_s72_fifo_seed1.json,hotcold,72,fifo,False,1,76160,1.250,False,7.46258,98438,1776
results/raw/main/hotcold_s72_fifo_seed1.json,hotcold,72,fifo,False,1,91392,1.500,False,7.78532,103354,1853
results/raw/main/hotcold_s72_fifo_seed1.json,hotcold,72,fifo,False,1,106624,1.750,False,7.76083,102981,1847
results/raw/main/hotcold_s72_fifo_seed1.json,hotcold,72,fifo,False,1,121856,2.000,False,7.63419,101052,1817
results/raw/main/hotcold_s72_fifo_seed1.json,hotcold,72,fifo,False,1,137088,2.250,False,7.69774,102020,1832
results/raw/main/hotcold_s72_fifo_seed1.json,hotcold,72,fifo,False,1,152320,2.500,False,7.66695,101551,1825
results/raw/main/hotcold_s72_fifo_seed1.json,hotcold,72,fifo,False,1,167552,2.750,False,7.72315,102407,1838
results/raw/main/hotcold_s72_fifo_seed1.json,hotcold,72,fifo,False,1,182784,3.000,False,7.60156,100555,1809
results/raw/main/hotcold_s72_fifo_seed1.json,hotcold,72,fifo,False,1,198016,3.250,False,7.75105,102832,1845
results/raw/main/hotcold_s72_fifo_seed1.json,hotcold,72,fifo,False,1,213248,3.500,False,7.66905,101583,1825
results/raw/main/hotcold_s72_fifo_seed1.json,hotcold,72,fifo,False,1,228480,3.750,False,7.59677,100482,1808
results/raw/main/hotcold_s72_fifo_seed1.json,hotcold,72,fifo,False,1,243712,4.000,False,7.65894,101429,1823
results/raw/main/hotcold_s72_fifo_seed1.json,hotcold,72,fifo,False,1,258944,4.250,True,7.69354,101956,1831
results/raw/main/hotcold_s72_fifo_seed1.json,hotcold,72,fifo,False,1,274176,4.500,True,7.69682,102006,1832
results/raw/main/hotcold_s72_fifo_seed1.json,hotcold,72,fifo,False,1,289408,4.750,True,7.65225,101327,1821
results/raw/main/hotcold_s72_fifo_seed1.json,hotcold,72,fifo,False,1,304640,5.000,True,7.6466,101241,1820
results/raw/main/hotcold_s72_fifo_seed1.json,hotcold,72,fifo,False,1,319872,5.250,True,7.75249,102854,1845
results/raw/main/hotcold_s72_fifo_seed1.json,hotcold,72,fifo,False,1,335104,5.500,True,7.63879,101122,1818
results/raw/main/hotcold_s72_fifo_seed1.json,hotcold,72,fifo,False,1,350336,5.750,True,7.65533,101374,1822
results/raw/main/hotcold_s72_fifo_seed1.json,hotcold,72,fifo,False,1,365568,6.000,True,7.76024,102972,1847
results/raw/main/hotcold_s72_fifo_seed1.json,hotcold,72,fifo,False,1,380800,6.250,True,7.57543,100157,1803
results/raw/main/hotcold_s72_fifo_seed1.json,hotcold,72,fifo,False,1,396032,6.500,True,7.6812,101768,1828
results/raw/main/hotcold_s72_fifo_seed1.json,hotcold,72,fifo,False,1,411264,6.750,True,7.63373,101045,1817
results/raw/main/hotcold_s72_fifo_seed1.json,hotcold,72,fifo,False,1,426496,7.000,True,7.7649,103043,1848
results/raw/main/hotcold_s72_fifo_seed1.json,hotcold,72,fifo,False,1,441728,7.250,True,7.71054,102215,1835
results/raw/main/hotcold_s72_fifo_seed1.json,hotcold,72,fifo,False,1,456960,7.500,True,7.69315,101950,1831
results/raw/main/hotcold_s72_fifo_seed1.json,hotcold,72,fifo,False,1,472192,7.750,True,7.68927,101891,1830
results/raw/main/hotcold_s72_fifo_seed1.json,hotcold,72,fifo,False,1,487424,8.000,True,7.67161,101622,1826
results/raw/main/hotcold_s72_fifo_seed1.json,hotcold,72,fifo,False,1,502656,8.250,True,7.65211,101325,1821
results/raw/main/hotcold_s72_fifo_seed1.json,hotcold,72,fifo,False,1,517888,8.500,True,7.74783,102783,1844
results/raw/main/hotcold_s72_fifo_seed1.json,hotcold,72,fifo,False,1,533120,8.750,True,7.67647,101696,1827
results/raw/main/hotcold_s72_fifo_seed1.json,hotcold,72,fifo,False,1,548352,9.000,True,7.64292,101185,1819
results/raw/main/hotcold_s72_fifo_seed1.json,hotcold,72,fifo,False,1,563584,9.250,True,7.64227,101175,1819
results/raw/main/hotcold_s72_fifo_seed1.json,hotcold,72,fifo,False,1,578816,9.500,True,7.63038,100994,1816
results/raw/main/hotcold_s72_fifo_seed1.json,hotcold,72,fifo,False,1,594048,9.750,True,7.67693,101703,1827
results/raw/main/hotcold_s72_fifo_seed1.json,hotcold,72,fifo,False,1,609280,10.000,True,7.73523,102591,1841
results/raw/main/hotcold_s72_fifo_seed1.json,hotcold,72,fifo,False,1,624512,10.250,True,7.68776,101868,1830
results/raw/main/hotcold_s72_fifo_seed1.json,hotcold,72,fifo,False,1,639744,10.500,True,7.7198,102356,1837
results/raw/main/hotcold_s72_fifo_seed1.json,hotcold,72,fifo,False,1,654976,10.750,True,7.62191,100865,1814
results/raw/main/hotcold_s72_fifo_seed1.json,hotcold,72,fifo,False,1,670208,11.000,True,7.68894,101886,1830
results/raw/main/hotcold_s72_fifo_seed1.json,hotcold,72,fifo,False,1,685440,11.250,True,7.72643,102457,1839
results/raw/main/hotcold_s72_fifo_seed1.json,hotcold,72,fifo,False,1,700672,11.500,True,7.65172,101319,1821
results/raw/main/hotcold_s72_fifo_seed1.json,hotcold,72,fifo,False,1,715904,11.750,True,7.68389,101809,1829
results/raw/main/hotcold_s72_fifo_seed1.json,hotcold,72,fifo,False,1,731136,12.000,True,7.68599,101841,1829
results/raw/main/hotcold_s72_fifo_seed2.json,hotcold,72,fifo,False,2,15232,0.250,False,1.80653,61425,1127
results/raw/main/hotcold_s72_fifo_seed2.json,hotcold,72,fifo,False,2,30464,0.500,False,8.02534,107010,1910
results/raw/main/hotcold_s72_fifo_seed2.json,hotcold,72,fifo,False,2,45696,0.750,False,7.66899,101582,1825
results/raw/main/hotcold_s72_fifo_seed2.json,hotcold,72,fifo,False,2,60928,1.000,False,7.29819,95934,1737
results/raw/main/hotcold_s72_fifo_seed2.json,hotcold,72,fifo,False,2,76160,1.250,False,7.44111,98111,1771
results/raw/main/hotcold_s72_fifo_seed2.json,hotcold,72,fifo,False,2,91392,1.500,False,7.7437,102720,1843
results/raw/main/hotcold_s72_fifo_seed2.json,hotcold,72,fifo,False,2,106624,1.750,False,7.78066,103283,1852
results/raw/main/hotcold_s72_fifo_seed2.json,hotcold,72,fifo,False,2,121856,2.000,False,7.66886,101580,1825
results/raw/main/hotcold_s72_fifo_seed2.json,hotcold,72,fifo,False,2,137088,2.250,False,7.6011,100548,1809
results/raw/main/hotcold_s72_fifo_seed2.json,hotcold,72,fifo,False,2,152320,2.500,False,7.66807,101568,1825
results/raw/main/hotcold_s72_fifo_seed2.json,hotcold,72,fifo,False,2,167552,2.750,False,7.7007,102065,1833
results/raw/main/hotcold_s72_fifo_seed2.json,hotcold,72,fifo,False,2,182784,3.000,False,7.63951,101133,1818
results/raw/main/hotcold_s72_fifo_seed2.json,hotcold,72,fifo,False,2,198016,3.250,False,7.71842,102335,1837
results/raw/main/hotcold_s72_fifo_seed2.json,hotcold,72,fifo,False,2,213248,3.500,False,7.69347,101955,1831
results/raw/main/hotcold_s72_fifo_seed2.json,hotcold,72,fifo,False,2,228480,3.750,False,7.6678,101564,1825
results/raw/main/hotcold_s72_fifo_seed2.json,hotcold,72,fifo,False,2,243712,4.000,False,7.73556,102596,1841
results/raw/main/hotcold_s72_fifo_seed2.json,hotcold,72,fifo,False,2,258944,4.250,True,7.7433,102714,1843
results/raw/main/hotcold_s72_fifo_seed2.json,hotcold,72,fifo,False,2,274176,4.500,True,7.61358,100738,1812
results/raw/main/hotcold_s72_fifo_seed2.json,hotcold,72,fifo,False,2,289408,4.750,True,7.71868,102339,1837
results/raw/main/hotcold_s72_fifo_seed2.json,hotcold,72,fifo,False,2,304640,5.000,True,7.69275,101944,1831
results/raw/main/hotcold_s72_fifo_seed2.json,hotcold,72,fifo,False,2,319872,5.250,True,7.70221,102088,1833
results/raw/main/hotcold_s72_fifo_seed2.json,hotcold,72,fifo,False,2,335104,5.500,True,7.65513,101371,1822
results/raw/main/hotcold_s72_fifo_seed2.json,hotcold,72,fifo,False,2,350336,5.750,True,7.60537,100613,1810
results/raw/main/hotcold_s72_fifo_seed2.json,hotcold,72,fifo,False,2,365568,6.000,True,7.68054,101758,1828
results/raw/main/hotcold_s72_fifo_seed2.json,hotcold,72,fifo,False,2,380800,6.250,True,7.69334,101953,1831
results/raw/main/hotcold_s72_fifo_seed2.json,hotcold,72,fifo,False,2,396032,6.500,True,7.73411,102574,1841
results/raw/main/hotcold_s72_fifo_seed2.json,hotcold,72,fifo,False,2,411264,6.750,True,7.66892,101581,1825
results/raw/main/hotcold_s72_fifo_seed2.json,hotcold,72,fifo,False,2,426496,7.000,True,7.64292,101185,1819
results/raw/main/hotcold_s72_fifo_seed2.json,hotcold,72,fifo,False,2,441728,7.250,True,7.70175,102081,1833
results/raw/main/hotcold_s72_fifo_seed2.json,hotcold,72,fifo,False,2,456960,7.500,True,7.70483,102128,1834
results/raw/main/hotcold_s72_fifo_seed2.json,hotcold,72,fifo,False,2,472192,7.750,True,7.6185,100813,1813
results/raw/main/hotcold_s72_fifo_seed2.json,hotcold,72,fifo,False,2,487424,8.000,True,7.67601,101689,1827
results/raw/main/hotcold_s72_fifo_seed2.json,hotcold,72,fifo,False,2,502656,8.250,True,7.64286,101184,1819
results/raw/main/hotcold_s72_fifo_seed2.json,hotcold,72,fifo,False,2,517888,8.500,True,7.62277,100878,1814
results/raw/main/hotcold_s72_fifo_seed2.json,hotcold,72,fifo,False,2,533120,8.750,True,7.69315,101950,1831
results/raw/main/hotcold_s72_fifo_seed2.json,hotcold,72,fifo,False,2,548352,9.000,True,7.66826,101571,1825
results/raw/main/hotcold_s72_fifo_seed2.json,hotcold,72,fifo,False,2,563584,9.250,True,7.72249,102397,1838
results/raw/main/hotcold_s72_fifo_seed2.json,hotcold,72,fifo,False,2,578816,9.500,True,7.73963,102658,1842
results/raw/main/hotcold_s72_fifo_seed2.json,hotcold,72,fifo,False,2,594048,9.750,True,7.60445,100599,1810
results/raw/main/hotcold_s72_fifo_seed2.json,hotcold,72,fifo,False,2,609280,10.000,True,7.70916,102194,1835
results/raw/main/hotcold_s72_fifo_seed2.json,hotcold,72,fifo,False,2,624512,10.250,True,7.69065,101912,1830
results/raw/main/hotcold_s72_fifo_seed2.json,hotcold,72,fifo,False,2,639744,10.500,True,7.70582,102143,1834
results/raw/main/hotcold_s72_fifo_seed2.json,hotcold,72,fifo,False,2,654976,10.750,True,7.72249,102397,1838
results/raw/main/hotcold_s72_fifo_seed2.json,hotcold,72,fifo,False,2,670208,11.000,True,7.68074,101761,1828
results/raw/main/hotcold_s72_fifo_seed2.json,hotcold,72,fifo,False,2,685440,11.250,True,7.70155,102078,1833
results/raw/main/hotcold_s72_fifo_seed2.json,hotcold,72,fifo,False,2,700672,11.500,True,7.73011,102513,1840
results/raw/main/hotcold_s72_fifo_seed2.json,hotcold,72,fifo,False,2,715904,11.750,True,7.63157,101012,1816
results/raw/main/hotcold_s72_fifo_seed2.json,hotcold,72,fifo,False,2,731136,12.000,True,7.66387,101504,1824
results/raw/main/hotcold_s72_fifo_seed3.json,hotcold,72,fifo,False,3,15232,0.250,False,1.80827,61558,1129
results/raw/main/hotcold_s72_fifo_seed3.json,hotcold,72,fifo,False,3,30464,0.500,False,8.0583,107512,1918
results/raw/main/hotcold_s72_fifo_seed3.json,hotcold,72,fifo,False,3,45696,0.750,False,7.72788,102479,1839
results/raw/main/hotcold_s72_fifo_seed3.json,hotcold,72,fifo,False,3,60928,1.000,False,7.33206,96450,1745
results/raw/main/hotcold_s72_fifo_seed3.json,hotcold,72,fifo,False,3,76160,1.250,False,7.43711,98050,1770
results/raw/main/hotcold_s72_fifo_seed3.json,hotcold,72,fifo,False,3,91392,1.500,False,7.66367,101501,1824
results/raw/main/hotcold_s72_fifo_seed3.json,hotcold,72,fifo,False,3,106624,1.750,False,7.71028,102211,1835
results/raw/main/hotcold_s72_fifo_seed3.json,hotcold,72,fifo,False,3,121856,2.000,False,7.62585,100925,1815
results/raw/main/hotcold_s72_fifo_seed3.json,hotcold,72,fifo,False,3,137088,2.250,False,7.55364,99825,1798
results/raw/main/hotcold_s72_fifo_seed3.json,hotcold,72,fifo,False,3,152320,2.500,False,7.69019,101905,1830
results/raw/main/hotcold_s72_fifo_seed3.json,hotcold,72,fifo,False,3,167552,2.750,False,7.65119,101311,1821
results/raw/main/hotcold_s72_fifo_seed3.json,hotcold,72,fifo,False,3,182784,3.000,False,7.63866,101120,1818
results/raw/main/hotcold_s72_fifo_seed3.json,hotcold,72,fifo,False,3,198016,3.250,False,7.70168,102080,1833
results/raw/main/hotcold_s72_fifo_seed3.json,hotcold,72,fifo,False,3,213248,3.500,False,7.70575,102142,1834
results/raw/main/hotcold_s72_fifo_seed3.json,hotcold,72,fifo,False,3,228480,3.750,False,7.63465,101059,1817
results/raw/main/hotcold_s72_fifo_seed3.json,hotcold,72,fifo,False,3,243712,4.000,False,7.68048,101757,1828
results/raw/main/hotcold_s72_fifo_seed3.json,hotcold,72,fifo,False,3,258944,4.250,True,7.59651,100478,1808
results/raw/main/hotcold_s72_fifo_seed3.json,hotcold,72,fifo,False,3,274176,4.500,True,7.64312,101188,1819
results/raw/main/hotcold_s72_fifo_seed3.json,hotcold,72,fifo,False,3,289408,4.750,True,7.68501,101826,1829
results/raw/main/hotcold_s72_fifo_seed3.json,hotcold,72,fifo,False,3,304640,5.000,True,7.70129,102074,1833
results/raw/main/hotcold_s72_fifo_seed3.json,hotcold,72,fifo,False,3,319872,5.250,True,7.65572,101380,1822
results/raw/main/hotcold_s72_fifo_seed3.json,hotcold,72,fifo,False,3,335104,5.500,True,7.66393,101505,1824
results/raw/main/hotcold_s72_fifo_seed3.json,hotcold,72,fifo,False,3,350336,5.750,True,7.74232,102699,1843
results/raw/main/hotcold_s72_fifo_seed3.json,hotcold,72,fifo,False,3,365568,6.000,True,7.73175,102538,1840
results/raw/main/hotcold_s72_fifo_seed3.json,hotcold,72,fifo,False,3,380800,6.250,True,7.68566,101836,1829
results/raw/main/hotcold_s72_fifo_seed3.json,hotcold,72,fifo,False,3,396032,6.500,True,7.70962,102201,1835
results/raw/main/hotcold_s72_fifo_seed3.json,hotcold,72,fifo,False,3,411264,6.750,True,7.65973,101441,1823
results/raw/main/hotcold_s72_fifo_seed3.json,hotcold,72,fifo,False,3,426496,7.000,True,7.71875,102340,1837
results/raw/main/hotcold_s72_fifo_seed3.json,hotcold,72,fifo,False,3,441728,7.250,True,7.66807,101568,1825
results/raw/main/hotcold_s72_fifo_seed3.json,hotcold,72,fifo,False,3,456960,7.500,True,7.66715,101554,1825
results/raw/main/hotcold_s72_fifo_seed3.json,hotcold,72,fifo,False,3,472192,7.750,True,7.64791,101261,1820
results/raw/main/hotcold_s72_fifo_seed3.json,hotcold,72,fifo,False,3,487424,8.000,True,7.67247,101635,1826
results/raw/main/hotcold_s72_fifo_seed3.json,hotcold,72,fifo,False,3,502656,8.250,True,7.65507,101370,1822
results/raw/main/hotcold_s72_fifo_seed3.json,hotcold,72,fifo,False,3,517888,8.500,True,7.65966,101440,1823
results/raw/main/hotcold_s72_fifo_seed3.json,hotcold,72,fifo,False,3,533120,8.750,True,7.63793,101109,1818
results/raw/main/hotcold_s72_fifo_seed3.json,hotcold,72,fifo,False,3,548352,9.000,True,7.66078,101457,1823
results/raw/main/hotcold_s72_fifo_seed3.json,hotcold,72,fifo,False,3,563584,9.250,True,7.64699,101247,1820
results/raw/main/hotcold_s72_fifo_seed3.json,hotcold,72,fifo,False,3,578816,9.500,True,7.74304,102710,1843
results/raw/main/hotcold_s72_fifo_seed3.json,hotcold,72,fifo,False,3,594048,9.750,True,7.66012,101447,1823
results/raw/main/hotcold_s72_fifo_seed3.json,hotcold,72,fifo,False,3,609280,10.000,True,7.70969,102202,1835
results/raw/main/hotcold_s72_fifo_seed3.json,hotcold,72,fifo,False,3,624512,10.250,True,7.70523,102134,1834
results/raw/main/hotcold_s72_fifo_seed3.json,hotcold,72,fifo,False,3,639744,10.500,True,7.66025,101449,1823
results/raw/main/hotcold_s72_fifo_seed3.json,hotcold,72,fifo,False,3,654976,10.750,True,7.66341,101497,1824
results/raw/main/hotcold_s72_fifo_seed3.json,hotcold,72,fifo,False,3,670208,11.000,True,7.69866,102034,1832
results/raw/main/hotcold_s72_fifo_seed3.json,hotcold,72,fifo,False,3,685440,11.250,True,7.72669,102461,1839
results/raw/main/hotcold_s72_fifo_seed3.json,hotcold,72,fifo,False,3,700672,11.500,True,7.65119,101311,1821
results/raw/main/hotcold_s72_fifo_seed3.json,hotcold,72,fifo,False,3,715904,11.750,True,7.70529,102135,1834
results/raw/main/hotcold_s72_fifo_seed3.json,hotcold,72,fifo,False,3,731136,12.000,True,7.71514,102285,1836
results/raw/main/hotcold_s72_fifo_seed4.json,hotcold,72,fifo,False,4,15232,0.250,False,1.80826,61557,1129
results/raw/main/hotcold_s72_fifo_seed4.json,hotcold,72,fifo,False,4,30464,0.500,False,8.05049,107393,1916
results/raw/main/hotcold_s72_fifo_seed4.json,hotcold,72,fifo,False,4,45696,0.750,False,7.71461,102277,1836
results/raw/main/hotcold_s72_fifo_seed4.json,hotcold,72,fifo,False,4,60928,1.000,False,7.21015,94593,1716
results/raw/main/hotcold_s72_fifo_seed4.json,hotcold,72,fifo,False,4,76160,1.250,False,7.45372,98303,1774
results/raw/main/hotcold_s72_fifo_seed4.json,hotcold,72,fifo,False,4,91392,1.500,False,7.70989,102205,1835
results/raw/main/hotcold_s72_fifo_seed4.json,hotcold,72,fifo,False,4,106624,1.750,False,7.7651,103046,1848
results/raw/main/hotcold_s72_fifo_seed4.json,hotcold,72,fifo,False,4,121856,2.000,False,7.64614,101234,1820
results/raw/main/hotcold_s72_fifo_seed4.json,hotcold,72,fifo,False,4,137088,2.250,False,7.61443,100751,1812
results/raw/main/hotcold_s72_fifo_seed4.json,hotcold,72,fifo,False,4,152320,2.500,False,7.73497,102587,1841
results/raw/main/hotcold_s72_fifo_seed4.json,hotcold,72,fifo,False,4,167552,2.750,False,7.71008,102208,1835
results/raw/main/hotcold_s72_fifo_seed4.json,hotcold,72,fifo,False,4,182784,3.000,False,7.70601,102146,1834
results/raw/main/hotcold_s72_fifo_seed4.json,hotcold,72,fifo,False,4,198016,3.250,False,7.64273,101182,1819
results/raw/main/hotcold_s72_fifo_seed4.json,hotcold,72,fifo,False,4,213248,3.500,False,7.68914,101889,1830
results/raw/main/hotcold_s72_fifo_seed4.json,hotcold,72,fifo,False,4,228480,3.750,False,7.67168,101623,1826
results/raw/main/hotcold_s72_fifo_seed4.json,hotcold,72,fifo,False,4,243712,4.000,False,7.62559,100921,1815
results/raw/main/hotcold_s72_fifo_seed4.json,hotcold,72,fifo,False,4,258944,4.250,True,7.64417,101204,1819
results/raw/main/hotcold_s72_fifo_seed4.json,hotcold,72,fifo,False,4,274176,4.500,True,7.7261,102452,1839
results/raw/main/hotcold_s72_fifo_seed4.json,hotcold,72,fifo,False,4,289408,4.750,True,7.59749,100493,1808
results/raw/main/hotcold_s72_fifo_seed4.json,hotcold,72,fifo,False,4,304640,5.000,True,7.69748,102016,1832
results/raw/main/hotcold_s72_fifo_seed4.json,hotcold,72,fifo,False,4,319872,5.250,True,7.65901,101430,1823
results/raw/main/hotcold_s72_fifo_seed4.json,hotcold,72,fifo,False,4,335104,5.500,True,7.65612,101386,1822
results/raw/main/hotcold_s72_fifo_seed4.json,hotcold,72,fifo,False,4,350336,5.750,True,7.66288,101489,1824
results/raw/main/hotcold_s72_fifo_seed4.json,hotcold,72,fifo,False,4,365568,6.000,True,7.68967,101897,1830
results/raw/main/hotcold_s72_fifo_seed4.json,hotcold,72,fifo,False,4,380800,6.250,True,7.65067,101303,1821
results/raw/main/hotcold_s72_fifo_seed4.json,hotcold,72,fifo,False,4,396032,6.500,True,7.67253,101636,1826
results/raw/main/hotcold_s72_fifo_seed4.json,hotcold,72,fifo,False,4,411264,6.750,True,7.62992,100987,1816
results/raw/main/hotcold_s72_fifo_seed4.json,hotcold,72,fifo,False,4,426496,7.000,True,7.65638,101390,1822
results/raw/main/hotcold_s72_fifo_seed4.json,hotcold,72,fifo,False,4,441728,7.250,True,7.64292,101185,1819
results/raw/main/hotcold_s72_fifo_seed4.json,hotcold,72,fifo,False,4,456960,7.500,True,7.65953,101438,1823
results/raw/main/hotcold_s72_fifo_seed4.json,hotcold,72,fifo,False,4,472192,7.750,True,7.67667,101699,1827
results/raw/main/hotcold_s72_fifo_seed4.json,hotcold,72,fifo,False,4,487424,8.000,True,7.72597,102450,1839
results/raw/main/hotcold_s72_fifo_seed4.json,hotcold,72,fifo,False,4,502656,8.250,True,7.64378,101198,1819
results/raw/main/hotcold_s72_fifo_seed4.json,hotcold,72,fifo,False,4,517888,8.500,True,7.70595,102145,1834
results/raw/main/hotcold_s72_fifo_seed4.json,hotcold,72,fifo,False,4,533120,8.750,True,7.6596,101439,1823
results/raw/main/hotcold_s72_fifo_seed4.json,hotcold,72,fifo,False,4,548352,9.000,True,7.73529,102592,1841
results/raw/main/hotcold_s72_fifo_seed4.json,hotcold,72,fifo,False,4,563584,9.250,True,7.73877,102645,1842
results/raw/main/hotcold_s72_fifo_seed4.json,hotcold,72,fifo,False,4,578816,9.500,True,7.62612,100929,1815
results/raw/main/hotcold_s72_fifo_seed4.json,hotcold,72,fifo,False,4,594048,9.750,True,7.70647,102153,1834
results/raw/main/hotcold_s72_fifo_seed4.json,hotcold,72,fifo,False,4,609280,10.000,True,7.60071,100542,1809
results/raw/main/hotcold_s72_fifo_seed4.json,hotcold,72,fifo,False,4,624512,10.250,True,7.63754,101103,1818
results/raw/main/hotcold_s72_fifo_seed4.json,hotcold,72,fifo,False,4,639744,10.500,True,7.73241,102548,1840
results/raw/main/hotcold_s72_fifo_seed4.json,hotcold,72,fifo,False,4,654976,10.750,True,7.64706,101248,1820
results/raw/main/hotcold_s72_fifo_seed4.json,hotcold,72,fifo,False,4,670208,11.000,True,7.72689,102464,1839
results/raw/main/hotcold_s72_fifo_seed4.json,hotcold,72,fifo,False,4,685440,11.250,True,7.6961,101995,1832
results/raw/main/hotcold_s72_fifo_seed4.json,hotcold,72,fifo,False,4,700672,11.500,True,7.63124,101007,1816
results/raw/main/hotcold_s72_fifo_seed4.json,hotcold,72,fifo,False,4,715904,11.750,True,7.74783,102783,1844
results/raw/main/hotcold_s72_fifo_seed4.json,hotcold,72,fifo,False,4,731136,12.000,True,7.62625,100931,1815
results/raw/main/hotcold_s72_fifo_seed5.json,hotcold,72,fifo,False,5,15232,0.250,False,1.79991,60921,1119
results/raw/main/hotcold_s72_fifo_seed5.json,hotcold,72,fifo,False,5,30464,0.500,False,8.02882,107063,1911
results/raw/main/hotcold_s72_fifo_seed5.json,hotcold,72,fifo,False,5,45696,0.750,False,7.71842,102335,1837
results/raw/main/hotcold_s72_fifo_seed5.json,hotcold,72,fifo,False,5,60928,1.000,False,7.3748,97101,1755
results/raw/main/hotcold_s72_fifo_seed5.json,hotcold,72,fifo,False,5,76160,1.250,False,7.40362,97540,1762
results/raw/main/hotcold_s72_fifo_seed5.json,hotcold,72,fifo,False,5,91392,1.500,False,7.81926,103871,1861
results/raw/main/hotcold_s72_fifo_seed5.json,hotcold,72,fifo,False,5,106624,1.750,False,7.77744,103234,1851
results/raw/main/hotcold_s72_fifo_seed5.json,hotcold,72,fifo,False,5,121856,2.000,False,7.65113,101310,1821
results/raw/main/hotcold_s72_fifo_seed5.json,hotcold,72,fifo,False,5,137088,2.250,False,7.62579,100924,1815
results/raw/main/hotcold_s72_fifo_seed5.json,hotcold,72,fifo,False,5,152320,2.500,False,7.70194,102084,1833
results/raw/main/hotcold_s72_fifo_seed5.json,hotcold,72,fifo,False,5,167552,2.750,False,7.69761,102018,1832
results/raw/main/hotcold_s72_fifo_seed5.json,hotcold,72,fifo,False,5,182784,3.000,False,7.68041,101756,1828
results/raw/main/hotcold_s72_fifo_seed5.json,hotcold,72,fifo,False,5,198016,3.250,False,7.69347,101955,1831
results/raw/main/hotcold_s72_fifo_seed5.json,hotcold,72,fifo,False,5,213248,3.500,False,7.64647,101239,1820
results/raw/main/hotcold_s72_fifo_seed5.json,hotcold,72,fifo,False,5,228480,3.750,False,7.6812,101768,1828
results/raw/main/hotcold_s72_fifo_seed5.json,hotcold,72,fifo,False,5,243712,4.000,False,7.75591,102906,1846
results/raw/main/hotcold_s72_fifo_seed5.json,hotcold,72,fifo,False,5,258944,4.250,True,7.64279,101183,1819
results/raw/main/hotcold_s72_fifo_seed5.json,hotcold,72,fifo,False,5,274176,4.500,True,7.76904,103106,1849
results/raw/main/hotcold_s72_fifo_seed5.json,hotcold,72,fifo,False,5,289408,4.750,True,7.60025,100535,1809
results/raw/main/hotcold_s72_fifo_seed5.json,hotcold,72,fifo,False,5,304640,5.000,True,7.66899,101582,1825
results/raw/main/hotcold_s72_fifo_seed5.json,hotcold,72,fifo,False,5,319872,5.250,True,7.61758,100799,1813
results/raw/main/hotcold_s72_fifo_seed5.json,hotcold,72,fifo,False,5,335104,5.500,True,7.67634,101694,1827
results/raw/main/hotcold_s72_fifo_seed5.json,hotcold,72,fifo,False,5,350336,5.750,True,7.73536,102593,1841
results/raw/main/hotcold_s72_fifo_seed5.json,hotcold,72,fifo,False,5,365568,6.000,True,7.66413,101508,1824
results/raw/main/hotcold_s72_fifo_seed5.json,hotcold,72,fifo,False,5,380800,6.250,True,7.68888,101885,1830
results/raw/main/hotcold_s72_fifo_seed5.json,hotcold,72,fifo,False,5,396032,6.500,True,7.71862,102338,1837
results/raw/main/hotcold_s72_fifo_seed5.json,hotcold,72,fifo,False,5,411264,6.750,True,7.61331,100734,1812
results/raw/main/hotcold_s72_fifo_seed5.json,hotcold,72,fifo,False,5,426496,7.000,True,7.65454,101362,1822
results/raw/main/hotcold_s72_fifo_seed5.json,hotcold,72,fifo,False,5,441728,7.250,True,7.7028,102097,1833
results/raw/main/hotcold_s72_fifo_seed5.json,hotcold,72,fifo,False,5,456960,7.500,True,7.6378,101107,1818
results/raw/main/hotcold_s72_fifo_seed5.json,hotcold,72,fifo,False,5,472192,7.750,True,7.76425,103033,1848
results/raw/main/hotcold_s72_fifo_seed5.json,hotcold,72,fifo,False,5,487424,8.000,True,7.66518,101524,1824
results/raw/main/hotcold_s72_fifo_seed5.json,hotcold,72,fifo,False,5,502656,8.250,True,7.6466,101241,1820
results/raw/main/hotcold_s72_fifo_seed5.json,hotcold,72,fifo,False,5,517888,8.500,True,7.6598,101442,1823
results/raw/main/hotcold_s72_fifo_seed5.json,hotcold,72,fifo,False,5,533120,8.750,True,7.67247,101635,1826
results/raw/main/hotcold_s72_fifo_seed5.json,hotcold,72,fifo,False,5,548352,9.000,True,7.64673,101243,1820
results/raw/main/hotcold_s72_fifo_seed5.json,hotcold,72,fifo,False,5,563584,9.250,True,7.71429,102272,1836
results/raw/main/hotcold_s72_fifo_seed5.json,hotcold,72,fifo,False,5,578816,9.500,True,7.63065,100998,1816
results/raw/main/hotcold_s72_fifo_seed5.json,hotcold,72,fifo,False,5,594048,9.750,True,7.63426,101053,1817
results/raw/main/hotcold_s72_fifo_seed5.json,hotcold,72,fifo,False,5,609280,10.000,True,7.69347,101955,1831
results/raw/main/hotcold_s72_fifo_seed5.json,hotcold,72,fifo,False,5,624512,10.250,True,7.71363,102262,1836
results/raw/main/hotcold_s72_fifo_seed5.json,hotcold,72,fifo,False,5,639744,10.500,True,7.65507,101370,1822
results/raw/main/hotcold_s72_fifo_seed5.json,hotcold,72,fifo,False,5,654976,10.750,True,7.69807,102025,1832
results/raw/main/hotcold_s72_fifo_seed5.json,hotcold,72,fifo,False,5,670208,11.000,True,7.68908,101888,1830
results/raw/main/hotcold_s72_fifo_seed5.json,hotcold,72,fifo,False,5,685440,11.250,True,7.68113,101767,1828
results/raw/main/hotcold_s72_fifo_seed5.json,hotcold,72,fifo,False,5,700672,11.500,True,7.71822,102332,1837
results/raw/main/hotcold_s72_fifo_seed5.json,hotcold,72,fifo,False,5,715904,11.750,True,7.63465,101059,1817
results/raw/main/hotcold_s72_fifo_seed5.json,hotcold,72,fifo,False,5,731136,12.000,True,7.62198,100866,1814
results/raw/main/hotcold_s72_greedy_seed1.json,hotcold,72,greedy,False,1,15232,0.250,False,1.32345,24634,552
results/raw/main/hotcold_s72_greedy_seed1.json,hotcold,72,greedy,False,1,30464,0.500,False,6.91616,90115,1646
results/raw/main/hotcold_s72_greedy_seed1.json,hotcold,72,greedy,False,1,45696,0.750,False,6.99186,91268,1664
results/raw/main/hotcold_s72_greedy_seed1.json,hotcold,72,greedy,False,1,60928,1.000,False,6.86962,89406,1635
results/raw/main/hotcold_s72_greedy_seed1.json,hotcold,72,greedy,False,1,76160,1.250,False,6.9157,90108,1646
results/raw/main/hotcold_s72_greedy_seed1.json,hotcold,72,greedy,False,1,91392,1.500,False,6.73109,87296,1602
results/raw/main/hotcold_s72_greedy_seed1.json,hotcold,72,greedy,False,1,106624,1.750,False,6.81959,88644,1623
results/raw/main/hotcold_s72_greedy_seed1.json,hotcold,72,greedy,False,1,121856,2.000,False,6.78132,88061,1614
results/raw/main/hotcold_s72_greedy_seed1.json,hotcold,72,greedy,False,1,137088,2.250,False,6.87001,89412,1635
results/raw/main/hotcold_s72_greedy_seed1.json,hotcold,72,greedy,False,1,152320,2.500,False,6.68481,86591,1591
results/raw/main/hotcold_s72_greedy_seed1.json,hotcold,72,greedy,False,1,167552,2.750,False,6.71809,87098,1599
results/raw/main/hotcold_s72_greedy_seed1.json,hotcold,72,greedy,False,1,182784,3.000,False,6.9287,90306,1649
results/raw/main/hotcold_s72_greedy_seed1.json,hotcold,72,greedy,False,1,198016,3.250,False,6.79832,88320,1618
results/raw/main/hotcold_s72_greedy_seed1.json,hotcold,72,greedy,False,1,213248,3.500,False,6.85281,89150,1631
results/raw/main/hotcold_s72_greedy_seed1.json,hotcold,72,greedy,False,1,228480,3.750,False,6.76077,87748,1609
results/raw/main/hotcold_s72_greedy_seed1.json,hotcold,72,greedy,False,1,243712,4.000,False,6.77731,88000,1613
results/raw/main/hotcold_s72_greedy_seed1.json,hotcold,72,greedy,False,1,258944,4.250,True,6.78164,88066,1614
results/raw/main/hotcold_s72_greedy_seed1.json,hotcold,72,greedy,False,1,274176,4.500,True,6.8274,88763,1625
results/raw/main/hotcold_s72_greedy_seed1.json,hotcold,72,greedy,False,1,289408,4.750,True,6.79431,88259,1617
results/raw/main/hotcold_s72_greedy_seed1.json,hotcold,72,greedy,False,1,304640,5.000,True,6.74396,87492,1605
results/raw/main/hotcold_s72_greedy_seed1.json,hotcold,72,greedy,False,1,319872,5.250,True,6.79379,88251,1617
results/raw/main/hotcold_s72_greedy_seed1.json,hotcold,72,greedy,False,1,335104,5.500,True,6.81106,88514,1621
results/raw/main/hotcold_s72_greedy_seed1.json,hotcold,72,greedy,False,1,350336,5.750,True,6.83174,88829,1626
results/raw/main/hotcold_s72_greedy_seed1.json,hotcold,72,greedy,False,1,365568,6.000,True,6.67634,86462,1589
results/raw/main/hotcold_s72_greedy_seed1.json,hotcold,72,greedy,False,1,380800,6.250,True,6.81092,88512,1621
results/raw/main/hotcold_s72_greedy_seed1.json,hotcold,72,greedy,False,1,396032,6.500,True,6.77357,87943,1612
results/raw/main/hotcold_s72_greedy_seed1.json,hotcold,72,greedy,False,1,411264,6.750,True,6.82727,88761,1625
results/raw/main/hotcold_s72_greedy_seed1.json,hotcold,72,greedy,False,1,426496,7.000,True,6.73963,87426,1604
results/raw/main/hotcold_s72_greedy_seed1.json,hotcold,72,greedy,False,1,441728,7.250,True,6.80705,88453,1620
results/raw/main/hotcold_s72_greedy_seed1.json,hotcold,72,greedy,False,1,456960,7.500,True,6.73063,87289,1602
results/raw/main/hotcold_s72_greedy_seed1.json,hotcold,72,greedy,False,1,472192,7.750,True,6.86154,89283,1633
results/raw/main/hotcold_s72_greedy_seed1.json,hotcold,72,greedy,False,1,487424,8.000,True,6.77311,87936,1612
results/raw/main/hotcold_s72_greedy_seed1.json,hotcold,72,greedy,False,1,502656,8.250,True,6.84907,89093,1630
results/raw/main/hotcold_s72_greedy_seed1.json,hotcold,72,greedy,False,1,517888,8.500,True,6.72236,87163,1600
results/raw/main/hotcold_s72_greedy_seed1.json,hotcold,72,greedy,False,1,533120,8.750,True,6.87402,89473,1636
results/raw/main/hotcold_s72_greedy_seed1.json,hotcold,72,greedy,False,1,548352,9.000,True,6.69761,86786,1594
results/raw/main/hotcold_s72_greedy_seed1.json,hotcold,72,greedy,False,1,563584,9.250,True,6.80639,88443,1620
results/raw/main/hotcold_s72_greedy_seed1.json,hotcold,72,greedy,False,1,578816,9.500,True,6.83607,88895,1627
results/raw/main/hotcold_s72_greedy_seed1.json,hotcold,72,greedy,False,1,594048,9.750,True,6.70181,86850,1595
results/raw/main/hotcold_s72_greedy_seed1.json,hotcold,72,greedy,False,1,609280,10.000,True,6.75637,87681,1608
results/raw/main/hotcold_s72_greedy_seed1.json,hotcold,72,greedy,False,1,624512,10.250,True,6.86167,89285,1633
results/raw/main/hotcold_s72_greedy_seed1.json,hotcold,72,greedy,False,1,639744,10.500,True,6.78132,88061,1614
results/raw/main/hotcold_s72_greedy_seed1.json,hotcold,72,greedy,False,1,654976,10.750,True,6.85307,89154,1631
results/raw/main/hotcold_s72_greedy_seed1.json,hotcold,72,greedy,False,1,670208,11.000,True,6.86981,89409,1635
results/raw/main/hotcold_s72_greedy_seed1.json,hotcold,72,greedy,False,1,685440,11.250,True,6.85274,89149,1631
results/raw/main/hotcold_s72_greedy_seed1.json,hotcold,72,greedy,False,1,700672,11.500,True,6.72282,87170,1600
results/raw/main/hotcold_s72_greedy_seed1.json,hotcold,72,greedy,False,1,715904,11.750,True,6.92411,90236,1648
results/raw/main/hotcold_s72_greedy_seed1.json,hotcold,72,greedy,False,1,731136,12.000,True,6.7521,87616,1607
results/raw/main/hotcold_s72_greedy_seed2.json,hotcold,72,greedy,False,2,15232,0.250,False,1.31922,24312,547
results/raw/main/hotcold_s72_greedy_seed2.json,hotcold,72,greedy,False,2,30464,0.500,False,6.79445,88261,1617
results/raw/main/hotcold_s72_greedy_seed2.json,hotcold,72,greedy,False,2,45696,0.750,False,6.92877,90307,1649
results/raw/main/hotcold_s72_greedy_seed2.json,hotcold,72,greedy,False,2,60928,1.000,False,6.56677,84793,1563
results/raw/main/hotcold_s72_greedy_seed2.json,hotcold,72,greedy,False,2,76160,1.250,False,6.849,89092,1630
results/raw/main/hotcold_s72_greedy_seed2.json,hotcold,72,greedy,False,2,91392,1.500,False,6.63866,85888,1580
results/raw/main/hotcold_s72_greedy_seed2.json,hotcold,72,greedy,False,2,106624,1.750,False,6.85701,89214,1632
results/raw/main/hotcold_s72_greedy_seed2.json,hotcold,72,greedy,False,2,121856,2.000,False,6.84441,89022,1629
results/raw/main/hotcold_s72_greedy_seed2.json,hotcold,72,greedy,False,2,137088,2.250,False,6.93724,90436,1651
results/raw/main/hotcold_s72_greedy_seed2.json,hotcold,72,greedy,False,2,152320,2.500,False,6.77304,87935,1612
results/raw/main/hotcold_s72_greedy_seed2.json,hotcold,72,greedy,False,2,167552,2.750,False,6.87815,89536,1637
results/raw/main/hotcold_s72_greedy_seed2.json,hotcold,72,greedy,False,2,182784,3.000,False,6.83646,88901,1627
results/raw/main/hotcold_s72_greedy_seed2.json,hotcold,72,greedy,False,2,198016,3.250,False,6.73096,87294,1602
results/raw/main/hotcold_s72_greedy_seed2.json,hotcold,72,greedy,False,2,213248,3.500,False,6.79379,88251,1617
results/raw/main/hotcold_s72_greedy_seed2.json,hotcold,72,greedy,False,2,228480,3.750,False,6.7691,87875,1611
results/raw/main/hotcold_s72_greedy_seed2.json,hotcold,72,greedy,False,2,243712,4.000,False,6.67214,86398,1588
results/raw/main/hotcold_s72_greedy_seed2.json,hotcold,72,greedy,False,2,258944,4.250,True,6.80705,88453,1620
results/raw/main/hotcold_s72_greedy_seed2.json,hotcold,72,greedy,False,2,274176,4.500,True,6.89496,89792,1641
results/raw/main/hotcold_s72_greedy_seed2.json,hotcold,72,greedy,False,2,289408,4.750,True,6.72256,87166,1600
results/raw/main/hotcold_s72_greedy_seed2.json,hotcold,72,greedy,False,2,304640,5.000,True,6.75204,87615,1607
results/raw/main/hotcold_s72_greedy_seed2.json,hotcold,72,greedy,False,2,319872,5.250,True,6.86108,89276,1633
results/raw/main/hotcold_s72_greedy_seed2.json,hotcold,72,greedy,False,2,335104,5.500,True,6.74002,87432,1604
results/raw/main/hotcold_s72_greedy_seed2.json,hotcold,72,greedy,False,2,350336,5.750,True,6.78939,88184,1616
results/raw/main/hotcold_s72_greedy_seed2.json,hotcold,72,greedy,False,2,365568,6.000,True,6.67647,86464,1589
results/raw/main/hotcold_s72_greedy_seed2.json,hotcold,72,greedy,False,2,380800,6.250,True,6.832,88833,1626
results/raw/main/hotcold_s72_greedy_seed2.json,hotcold,72,greedy,False,2,396032,6.500,True,6.76064,87746,1609
results/raw/main/hotcold_s72_greedy_seed2.json,hotcold,72,greedy,False,2,411264,6.750,True,6.84867,89087,1630
results/raw/main/hotcold_s72_greedy_seed2.json,hotcold,72,greedy,False,2,426496,7.000,True,6.8322,88836,1626
results/raw/main/hotcold_s72_greedy_seed2.json,hotcold,72,greedy,False,2,441728,7.250,True,6.77744,88002,1613
results/raw/main/hotcold_s72_greedy_seed2.json,hotcold,72,greedy,False,2,456960,7.500,True,6.83587,88892,1627
results/raw/main/hotcold_s72_greedy_seed2.json,hotcold,72,greedy,False,2,472192,7.750,True,6.80265,88386,1619
results/raw/main/hotcold_s72_greedy_seed2.json,hotcold,72,greedy,False,2,487424,8.000,True,6.86115,89277,1633
results/raw/main/hotcold_s72_greedy_seed2.json,hotcold,72,greedy,False,2,502656,8.250,True,6.86141,89281,1633
results/raw/main/hotcold_s72_greedy_seed2.json,hotcold,72,greedy,False,2,517888,8.500,True,6.56736,84802,1563
results/raw/main/hotcold_s72_greedy_seed2.json,hotcold,72,greedy,False,2,533120,8.750,True,6.86935,89402,1635
results/raw/main/hotcold_s72_greedy_seed2.json,hotcold,72,greedy,False,2,548352,9.000,True,6.62218,85637,1576
results/raw/main/hotcold_s72_greedy_seed2.json,hotcold,72,greedy,False,2,563584,9.250,True,6.85701,89214,1632
results/raw/main/hotcold_s72_greedy_seed2.json,hotcold,72,greedy,False,2,578816,9.500,True,6.85695,89213,1632
results/raw/main/hotcold_s72_greedy_seed2.json,hotcold,72,greedy,False,2,594048,9.750,True,6.71901,87112,1599
results/raw/main/hotcold_s72_greedy_seed2.json,hotcold,72,greedy,False,2,609280,10.000,True,6.78571,88128,1615
results/raw/main/hotcold_s72_greedy_seed2.json,hotcold,72,greedy,False,2,624512,10.250,True,6.80659,88446,1620
results/raw/main/hotcold_s72_greedy_seed2.json,hotcold,72,greedy,False,2,639744,10.500,True,6.80633,88442,1620
results/raw/main/hotcold_s72_greedy_seed2.json,hotcold,72,greedy,False,2,654976,10.750,True,6.83246,88840,1626
results/raw/main/hotcold_s72_greedy_seed2.json,hotcold,72,greedy,False,2,670208,11.000,True,6.85274,89149,1631
results/raw/main/hotcold_s72_greedy_seed2.json,hotcold,72,greedy,False,2,685440,11.250,True,6.79005,88194,1616
results/raw/main/hotcold_s72_greedy_seed2.json,hotcold,72,greedy,False,2,700672,11.500,True,6.94525,90558,1653
results/raw/main/hotcold_s72_greedy_seed2.json,hotcold,72,greedy,False,2,715904,11.750,True,6.62191,85633,1576
results/raw/main/hotcold_s72_greedy_seed2.json,hotcold,72,greedy,False,2,731136,12.000,True,6.92417,90237,1648
results/raw/main/hotcold_s72_greedy_seed3.json,hotcold,72,greedy,False,3,15232,0.250,False,1.32173,24503,550
results/raw/main/hotcold_s72_greedy_seed3.json,hotcold,72,greedy,False,3,30464,0.500,False,6.78184,88069,1614
results/raw/main/hotcold_s72_greedy_seed3.json,hotcold,72,greedy,False,3,45696,0.750,False,6.9998,91389,1666
results/raw/main/hotcold_s72_greedy_seed3.json,hotcold,72,greedy,False,3,60928,1.000,False,6.72742,87240,1601
results/raw/main/hotcold_s72_greedy_seed3.json,hotcold,72,greedy,False,3,76160,1.250,False,6.69741,86783,1594
results/raw/main/hotcold_s72_greedy_seed3.json,hotcold,72,greedy,False,3,91392,1.500,False,6.78952,88186,1616
results/raw/main/hotcold_s72_greedy_seed3.json,hotcold,72,greedy,False,3,106624,1.750,False,6.74416,87495,1605
results/raw/main/hotcold_s72_greedy_seed3.json,hotcold,72,greedy,False,3,121856,2.000,False,6.95345,90683,1655
results/raw/main/hotcold_s72_greedy_seed3.json,hotcold,72,greedy,False,3,137088,2.250,False,6.70601,86914,1596
results/raw/main/hotcold_s72_greedy_seed3.json,hotcold,72,greedy,False,3,152320,2.500,False,6.88655,89664,1639
results/raw/main/hotcold_s72_greedy_seed3.json,hotcold,72,greedy,False,3,167552,2.750,False,6.79806,88316,1618
results/raw/main/hotcold_s72_greedy_seed3.json,hotcold,72,greedy,False,3,182784,3.000,False,6.90382,89927,1643
results/raw/main/hotcold_s72_greedy_seed3.json,hotcold,72,greedy,False,3,198016,3.250,False,6.86102,89275,1633
results/raw/main/hotcold_s72_greedy_seed3.json,hotcold,72,greedy,False,3,213248,3.500,False,6.71868,87107,1599
results/raw/main/hotcold_s72_greedy_seed3.json,hotcold,72,greedy,False,3,228480,3.750,False,6.88242,89601,1638
results/raw/main/hotcold_s72_greedy_seed3.json,hotcold,72,greedy,False,3,243712,4.000,False,6.78952,88186,1616
results/raw/main/hotcold_s72_greedy_seed3.json,hotcold,72,greedy,False,3,258944,4.250,True,6.82767,88767,1625
results/raw/main/hotcold_s72_greedy_seed3.json,hotcold,72,greedy,False,3,274176,4.500,True,6.79845,88322,1618
results/raw/main/hotcold_s72_greedy_seed3.json,hotcold,72,greedy,False,3,289408,4.750,True,6.72683,87231,1601
results/raw/main/hotcold_s72_greedy_seed3.json,hotcold,72,greedy,False,3,304640,5.000,True,6.76064,87746,1609
results/raw/main/hotcold_s72_greedy_seed3.json,hotcold,72,greedy,False,3,319872,5.250,True,6.77304,87935,1612
results/raw/main/hotcold_s72_greedy_seed3.json,hotcold,72,greedy,False,3,335104,5.500,True,6.8278,88769,1625
results/raw/main/hotcold_s72_greedy_seed3.json,hotcold,72,greedy,False,3,350336,5.750,True,6.83226,88837,1626
results/raw/main/hotcold_s72_greedy_seed3.json,hotcold,72,greedy,False,3,365568,6.000,True,6.8316,88827,1626
results/raw/main/hotcold_s72_greedy_seed3.json,hotcold,72,greedy,False,3,380800,6.250,True,6.8192,88638,1623
results/raw/main/hotcold_s72_greedy_seed3.json,hotcold,72,greedy,False,3,396032,6.500,True,6.73556,87364,1603
results/raw/main/hotcold_s72_greedy_seed3.json,hotcold,72,greedy,False,3,411264,6.750,True,6.8402,88958,1628
results/raw/main/hotcold_s72_greedy_seed3.json,hotcold,72,greedy,False,3,426496,7.000,True,6.82799,88772,1625
results/raw/main/hotcold_s72_greedy_seed3.json,hotcold,72,greedy,False,3,441728,7.250,True,6.70549,86906,1596
results/raw/main/hotcold_s72_greedy_seed3.json,hotcold,72,greedy,False,3,456960,7.500,True,6.78197,88071,1614
results/raw/main/hotcold_s72_greedy_seed3.json,hotcold,72,greedy,False,3,472192,7.750,True,6.73936,87422,1604
results/raw/main/hotcold_s72_greedy_seed3.json,hotcold,72,greedy,False,3,487424,8.000,True,6.85307,89154,1631
results/raw/main/hotcold_s72_greedy_seed3.json,hotcold,72,greedy,False,3,502656,8.250,True,6.71836,87102,1599
results/raw/main/hotcold_s72_greedy_seed3.json,hotcold,72,greedy,False,3,517888,8.500,True,6.84027,88959,1628
results/raw/main/hotcold_s72_greedy_seed3.json,hotcold,72,greedy,False,3,533120,8.750,True,6.7565,87683,1608
results/raw/main/hotcold_s72_greedy_seed3.json,hotcold,72,greedy,False,3,548352,9.000,True,6.9071,89977,1644
results/raw/main/hotcold_s72_greedy_seed3.json,hotcold,72,greedy,False,3,563584,9.250,True,6.71455,87044,1598
results/raw/main/hotcold_s72_greedy_seed3.json,hotcold,72,greedy,False,3,578816,9.500,True,6.78998,88193,1616
results/raw/main/hotcold_s72_greedy_seed3.json,hotcold,72,greedy,False,3,594048,9.750,True,6.77317,87937,1612
results/raw/main/hotcold_s72_greedy_seed3.json,hotcold,72,greedy,False,3,609280,10.000,True,6.72696,87233,1601
results/raw/main/hotcold_s72_greedy_seed3.json,hotcold,72,greedy,False,3,624512,10.250,True,6.81086,88511,1621
results/raw/main/hotcold_s72_greedy_seed3.json,hotcold,72,greedy,False,3,639744,10.500,True,6.80213,88378,1619
results/raw/main/hotcold_s72_greedy_seed3.json,hotcold,72,greedy,False,3,654976,10.750,True,6.76471,87808,1610
results/raw/main/hotcold_s72_greedy_seed3.json,hotcold,72,greedy,False,3,670208,11.000,True,6.84034,88960,1628
results/raw/main/hotcold_s72_greedy_seed3.json,hotcold,72,greedy,False,3,685440,11.250,True,6.78617,88135,1615
results/raw/main/hotcold_s72_greedy_seed3.json,hotcold,72,greedy,False,3,700672,11.500,True,6.77304,87935,1612
results/raw/main/hotcold_s72_greedy_seed3.json,hotcold,72,greedy,False,3,715904,11.750,True,6.73523,87359,1603
results/raw/main/hotcold_s72_greedy_seed3.json,hotcold,72,greedy,False,3,731136,12.000,True,6.89929,89858,1642
results/raw/main/hotcold_s72_greedy_seed4.json,hotcold,72,greedy,False,4,15232,0.250,False,1.331,25209,561
results/raw/main/hotcold_s72_greedy_seed4.json,hotcold,72,greedy,False,4,30464,0.500,False,6.89949,89861,1642
results/raw/main/hotcold_s72_greedy_seed4.json,hotcold,72,greedy,False,4,45696,0.750,False,6.88222,89598,1638
results/raw/main/hotcold_s72_greedy_seed4.json,hotcold,72,greedy,False,4,60928,1.000,False,6.7519,87613,1607
results/raw/main/hotcold_s72_greedy_seed4.json,hotcold,72,greedy,False,4,76160,1.250,False,6.74816,87556,1606
results/raw/main/hotcold_s72_greedy_seed4.json,hotcold,72,greedy,False,4,91392,1.500,False,6.82333,88701,1624
results/raw/main/hotcold_s72_greedy_seed4.json,hotcold,72,greedy,False,4,106624,1.750,False,6.87402,89473,1636
results/raw/main/hotcold_s72_greedy_seed4.json,hotcold,72,greedy,False,4,121856,2.000,False,6.7565,87683,1608
results/raw/main/hotcold_s72_greedy_seed4.json,hotcold,72,greedy,False,4,137088,2.250,False,6.76884,87871,1611
results/raw/main/hotcold_s72_greedy_seed4.json,hotcold,72,greedy,False,4,152320,2.500,False,6.71429,87040,1598
results/raw/main/hotcold_s72_greedy_seed4.json,hotcold,72,greedy,False,4,167552,2.750,False,6.8402,88958,1628
results/raw/main/hotcold_s72_greedy_seed4.json,hotcold,72,greedy,False,4,182784,3.000,False,6.79445,88261,1617
results/raw/main/hotcold_s72_greedy_seed4.json,hotcold,72,greedy,False,4,198016,3.250,False,6.74783,87551,1606
results/raw/main/hotcold_s72_greedy_seed4.json,hotcold,72,greedy,False,4,213248,3.500,False,6.78965,88188,1616
results/raw/main/hotcold_s72_greedy_seed4.json,hotcold,72,greedy,False,4,228480,3.750,False,6.83613,88896,1627
results/raw/main/hotcold_s72_greedy_seed4.json,hotcold,72,greedy,False,4,243712,4.000,False,6.81513,88576,1622
results/raw/main/hotcold_s72_greedy_seed4.json,hotcold,72,greedy,False,4,258944,4.250,True,6.83627,88898,1627
results/raw/main/hotcold_s72_greedy_seed4.json,hotcold,72,greedy,False,4,274176,4.500,True,6.72676,87230,1601
results/raw/main/hotcold_s72_greedy_seed4.json,hotcold,72,greedy,False,4,289408,4.750,True,6.69768,86787,1594
results/raw/main/hotcold_s72_greedy_seed4.json,hotcold,72,greedy,False,4,304640,5.000,True,6.81112,88515,1621
results/raw/main/hotcold_s72_greedy_seed4.json,hotcold,72,greedy,False,4,319872,5.250,True,6.68435,86584,1591
results/raw/main/hotcold_s72_greedy_seed4.json,hotcold,72,greedy,False,4,335104,5.500,True,6.79878,88327,1618
results/raw/main/hotcold_s72_greedy_seed4.json,hotcold,72,greedy,False,4,350336,5.750,True,6.71855,87105,1599
results/raw/main/hotcold_s72_greedy_seed4.json,hotcold,72,greedy,False,4,365568,6.000,True,6.8276,88766,1625
results/raw/main/hotcold_s72_greedy_seed4.json,hotcold,72,greedy,False,4,380800,6.250,True,6.67627,86461,1589
results/raw/main/hotcold_s72_greedy_seed4.json,hotcold,72,greedy,False,4,396032,6.500,True,6.69735,86782,1594
results/raw/main/hotcold_s72_greedy_seed4.json,hotcold,72,greedy,False,4,411264,6.750,True,6.85288,89151,1631
results/raw/main/hotcold_s72_greedy_seed4.json,hotcold,72,greedy,False,4,426496,7.000,True,6.81532,88579,1622
results/raw/main/hotcold_s72_greedy_seed4.json,hotcold,72,greedy,False,4,441728,7.250,True,6.76878,87870,1611
results/raw/main/hotcold_s72_greedy_seed4.json,hotcold,72,greedy,False,4,456960,7.500,True,6.73122,87298,1602
results/raw/main/hotcold_s72_greedy_seed4.json,hotcold,72,greedy,False,4,472192,7.750,True,6.85721,89217,1632
results/raw/main/hotcold_s72_greedy_seed4.json,hotcold,72,greedy,False,4,487424,8.000,True,6.87421,89476,1636
results/raw/main/hotcold_s72_greedy_seed4.json,hotcold,72,greedy,False,4,502656,8.250,True,6.77285,87932,1612
results/raw/main/hotcold_s72_greedy_seed4.json,hotcold,72,greedy,False,4,517888,8.500,True,6.81952,88643,1623
results/raw/main/hotcold_s72_greedy_seed4.json,hotcold,72,greedy,False,4,533120,8.750,True,6.8318,88830,1626
results/raw/main/hotcold_s72_greedy_seed4.json,hotcold,72,greedy,False,4,548352,9.000,True,6.75597,87675,1608
results/raw/main/hotcold_s72_greedy_seed4.json,hotcold,72,greedy,False,4,563584,9.250,True,6.7437,87488,1605
results/raw/main/hotcold_s72_greedy_seed4.json,hotcold,72,greedy,False,4,578816,9.500,True,6.77731,88000,1613
results/raw/main/hotcold_s72_greedy_seed4.json,hotcold,72,greedy,False,4,594048,9.750,True,6.83193,88832,1626
results/raw/main/hotcold_s72_greedy_seed4.json,hotcold,72,greedy,False,4,609280,10.000,True,6.62612,85697,1577
results/raw/main/hotcold_s72_greedy_seed4.json,hotcold,72,greedy,False,4,624512,10.250,True,6.89936,89859,1642
results/raw/main/hotcold_s72_greedy_seed4.json,hotcold,72,greedy,False,4,639744,10.500,True,6.7395,87424,1604
results/raw/main/hotcold_s72_greedy_seed4.json,hotcold,72,greedy,False,4,654976,10.750,True,6.89896,89853,1642
results/raw/main/hotcold_s72_greedy_seed4.json,hotcold,72,greedy,False,4,670208,11.000,True,6.79005,88194,1616
results/raw/main/hotcold_s72_greedy_seed4.json,hotcold,72,greedy,False,4,685440,11.250,True,6.78558,88126,1615
results/raw/main/hotcold_s72_greedy_seed4.json,hotcold,72,greedy,False,4,700672,11.500,True,6.79005,88194,1616
results/raw/main/hotcold_s72_greedy_seed4.json,hotcold,72,greedy,False,4,715904,11.750,True,6.95378,90688,1655
results/raw/main/hotcold_s72_greedy_seed4.json,hotcold,72,greedy,False,4,731136,12.000,True,6.80239,88382,1619
results/raw/main/hotcold_s72_greedy_seed5.json,hotcold,72,greedy,False,5,15232,0.250,False,1.31753,24183,545
results/raw/main/hotcold_s72_greedy_seed5.json,hotcold,72,greedy,False,5,30464,0.500,False,6.85741,89220,1632
results/raw/main/hotcold_s72_greedy_seed5.json,hotcold,72,greedy,False,5,45696,0.750,False,7.00834,91519,1668
results/raw/main/hotcold_s72_greedy_seed5.json,hotcold,72,greedy,False,5,60928,1.000,False,6.89529,89797,1641
results/raw/main/hotcold_s72_greedy_seed5.json,hotcold,72,greedy,False,5,76160,1.250,False,6.83187,88831,1626
results/raw/main/hotcold_s72_greedy_seed5.json,hotcold,72,greedy,False,5,91392,1.500,False,6.70989,86973,1597
results/raw/main/hotcold_s72_greedy_seed5.json,hotcold,72,greedy,False,5,106624,1.750,False,6.86128,89279,1633
results/raw/main/hotcold_s72_greedy_seed5.json,hotcold,72,greedy,False,5,121856,2.000,False,6.84493,89030,1629
results/raw/main/hotcold_s72_greedy_seed5.json,hotcold,72,greedy,False,5,137088,2.250,False,6.6596,86207,1585
results/raw/main/hotcold_s72_greedy_seed5.json,hotcold,72,greedy,False,5,152320,2.500,False,6.76484,87810,1610
results/raw/main/hotcold_s72_greedy_seed5.json,hotcold,72,greedy,False,5,167552,2.750,False,6.79379,88251,1617
results/raw/main/hotcold_s72_greedy_seed5.json,hotcold,72,greedy,False,5,182784,3.000,False,6.77304,87935,1612
results/raw/main/hotcold_s72_greedy_seed5.json,hotcold,72,greedy,False,5,198016,3.250,False,6.73963,87426,1604
results/raw/main/hotcold_s72_greedy_seed5.json,hotcold,72,greedy,False,5,213248,3.500,False,6.77291,87933,1612
results/raw/main/hotcold_s72_greedy_seed5.json,hotcold,72,greedy,False,5,228480,3.750,False,6.81132,88518,1621
results/raw/main/hotcold_s72_greedy_seed5.json,hotcold,72,greedy,False,5,243712,4.000,False,6.86108,89276,1633
results/raw/main/hotcold_s72_greedy_seed5.json,hotcold,72,greedy,False,5,258944,4.250,True,6.6554,86143,1584
results/raw/main/hotcold_s72_greedy_seed5.json,hotcold,72,greedy,False,5,274176,4.500,True,6.89115,89734,1640
results/raw/main/hotcold_s72_greedy_seed5.json,hotcold,72,greedy,False,5,289408,4.750,True,6.84034,88960,1628
results/raw/main/hotcold_s72_greedy_seed5.json,hotcold,72,greedy,False,5,304640,5.000,True,6.77685,87993,1613
results/raw/main/hotcold_s72_greedy_seed5.json,hotcold,72,greedy,False,5,319872,5.250,True,6.93697,90432,1651
results/raw/main/hotcold_s72_greedy_seed5.json,hotcold,72,greedy,False,5,335104,5.500,True,6.81086,88511,1621
results/raw/main/hotcold_s72_greedy_seed5.json,hotcold,72,greedy,False,5,350336,5.750,True,6.84454,89024,1629
results/raw/main/hotcold_s72_greedy_seed5.json,hotcold,72,greedy,False,5,365568,6.000,True,6.75223,87618,1607
results/raw/main/hotcold_s72_greedy_seed5.json,hotcold,72,greedy,False,5,380800,6.250,True,6.7565,87683,1608
results/raw/main/hotcold_s72_greedy_seed5.json,hotcold,72,greedy,False,5,396032,6.500,True,6.80232,88381,1619
results/raw/main/hotcold_s72_greedy_seed5.json,hotcold,72,greedy,False,5,411264,6.750,True,6.88682,89668,1639
results/raw/main/hotcold_s72_greedy_seed5.json,hotcold,72,greedy,False,5,426496,7.000,True,6.7351,87357,1603
results/raw/main/hotcold_s72_greedy_seed5.json,hotcold,72,greedy,False,5,441728,7.250,True,6.94525,90558,1653
results/raw/main/hotcold_s72_greedy_seed5.json,hotcold,72,greedy,False,5,456960,7.500,True,6.76917,87876,1611
results/raw/main/hotcold_s72_greedy_seed5.json,hotcold,72,greedy,False,5,472192,7.750,True,6.78138,88062,1614
results/raw/main/hotcold_s72_greedy_seed5.json,hotcold,72,greedy,False,5,487424,8.000,True,6.69341,86722,1593
results/raw/main/hotcold_s72_greedy_seed5.json,hotcold,72,greedy,False,5,502656,8.250,True,6.86148,89282,1633
results/raw/main/hotcold_s72_greedy_seed5.json,hotcold,72,greedy,False,5,517888,8.500,True,6.78992,88192,1616
results/raw/main/hotcold_s72_greedy_seed5.json,hotcold,72,greedy,False,5,533120,8.750,True,6.7521,87616,1607
results/raw/main/hotcold_s72_greedy_seed5.json,hotcold,72,greedy,False,5,548352,9.000,True,6.64273,85950,1581
results/raw/main/hotcold_s72_greedy_seed5.json,hotcold,72,greedy,False,5,563584,9.250,True,6.7521,87616,1607
results/raw/main/hotcold_s72_greedy_seed5.json,hotcold,72,greedy,False,5,578816,9.500,True,6.78125,88060,1614
results/raw/main/hotcold_s72_greedy_seed5.json,hotcold,72,greedy,False,5,594048,9.750,True,6.76904,87874,1611
results/raw/main/hotcold_s72_greedy_seed5.json,hotcold,72,greedy,False,5,609280,10.000,True,6.73956,87425,1604
results/raw/main/hotcold_s72_greedy_seed5.json,hotcold,72,greedy,False,5,624512,10.250,True,6.8446,89025,1629
results/raw/main/hotcold_s72_greedy_seed5.json,hotcold,72,greedy,False,5,639744,10.500,True,6.81066,88508,1621
results/raw/main/hotcold_s72_greedy_seed5.json,hotcold,72,greedy,False,5,654976,10.750,True,6.85754,89222,1632
results/raw/main/hotcold_s72_greedy_seed5.json,hotcold,72,greedy,False,5,670208,11.000,True,6.91157,90045,1645
results/raw/main/hotcold_s72_greedy_seed5.json,hotcold,72,greedy,False,5,685440,11.250,True,6.70595,86913,1596
results/raw/main/hotcold_s72_greedy_seed5.json,hotcold,72,greedy,False,5,700672,11.500,True,6.77744,88002,1613
results/raw/main/hotcold_s72_greedy_seed5.json,hotcold,72,greedy,False,5,715904,11.750,True,6.84848,89084,1630
results/raw/main/hotcold_s72_greedy_seed5.json,hotcold,72,greedy,False,5,731136,12.000,True,6.65999,86213,1585
results/raw/main/seq_s224_fifo_seed1.json,seq,224,fifo,False,1,12800,0.250,False,1.0,0,0
results/raw/main/seq_s224_fifo_seed1.json,seq,224,fifo,False,1,25600,0.500,False,1.0,0,177
results/raw/main/seq_s224_fifo_seed1.json,seq,224,fifo,False,1,38400,0.750,False,1.0,0,200
results/raw/main/seq_s224_fifo_seed1.json,seq,224,fifo,False,1,51200,1.000,False,1.0,0,200
results/raw/main/seq_s224_fifo_seed1.json,seq,224,fifo,False,1,64000,1.250,False,1.0,0,200
results/raw/main/seq_s224_fifo_seed1.json,seq,224,fifo,False,1,76800,1.500,False,1.0,0,200
results/raw/main/seq_s224_fifo_seed1.json,seq,224,fifo,False,1,89600,1.750,False,1.0,0,200
results/raw/main/seq_s224_fifo_seed1.json,seq,224,fifo,False,1,102400,2.000,False,1.0,0,200
results/raw/main/seq_s224_fifo_seed1.json,seq,224,fifo,False,1,115200,2.250,False,1.0,0,200
results/raw/main/seq_s224_fifo_seed1.json,seq,224,fifo,False,1,128000,2.500,False,1.0,0,200
results/raw/main/seq_s224_fifo_seed1.json,seq,224,fifo,False,1,140800,2.750,False,1.0,0,200
results/raw/main/seq_s224_fifo_seed1.json,seq,224,fifo,False,1,153600,3.000,False,1.0,0,200
results/raw/main/seq_s224_fifo_seed1.json,seq,224,fifo,False,1,166400,3.250,False,1.0,0,200
results/raw/main/seq_s224_fifo_seed1.json,seq,224,fifo,False,1,179200,3.500,False,1.0,0,200
results/raw/main/seq_s224_fifo_seed1.json,seq,224,fifo,False,1,192000,3.750,False,1.0,0,200
results/raw/main/seq_s224_fifo_seed1.json,seq,224,fifo,False,1,204800,4.000,False,1.0,0,200
results/raw/main/seq_s224_fifo_seed1.json,seq,224,fifo,False,1,217600,4.250,True,1.0,0,200
results/raw/main/seq_s224_fifo_seed1.json,seq,224,fifo,False,1,230400,4.500,True,1.0,0,200
results/raw/main/seq_s224_fifo_seed1.json,seq,224,fifo,False,1,243200,4.750,True,1.0,0,200
results/raw/main/seq_s224_fifo_seed1.json,seq,224,fifo,False,1,256000,5.000,True,1.0,0,200
results/raw/main/seq_s224_fifo_seed1.json,seq,224,fifo,False,1,268800,5.250,True,1.0,0,200
results/raw/main/seq_s224_fifo_seed1.json,seq,224,fifo,False,1,281600,5.500,True,1.0,0,200
results/raw/main/seq_s224_fifo_seed1.json,seq,224,fifo,False,1,294400,5.750,True,1.0,0,200
results/raw/main/seq_s224_fifo_seed1.json,seq,224,fifo,False,1,307200,6.000,True,1.0,0,200
results/raw/main/seq_s224_fifo_seed1.json,seq,224,fifo,False,1,320000,6.250,True,1.0,0,200
results/raw/main/seq_s224_fifo_seed1.json,seq,224,fifo,False,1,332800,6.500,True,1.0,0,200
results/raw/main/seq_s224_fifo_seed1.json,seq,224,fifo,False,1,345600,6.750,True,1.0,0,200
results/raw/main/seq_s224_fifo_seed1.json,seq,224,fifo,False,1,358400,7.000,True,1.0,0,200
results/raw/main/seq_s224_fifo_seed1.json,seq,224,fifo,False,1,371200,7.250,True,1.0,0,200
results/raw/main/seq_s224_fifo_seed1.json,seq,224,fifo,False,1,384000,7.500,True,1.0,0,200
results/raw/main/seq_s224_fifo_seed1.json,seq,224,fifo,False,1,396800,7.750,True,1.0,0,200
results/raw/main/seq_s224_fifo_seed1.json,seq,224,fifo,False,1,409600,8.000,True,1.0,0,200
results/raw/main/seq_s224_fifo_seed1.json,seq,224,fifo,False,1,422400,8.250,True,1.0,0,200
results/raw/main/seq_s224_fifo_seed1.json,seq,224,fifo,False,1,435200,8.500,True,1.0,0,200
results/raw/main/seq_s224_fifo_seed1.json,seq,224,fifo,False,1,448000,8.750,True,1.0,0,200
results/raw/main/seq_s224_fifo_seed1.json,seq,224,fifo,False,1,460800,9.000,True,1.0,0,200
results/raw/main/seq_s224_fifo_seed1.json,seq,224,fifo,False,1,473600,9.250,True,1.0,0,200
results/raw/main/seq_s224_fifo_seed1.json,seq,224,fifo,False,1,486400,9.500,True,1.0,0,200
results/raw/main/seq_s224_fifo_seed1.json,seq,224,fifo,False,1,499200,9.750,True,1.0,0,200
results/raw/main/seq_s224_fifo_seed1.json,seq,224,fifo,False,1,512000,10.000,True,1.0,0,200
results/raw/main/seq_s224_fifo_seed1.json,seq,224,fifo,False,1,524800,10.250,True,1.0,0,200
results/raw/main/seq_s224_fifo_seed1.json,seq,224,fifo,False,1,537600,10.500,True,1.0,0,200
results/raw/main/seq_s224_fifo_seed1.json,seq,224,fifo,False,1,550400,10.750,True,1.0,0,200
results/raw/main/seq_s224_fifo_seed1.json,seq,224,fifo,False,1,563200,11.000,True,1.0,0,200
results/raw/main/seq_s224_fifo_seed1.json,seq,224,fifo,False,1,576000,11.250,True,1.0,0,200
results/raw/main/seq_s224_fifo_seed1.json,seq,224,fifo,False,1,588800,11.500,True,1.0,0,200
results/raw/main/seq_s224_fifo_seed1.json,seq,224,fifo,False,1,601600,11.750,True,1.0,0,200
results/raw/main/seq_s224_fifo_seed1.json,seq,224,fifo,False,1,614400,12.000,True,1.0,0,200
results/raw/main/seq_s224_fifo_seed2.json,seq,224,fifo,False,2,12800,0.250,False,1.0,0,0
results/raw/main/seq_s224_fifo_seed2.json,seq,224,fifo,False,2,25600,0.500,False,1.0,0,177
results/raw/main/seq_s224_fifo_seed2.json,seq,224,fifo,False,2,38400,0.750,False,1.0,0,200
results/raw/main/seq_s224_fifo_seed2.json,seq,224,fifo,False,2,51200,1.000,False,1.0,0,200
results/raw/main/seq_s224_fifo_seed2.json,seq,224,fifo,False,2,64000,1.250,False,1.0,0,200
results/raw/main/seq_s224_fifo_seed2.json,seq,224,fifo,False,2,76800,1.500,False,1.0,0,200
results/raw/main/seq_s224_fifo_seed2.json,seq,224,fifo,False,2,89600,1.750,False,1.0,0,200
results/raw/main/seq_s224_fifo_seed2.json,seq,224,fifo,False,2,102400,2.000,False,1.0,0,200
results/raw/main/seq_s224_fifo_seed2.json,seq,224,fifo,False,2,115200,2.250,False,1.0,0,200
results/raw/main/seq_s224_fifo_seed2.json,seq,224,fifo,False,2,128000,2.500,False,1.0,0,200
results/raw/main/seq_s224_fifo_seed2.json,seq,224,fifo,False,2,140800,2.750,False,1.0,0,200
results/raw/main/seq_s224_fifo_seed2.json,seq,224,fifo,False,2,153600,3.000,False,1.0,0,200
results/raw/main/seq_s224_fifo_seed2.json,seq,224,fifo,False,2,166400,3.250,False,1.0,0,200
results/raw/main/seq_s224_fifo_seed2.json,seq,224,fifo,False,2,179200,3.500,False,1.0,0,200
results/raw/main/seq_s224_fifo_seed2.json,seq,224,fifo,False,2,192000,3.750,False,1.0,0,200
results/raw/main/seq_s224_fifo_seed2.json,seq,224,fifo,False,2,204800,4.000,False,1.0,0,200
results/raw/main/seq_s224_fifo_seed2.json,seq,224,fifo,False,2,217600,4.250,True,1.0,0,200
results/raw/main/seq_s224_fifo_seed2.json,seq,224,fifo,False,2,230400,4.500,True,1.0,0,200
results/raw/main/seq_s224_fifo_seed2.json,seq,224,fifo,False,2,243200,4.750,True,1.0,0,200
results/raw/main/seq_s224_fifo_seed2.json,seq,224,fifo,False,2,256000,5.000,True,1.0,0,200
results/raw/main/seq_s224_fifo_seed2.json,seq,224,fifo,False,2,268800,5.250,True,1.0,0,200
results/raw/main/seq_s224_fifo_seed2.json,seq,224,fifo,False,2,281600,5.500,True,1.0,0,200
results/raw/main/seq_s224_fifo_seed2.json,seq,224,fifo,False,2,294400,5.750,True,1.0,0,200
results/raw/main/seq_s224_fifo_seed2.json,seq,224,fifo,False,2,307200,6.000,True,1.0,0,200
results/raw/main/seq_s224_fifo_seed2.json,seq,224,fifo,False,2,320000,6.250,True,1.0,0,200
results/raw/main/seq_s224_fifo_seed2.json,seq,224,fifo,False,2,332800,6.500,True,1.0,0,200
results/raw/main/seq_s224_fifo_seed2.json,seq,224,fifo,False,2,345600,6.750,True,1.0,0,200
results/raw/main/seq_s224_fifo_seed2.json,seq,224,fifo,False,2,358400,7.000,True,1.0,0,200
results/raw/main/seq_s224_fifo_seed2.json,seq,224,fifo,False,2,371200,7.250,True,1.0,0,200
results/raw/main/seq_s224_fifo_seed2.json,seq,224,fifo,False,2,384000,7.500,True,1.0,0,200
results/raw/main/seq_s224_fifo_seed2.json,seq,224,fifo,False,2,396800,7.750,True,1.0,0,200
results/raw/main/seq_s224_fifo_seed2.json,seq,224,fifo,False,2,409600,8.000,True,1.0,0,200
results/raw/main/seq_s224_fifo_seed2.json,seq,224,fifo,False,2,422400,8.250,True,1.0,0,200
results/raw/main/seq_s224_fifo_seed2.json,seq,224,fifo,False,2,435200,8.500,True,1.0,0,200
results/raw/main/seq_s224_fifo_seed2.json,seq,224,fifo,False,2,448000,8.750,True,1.0,0,200
results/raw/main/seq_s224_fifo_seed2.json,seq,224,fifo,False,2,460800,9.000,True,1.0,0,200
results/raw/main/seq_s224_fifo_seed2.json,seq,224,fifo,False,2,473600,9.250,True,1.0,0,200
results/raw/main/seq_s224_fifo_seed2.json,seq,224,fifo,False,2,486400,9.500,True,1.0,0,200
results/raw/main/seq_s224_fifo_seed2.json,seq,224,fifo,False,2,499200,9.750,True,1.0,0,200
results/raw/main/seq_s224_fifo_seed2.json,seq,224,fifo,False,2,512000,10.000,True,1.0,0,200
results/raw/main/seq_s224_fifo_seed2.json,seq,224,fifo,False,2,524800,10.250,True,1.0,0,200
results/raw/main/seq_s224_fifo_seed2.json,seq,224,fifo,False,2,537600,10.500,True,1.0,0,200
results/raw/main/seq_s224_fifo_seed2.json,seq,224,fifo,False,2,550400,10.750,True,1.0,0,200
results/raw/main/seq_s224_fifo_seed2.json,seq,224,fifo,False,2,563200,11.000,True,1.0,0,200
results/raw/main/seq_s224_fifo_seed2.json,seq,224,fifo,False,2,576000,11.250,True,1.0,0,200
results/raw/main/seq_s224_fifo_seed2.json,seq,224,fifo,False,2,588800,11.500,True,1.0,0,200
results/raw/main/seq_s224_fifo_seed2.json,seq,224,fifo,False,2,601600,11.750,True,1.0,0,200
results/raw/main/seq_s224_fifo_seed2.json,seq,224,fifo,False,2,614400,12.000,True,1.0,0,200
results/raw/main/seq_s224_fifo_seed3.json,seq,224,fifo,False,3,12800,0.250,False,1.0,0,0
results/raw/main/seq_s224_fifo_seed3.json,seq,224,fifo,False,3,25600,0.500,False,1.0,0,177
results/raw/main/seq_s224_fifo_seed3.json,seq,224,fifo,False,3,38400,0.750,False,1.0,0,200
results/raw/main/seq_s224_fifo_seed3.json,seq,224,fifo,False,3,51200,1.000,False,1.0,0,200
results/raw/main/seq_s224_fifo_seed3.json,seq,224,fifo,False,3,64000,1.250,False,1.0,0,200
results/raw/main/seq_s224_fifo_seed3.json,seq,224,fifo,False,3,76800,1.500,False,1.0,0,200
results/raw/main/seq_s224_fifo_seed3.json,seq,224,fifo,False,3,89600,1.750,False,1.0,0,200
results/raw/main/seq_s224_fifo_seed3.json,seq,224,fifo,False,3,102400,2.000,False,1.0,0,200
results/raw/main/seq_s224_fifo_seed3.json,seq,224,fifo,False,3,115200,2.250,False,1.0,0,200
results/raw/main/seq_s224_fifo_seed3.json,seq,224,fifo,False,3,128000,2.500,False,1.0,0,200
results/raw/main/seq_s224_fifo_seed3.json,seq,224,fifo,False,3,140800,2.750,False,1.0,0,200
results/raw/main/seq_s224_fifo_seed3.json,seq,224,fifo,False,3,153600,3.000,False,1.0,0,200
results/raw/main/seq_s224_fifo_seed3.json,seq,224,fifo,False,3,166400,3.250,False,1.0,0,200
results/raw/main/seq_s224_fifo_seed3.json,seq,224,fifo,False,3,179200,3.500,False,1.0,0,200
results/raw/main/seq_s224_fifo_seed3.json,seq,224,fifo,False,3,192000,3.750,False,1.0,0,200
results/raw/main/seq_s224_fifo_seed3.json,seq,224,fifo,False,3,204800,4.000,False,1.0,0,200
results/raw/main/seq_s224_fifo_seed3.json,seq,224,fifo,False,3,217600,4.250,True,1.0,0,200
results/raw/main/seq_s224_fifo_seed3.json,seq,224,fifo,False,3,230400,4.500,True,1.0,0,200
results/raw/main/seq_s224_fifo_seed3.json,seq,224,fifo,False,3,243200,4.750,True,1.0,0,200
results/raw/main/seq_s224_fifo_seed3.json,seq,224,fifo,False,3,256000,5.000,True,1.0,0,200
results/raw/main/seq_s224_fifo_seed3.json,seq,224,fifo,False,3,268800,5.250,True,1.0,0,200
results/raw/main/seq_s224_fifo_seed3.json,seq,224,fifo,False,3,281600,5.500,True,1.0,0,200
results/raw/main/seq_s224_fifo_seed3.json,seq,224,fifo,False,3,294400,5.750,True,1.0,0,200
results/raw/main/seq_s224_fifo_seed3.json,seq,224,fifo,False,3,307200,6.000,True,1.0,0,200
results/raw/main/seq_s224_fifo_seed3.json,seq,224,fifo,False,3,320000,6.250,True,1.0,0,200
results/raw/main/seq_s224_fifo_seed3.json,seq,224,fifo,False,3,332800,6.500,True,1.0,0,200
results/raw/main/seq_s224_fifo_seed3.json,seq,224,fifo,False,3,345600,6.750,True,1.0,0,200
results/raw/main/seq_s224_fifo_seed3.json,seq,224,fifo,False,3,358400,7.000,True,1.0,0,200
results/raw/main/seq_s224_fifo_seed3.json,seq,224,fifo,False,3,371200,7.250,True,1.0,0,200
results/raw/main/seq_s224_fifo_seed3.json,seq,224,fifo,False,3,384000,7.500,True,1.0,0,200
results/raw/main/seq_s224_fifo_seed3.json,seq,224,fifo,False,3,396800,7.750,True,1.0,0,200
results/raw/main/seq_s224_fifo_seed3.json,seq,224,fifo,False,3,409600,8.000,True,1.0,0,200
results/raw/main/seq_s224_fifo_seed3.json,seq,224,fifo,False,3,422400,8.250,True,1.0,0,200
results/raw/main/seq_s224_fifo_seed3.json,seq,224,fifo,False,3,435200,8.500,True,1.0,0,200
results/raw/main/seq_s224_fifo_seed3.json,seq,224,fifo,False,3,448000,8.750,True,1.0,0,200
results/raw/main/seq_s224_fifo_seed3.json,seq,224,fifo,False,3,460800,9.000,True,1.0,0,200
results/raw/main/seq_s224_fifo_seed3.json,seq,224,fifo,False,3,473600,9.250,True,1.0,0,200
results/raw/main/seq_s224_fifo_seed3.json,seq,224,fifo,False,3,486400,9.500,True,1.0,0,200
results/raw/main/seq_s224_fifo_seed3.json,seq,224,fifo,False,3,499200,9.750,True,1.0,0,200
results/raw/main/seq_s224_fifo_seed3.json,seq,224,fifo,False,3,512000,10.000,True,1.0,0,200
results/raw/main/seq_s224_fifo_seed3.json,seq,224,fifo,False,3,524800,10.250,True,1.0,0,200
results/raw/main/seq_s224_fifo_seed3.json,seq,224,fifo,False,3,537600,10.500,True,1.0,0,200
results/raw/main/seq_s224_fifo_seed3.json,seq,224,fifo,False,3,550400,10.750,True,1.0,0,200
results/raw/main/seq_s224_fifo_seed3.json,seq,224,fifo,False,3,563200,11.000,True,1.0,0,200
results/raw/main/seq_s224_fifo_seed3.json,seq,224,fifo,False,3,576000,11.250,True,1.0,0,200
results/raw/main/seq_s224_fifo_seed3.json,seq,224,fifo,False,3,588800,11.500,True,1.0,0,200
results/raw/main/seq_s224_fifo_seed3.json,seq,224,fifo,False,3,601600,11.750,True,1.0,0,200
results/raw/main/seq_s224_fifo_seed3.json,seq,224,fifo,False,3,614400,12.000,True,1.0,0,200
results/raw/main/seq_s224_fifo_seed4.json,seq,224,fifo,False,4,12800,0.250,False,1.0,0,0
results/raw/main/seq_s224_fifo_seed4.json,seq,224,fifo,False,4,25600,0.500,False,1.0,0,177
results/raw/main/seq_s224_fifo_seed4.json,seq,224,fifo,False,4,38400,0.750,False,1.0,0,200
results/raw/main/seq_s224_fifo_seed4.json,seq,224,fifo,False,4,51200,1.000,False,1.0,0,200
results/raw/main/seq_s224_fifo_seed4.json,seq,224,fifo,False,4,64000,1.250,False,1.0,0,200
results/raw/main/seq_s224_fifo_seed4.json,seq,224,fifo,False,4,76800,1.500,False,1.0,0,200
results/raw/main/seq_s224_fifo_seed4.json,seq,224,fifo,False,4,89600,1.750,False,1.0,0,200
results/raw/main/seq_s224_fifo_seed4.json,seq,224,fifo,False,4,102400,2.000,False,1.0,0,200
results/raw/main/seq_s224_fifo_seed4.json,seq,224,fifo,False,4,115200,2.250,False,1.0,0,200
results/raw/main/seq_s224_fifo_seed4.json,seq,224,fifo,False,4,128000,2.500,False,1.0,0,200
results/raw/main/seq_s224_fifo_seed4.json,seq,224,fifo,False,4,140800,2.750,False,1.0,0,200
results/raw/main/seq_s224_fifo_seed4.json,seq,224,fifo,False,4,153600,3.000,False,1.0,0,200
results/raw/main/seq_s224_fifo_seed4.json,seq,224,fifo,False,4,166400,3.250,False,1.0,0,200
results/raw/main/seq_s224_fifo_seed4.json,seq,224,fifo,False,4,179200,3.500,False,1.0,0,200
results/raw/main/seq_s224_fifo_seed4.json,seq,224,fifo,False,4,192000,3.750,False,1.0,0,200
results/raw/main/seq_s224_fifo_seed4.json,seq,224,fifo,False,4,204800,4.000,False,1.0,0,200
results/raw/main/seq_s224_fifo_seed4.json,seq,224,fifo,False,4,217600,4.250,True,1.0,0,200
results/raw/main/seq_s224_fifo_seed4.json,seq,224,fifo,False,4,230400,4.500,True,1.0,0,200
results/raw/main/seq_s224_fifo_seed4.json,seq,224,fifo,False,4,243200,4.750,True,1.0,0,200
results/raw/main/seq_s224_fifo_seed4.json,seq,224,fifo,False,4,256000,5.000,True,1.0,0,200
results/raw/main/seq_s224_fifo_seed4.json,seq,224,fifo,False,4,268800,5.250,True,1.0,0,200
results/raw/main/seq_s224_fifo_seed4.json,seq,224,fifo,False,4,281600,5.500,True,1.0,0,200
results/raw/main/seq_s224_fifo_seed4.json,seq,224,fifo,False,4,294400,5.750,True,1.0,0,200
results/raw/main/seq_s224_fifo_seed4.json,seq,224,fifo,False,4,307200,6.000,True,1.0,0,200
results/raw/main/seq_s224_fifo_seed4.json,seq,224,fifo,False,4,320000,6.250,True,1.0,0,200
results/raw/main/seq_s224_fifo_seed4.json,seq,224,fifo,False,4,332800,6.500,True,1.0,0,200
results/raw/main/seq_s224_fifo_seed4.json,seq,224,fifo,False,4,345600,6.750,True,1.0,0,200
results/raw/main/seq_s224_fifo_seed4.json,seq,224,fifo,False,4,358400,7.000,True,1.0,0,200
results/raw/main/seq_s224_fifo_seed4.json,seq,224,fifo,False,4,371200,7.250,True,1.0,0,200
results/raw/main/seq_s224_fifo_seed4.json,seq,224,fifo,False,4,384000,7.500,True,1.0,0,200
results/raw/main/seq_s224_fifo_seed4.json,seq,224,fifo,False,4,396800,7.750,True,1.0,0,200
results/raw/main/seq_s224_fifo_seed4.json,seq,224,fifo,False,4,409600,8.000,True,1.0,0,200
results/raw/main/seq_s224_fifo_seed4.json,seq,224,fifo,False,4,422400,8.250,True,1.0,0,200
results/raw/main/seq_s224_fifo_seed4.json,seq,224,fifo,False,4,435200,8.500,True,1.0,0,200
results/raw/main/seq_s224_fifo_seed4.json,seq,224,fifo,False,4,448000,8.750,True,1.0,0,200
results/raw/main/seq_s224_fifo_seed4.json,seq,224,fifo,False,4,460800,9.000,True,1.0,0,200
results/raw/main/seq_s224_fifo_seed4.json,seq,224,fifo,False,4,473600,9.250,True,1.0,0,200
results/raw/main/seq_s224_fifo_seed4.json,seq,224,fifo,False,4,486400,9.500,True,1.0,0,200
results/raw/main/seq_s224_fifo_seed4.json,seq,224,fifo,False,4,499200,9.750,True,1.0,0,200
results/raw/main/seq_s224_fifo_seed4.json,seq,224,fifo,False,4,512000,10.000,True,1.0,0,200
results/raw/main/seq_s224_fifo_seed4.json,seq,224,fifo,False,4,524800,10.250,True,1.0,0,200
results/raw/main/seq_s224_fifo_seed4.json,seq,224,fifo,False,4,537600,10.500,True,1.0,0,200
results/raw/main/seq_s224_fifo_seed4.json,seq,224,fifo,False,4,550400,10.750,True,1.0,0,200
results/raw/main/seq_s224_fifo_seed4.json,seq,224,fifo,False,4,563200,11.000,True,1.0,0,200
results/raw/main/seq_s224_fifo_seed4.json,seq,224,fifo,False,4,576000,11.250,True,1.0,0,200
results/raw/main/seq_s224_fifo_seed4.json,seq,224,fifo,False,4,588800,11.500,True,1.0,0,200
results/raw/main/seq_s224_fifo_seed4.json,seq,224,fifo,False,4,601600,11.750,True,1.0,0,200
results/raw/main/seq_s224_fifo_seed4.json,seq,224,fifo,False,4,614400,12.000,True,1.0,0,200
results/raw/main/seq_s224_fifo_seed5.json,seq,224,fifo,False,5,12800,0.250,False,1.0,0,0
results/raw/main/seq_s224_fifo_seed5.json,seq,224,fifo,False,5,25600,0.500,False,1.0,0,177
results/raw/main/seq_s224_fifo_seed5.json,seq,224,fifo,False,5,38400,0.750,False,1.0,0,200
results/raw/main/seq_s224_fifo_seed5.json,seq,224,fifo,False,5,51200,1.000,False,1.0,0,200
results/raw/main/seq_s224_fifo_seed5.json,seq,224,fifo,False,5,64000,1.250,False,1.0,0,200
results/raw/main/seq_s224_fifo_seed5.json,seq,224,fifo,False,5,76800,1.500,False,1.0,0,200
results/raw/main/seq_s224_fifo_seed5.json,seq,224,fifo,False,5,89600,1.750,False,1.0,0,200
results/raw/main/seq_s224_fifo_seed5.json,seq,224,fifo,False,5,102400,2.000,False,1.0,0,200
results/raw/main/seq_s224_fifo_seed5.json,seq,224,fifo,False,5,115200,2.250,False,1.0,0,200
results/raw/main/seq_s224_fifo_seed5.json,seq,224,fifo,False,5,128000,2.500,False,1.0,0,200
results/raw/main/seq_s224_fifo_seed5.json,seq,224,fifo,False,5,140800,2.750,False,1.0,0,200
results/raw/main/seq_s224_fifo_seed5.json,seq,224,fifo,False,5,153600,3.000,False,1.0,0,200
results/raw/main/seq_s224_fifo_seed5.json,seq,224,fifo,False,5,166400,3.250,False,1.0,0,200
results/raw/main/seq_s224_fifo_seed5.json,seq,224,fifo,False,5,179200,3.500,False,1.0,0,200
results/raw/main/seq_s224_fifo_seed5.json,seq,224,fifo,False,5,192000,3.750,False,1.0,0,200
results/raw/main/seq_s224_fifo_seed5.json,seq,224,fifo,False,5,204800,4.000,False,1.0,0,200
results/raw/main/seq_s224_fifo_seed5.json,seq,224,fifo,False,5,217600,4.250,True,1.0,0,200
results/raw/main/seq_s224_fifo_seed5.json,seq,224,fifo,False,5,230400,4.500,True,1.0,0,200
results/raw/main/seq_s224_fifo_seed5.json,seq,224,fifo,False,5,243200,4.750,True,1.0,0,200
results/raw/main/seq_s224_fifo_seed5.json,seq,224,fifo,False,5,256000,5.000,True,1.0,0,200
results/raw/main/seq_s224_fifo_seed5.json,seq,224,fifo,False,5,268800,5.250,True,1.0,0,200
results/raw/main/seq_s224_fifo_seed5.json,seq,224,fifo,False,5,281600,5.500,True,1.0,0,200
results/raw/main/seq_s224_fifo_seed5.json,seq,224,fifo,False,5,294400,5.750,True,1.0,0,200
results/raw/main/seq_s224_fifo_seed5.json,seq,224,fifo,False,5,307200,6.000,True,1.0,0,200
results/raw/main/seq_s224_fifo_seed5.json,seq,224,fifo,False,5,320000,6.250,True,1.0,0,200
results/raw/main/seq_s224_fifo_seed5.json,seq,224,fifo,False,5,332800,6.500,True,1.0,0,200
results/raw/main/seq_s224_fifo_seed5.json,seq,224,fifo,False,5,345600,6.750,True,1.0,0,200
results/raw/main/seq_s224_fifo_seed5.json,seq,224,fifo,False,5,358400,7.000,True,1.0,0,200
results/raw/main/seq_s224_fifo_seed5.json,seq,224,fifo,False,5,371200,7.250,True,1.0,0,200
results/raw/main/seq_s224_fifo_seed5.json,seq,224,fifo,False,5,384000,7.500,True,1.0,0,200
results/raw/main/seq_s224_fifo_seed5.json,seq,224,fifo,False,5,396800,7.750,True,1.0,0,200
results/raw/main/seq_s224_fifo_seed5.json,seq,224,fifo,False,5,409600,8.000,True,1.0,0,200
results/raw/main/seq_s224_fifo_seed5.json,seq,224,fifo,False,5,422400,8.250,True,1.0,0,200
results/raw/main/seq_s224_fifo_seed5.json,seq,224,fifo,False,5,435200,8.500,True,1.0,0,200
results/raw/main/seq_s224_fifo_seed5.json,seq,224,fifo,False,5,448000,8.750,True,1.0,0,200
results/raw/main/seq_s224_fifo_seed5.json,seq,224,fifo,False,5,460800,9.000,True,1.0,0,200
results/raw/main/seq_s224_fifo_seed5.json,seq,224,fifo,False,5,473600,9.250,True,1.0,0,200
results/raw/main/seq_s224_fifo_seed5.json,seq,224,fifo,False,5,486400,9.500,True,1.0,0,200
results/raw/main/seq_s224_fifo_seed5.json,seq,224,fifo,False,5,499200,9.750,True,1.0,0,200
results/raw/main/seq_s224_fifo_seed5.json,seq,224,fifo,False,5,512000,10.000,True,1.0,0,200
results/raw/main/seq_s224_fifo_seed5.json,seq,224,fifo,False,5,524800,10.250,True,1.0,0,200
results/raw/main/seq_s224_fifo_seed5.json,seq,224,fifo,False,5,537600,10.500,True,1.0,0,200
results/raw/main/seq_s224_fifo_seed5.json,seq,224,fifo,False,5,550400,10.750,True,1.0,0,200
results/raw/main/seq_s224_fifo_seed5.json,seq,224,fifo,False,5,563200,11.000,True,1.0,0,200
results/raw/main/seq_s224_fifo_seed5.json,seq,224,fifo,False,5,576000,11.250,True,1.0,0,200
results/raw/main/seq_s224_fifo_seed5.json,seq,224,fifo,False,5,588800,11.500,True,1.0,0,200
results/raw/main/seq_s224_fifo_seed5.json,seq,224,fifo,False,5,601600,11.750,True,1.0,0,200
results/raw/main/seq_s224_fifo_seed5.json,seq,224,fifo,False,5,614400,12.000,True,1.0,0,200
results/raw/main/seq_s224_greedy_seed1.json,seq,224,greedy,False,1,12800,0.250,False,1.0,0,0
results/raw/main/seq_s224_greedy_seed1.json,seq,224,greedy,False,1,25600,0.500,False,1.0,0,177
results/raw/main/seq_s224_greedy_seed1.json,seq,224,greedy,False,1,38400,0.750,False,1.0,0,200
results/raw/main/seq_s224_greedy_seed1.json,seq,224,greedy,False,1,51200,1.000,False,1.0,0,200
results/raw/main/seq_s224_greedy_seed1.json,seq,224,greedy,False,1,64000,1.250,False,1.0,0,200
results/raw/main/seq_s224_greedy_seed1.json,seq,224,greedy,False,1,76800,1.500,False,1.0,0,200
results/raw/main/seq_s224_greedy_seed1.json,seq,224,greedy,False,1,89600,1.750,False,1.0,0,200
results/raw/main/seq_s224_greedy_seed1.json,seq,224,greedy,False,1,102400,2.000,False,1.0,0,200
results/raw/main/seq_s224_greedy_seed1.json,seq,224,greedy,False,1,115200,2.250,False,1.0,0,200
results/raw/main/seq_s224_greedy_seed1.json,seq,224,greedy,False,1,128000,2.500,False,1.0,0,200
results/raw/main/seq_s224_greedy_seed1.json,seq,224,greedy,False,1,140800,2.750,False,1.0,0,200
results/raw/main/seq_s224_greedy_seed1.json,seq,224,greedy,False,1,153600,3.000,False,1.0,0,200
results/raw/main/seq_s224_greedy_seed1.json,seq,224,greedy,False,1,166400,3.250,False,1.0,0,200
results/raw/main/seq_s224_greedy_seed1.json,seq,224,greedy,False,1,179200,3.500,False,1.0,0,200
results/raw/main/seq_s224_greedy_seed1.json,seq,224,greedy,False,1,192000,3.750,False,1.0,0,200
results/raw/main/seq_s224_greedy_seed1.json,seq,224,greedy,False,1,204800,4.000,False,1.0,0,200
results/raw/main/seq_s224_greedy_seed1.json,seq,224,greedy,False,1,217600,4.250,True,1.0,0,200
results/raw/main/seq_s224_greedy_seed1.json,seq,224,greedy,False,1,230400,4.500,True,1.0,0,200
results/raw/main/seq_s224_greedy_seed1.json,seq,224,greedy,False,1,243200,4.750,True,1.0,0,200
results/raw/main/seq_s224_greedy_seed1.json,seq,224,greedy,False,1,256000,5.000,True,1.0,0,200
results/raw/main/seq_s224_greedy_seed1.json,seq,224,greedy,False,1,268800,5.250,True,1.0,0,200
results/raw/main/seq_s224_greedy_seed1.json,seq,224,greedy,False,1,281600,5.500,True,1.0,0,200
results/raw/main/seq_s224_greedy_seed1.json,seq,224,greedy,False,1,294400,5.750,True,1.0,0,200
results/raw/main/seq_s224_greedy_seed1.json,seq,224,greedy,False,1,307200,6.000,True,1.0,0,200
results/raw/main/seq_s224_greedy_seed1.json,seq,224,greedy,False,1,320000,6.250,True,1.0,0,200
results/raw/main/seq_s224_greedy_seed1.json,seq,224,greedy,False,1,332800,6.500,True,1.0,0,200
results/raw/main/seq_s224_greedy_seed1.json,seq,224,greedy,False,1,345600,6.750,True,1.0,0,200
results/raw/main/seq_s224_greedy_seed1.json,seq,224,greedy,False,1,358400,7.000,True,1.0,0,200
results/raw/main/seq_s224_greedy_seed1.json,seq,224,greedy,False,1,371200,7.250,True,1.0,0,200
results/raw/main/seq_s224_greedy_seed1.json,seq,224,greedy,False,1,384000,7.500,True,1.0,0,200
results/raw/main/seq_s224_greedy_seed1.json,seq,224,greedy,False,1,396800,7.750,True,1.0,0,200
results/raw/main/seq_s224_greedy_seed1.json,seq,224,greedy,False,1,409600,8.000,True,1.0,0,200
results/raw/main/seq_s224_greedy_seed1.json,seq,224,greedy,False,1,422400,8.250,True,1.0,0,200
results/raw/main/seq_s224_greedy_seed1.json,seq,224,greedy,False,1,435200,8.500,True,1.0,0,200
results/raw/main/seq_s224_greedy_seed1.json,seq,224,greedy,False,1,448000,8.750,True,1.0,0,200
results/raw/main/seq_s224_greedy_seed1.json,seq,224,greedy,False,1,460800,9.000,True,1.0,0,200
results/raw/main/seq_s224_greedy_seed1.json,seq,224,greedy,False,1,473600,9.250,True,1.0,0,200
results/raw/main/seq_s224_greedy_seed1.json,seq,224,greedy,False,1,486400,9.500,True,1.0,0,200
results/raw/main/seq_s224_greedy_seed1.json,seq,224,greedy,False,1,499200,9.750,True,1.0,0,200
results/raw/main/seq_s224_greedy_seed1.json,seq,224,greedy,False,1,512000,10.000,True,1.0,0,200
results/raw/main/seq_s224_greedy_seed1.json,seq,224,greedy,False,1,524800,10.250,True,1.0,0,200
results/raw/main/seq_s224_greedy_seed1.json,seq,224,greedy,False,1,537600,10.500,True,1.0,0,200
results/raw/main/seq_s224_greedy_seed1.json,seq,224,greedy,False,1,550400,10.750,True,1.0,0,200
results/raw/main/seq_s224_greedy_seed1.json,seq,224,greedy,False,1,563200,11.000,True,1.0,0,200
results/raw/main/seq_s224_greedy_seed1.json,seq,224,greedy,False,1,576000,11.250,True,1.0,0,200
results/raw/main/seq_s224_greedy_seed1.json,seq,224,greedy,False,1,588800,11.500,True,1.0,0,200
results/raw/main/seq_s224_greedy_seed1.json,seq,224,greedy,False,1,601600,11.750,True,1.0,0,200
results/raw/main/seq_s224_greedy_seed1.json,seq,224,greedy,False,1,614400,12.000,True,1.0,0,200
results/raw/main/seq_s224_greedy_seed2.json,seq,224,greedy,False,2,12800,0.250,False,1.0,0,0
results/raw/main/seq_s224_greedy_seed2.json,seq,224,greedy,False,2,25600,0.500,False,1.0,0,177
results/raw/main/seq_s224_greedy_seed2.json,seq,224,greedy,False,2,38400,0.750,False,1.0,0,200
results/raw/main/seq_s224_greedy_seed2.json,seq,224,greedy,False,2,51200,1.000,False,1.0,0,200
results/raw/main/seq_s224_greedy_seed2.json,seq,224,greedy,False,2,64000,1.250,False,1.0,0,200
results/raw/main/seq_s224_greedy_seed2.json,seq,224,greedy,False,2,76800,1.500,False,1.0,0,200
results/raw/main/seq_s224_greedy_seed2.json,seq,224,greedy,False,2,89600,1.750,False,1.0,0,200
results/raw/main/seq_s224_greedy_seed2.json,seq,224,greedy,False,2,102400,2.000,False,1.0,0,200
results/raw/main/seq_s224_greedy_seed2.json,seq,224,greedy,False,2,115200,2.250,False,1.0,0,200
results/raw/main/seq_s224_greedy_seed2.json,seq,224,greedy,False,2,128000,2.500,False,1.0,0,200
results/raw/main/seq_s224_greedy_seed2.json,seq,224,greedy,False,2,140800,2.750,False,1.0,0,200
results/raw/main/seq_s224_greedy_seed2.json,seq,224,greedy,False,2,153600,3.000,False,1.0,0,200
results/raw/main/seq_s224_greedy_seed2.json,seq,224,greedy,False,2,166400,3.250,False,1.0,0,200
results/raw/main/seq_s224_greedy_seed2.json,seq,224,greedy,False,2,179200,3.500,False,1.0,0,200
results/raw/main/seq_s224_greedy_seed2.json,seq,224,greedy,False,2,192000,3.750,False,1.0,0,200
results/raw/main/seq_s224_greedy_seed2.json,seq,224,greedy,False,2,204800,4.000,False,1.0,0,200
results/raw/main/seq_s224_greedy_seed2.json,seq,224,greedy,False,2,217600,4.250,True,1.0,0,200
results/raw/main/seq_s224_greedy_seed2.json,seq,224,greedy,False,2,230400,4.500,True,1.0,0,200
results/raw/main/seq_s224_greedy_seed2.json,seq,224,greedy,False,2,243200,4.750,True,1.0,0,200
results/raw/main/seq_s224_greedy_seed2.json,seq,224,greedy,False,2,256000,5.000,True,1.0,0,200
results/raw/main/seq_s224_greedy_seed2.json,seq,224,greedy,False,2,268800,5.250,True,1.0,0,200
results/raw/main/seq_s224_greedy_seed2.json,seq,224,greedy,False,2,281600,5.500,True,1.0,0,200
results/raw/main/seq_s224_greedy_seed2.json,seq,224,greedy,False,2,294400,5.750,True,1.0,0,200
results/raw/main/seq_s224_greedy_seed2.json,seq,224,greedy,False,2,307200,6.000,True,1.0,0,200
results/raw/main/seq_s224_greedy_seed2.json,seq,224,greedy,False,2,320000,6.250,True,1.0,0,200
results/raw/main/seq_s224_greedy_seed2.json,seq,224,greedy,False,2,332800,6.500,True,1.0,0,200
results/raw/main/seq_s224_greedy_seed2.json,seq,224,greedy,False,2,345600,6.750,True,1.0,0,200
results/raw/main/seq_s224_greedy_seed2.json,seq,224,greedy,False,2,358400,7.000,True,1.0,0,200
results/raw/main/seq_s224_greedy_seed2.json,seq,224,greedy,False,2,371200,7.250,True,1.0,0,200
results/raw/main/seq_s224_greedy_seed2.json,seq,224,greedy,False,2,384000,7.500,True,1.0,0,200
results/raw/main/seq_s224_greedy_seed2.json,seq,224,greedy,False,2,396800,7.750,True,1.0,0,200
results/raw/main/seq_s224_greedy_seed2.json,seq,224,greedy,False,2,409600,8.000,True,1.0,0,200
results/raw/main/seq_s224_greedy_seed2.json,seq,224,greedy,False,2,422400,8.250,True,1.0,0,200
results/raw/main/seq_s224_greedy_seed2.json,seq,224,greedy,False,2,435200,8.500,True,1.0,0,200
results/raw/main/seq_s224_greedy_seed2.json,seq,224,greedy,False,2,448000,8.750,True,1.0,0,200
results/raw/main/seq_s224_greedy_seed2.json,seq,224,greedy,False,2,460800,9.000,True,1.0,0,200
results/raw/main/seq_s224_greedy_seed2.json,seq,224,greedy,False,2,473600,9.250,True,1.0,0,200
results/raw/main/seq_s224_greedy_seed2.json,seq,224,greedy,False,2,486400,9.500,True,1.0,0,200
results/raw/main/seq_s224_greedy_seed2.json,seq,224,greedy,False,2,499200,9.750,True,1.0,0,200
results/raw/main/seq_s224_greedy_seed2.json,seq,224,greedy,False,2,512000,10.000,True,1.0,0,200
results/raw/main/seq_s224_greedy_seed2.json,seq,224,greedy,False,2,524800,10.250,True,1.0,0,200
results/raw/main/seq_s224_greedy_seed2.json,seq,224,greedy,False,2,537600,10.500,True,1.0,0,200
results/raw/main/seq_s224_greedy_seed2.json,seq,224,greedy,False,2,550400,10.750,True,1.0,0,200
results/raw/main/seq_s224_greedy_seed2.json,seq,224,greedy,False,2,563200,11.000,True,1.0,0,200
results/raw/main/seq_s224_greedy_seed2.json,seq,224,greedy,False,2,576000,11.250,True,1.0,0,200
results/raw/main/seq_s224_greedy_seed2.json,seq,224,greedy,False,2,588800,11.500,True,1.0,0,200
results/raw/main/seq_s224_greedy_seed2.json,seq,224,greedy,False,2,601600,11.750,True,1.0,0,200
results/raw/main/seq_s224_greedy_seed2.json,seq,224,greedy,False,2,614400,12.000,True,1.0,0,200
results/raw/main/seq_s224_greedy_seed3.json,seq,224,greedy,False,3,12800,0.250,False,1.0,0,0
results/raw/main/seq_s224_greedy_seed3.json,seq,224,greedy,False,3,25600,0.500,False,1.0,0,177
results/raw/main/seq_s224_greedy_seed3.json,seq,224,greedy,False,3,38400,0.750,False,1.0,0,200
results/raw/main/seq_s224_greedy_seed3.json,seq,224,greedy,False,3,51200,1.000,False,1.0,0,200
results/raw/main/seq_s224_greedy_seed3.json,seq,224,greedy,False,3,64000,1.250,False,1.0,0,200
results/raw/main/seq_s224_greedy_seed3.json,seq,224,greedy,False,3,76800,1.500,False,1.0,0,200
results/raw/main/seq_s224_greedy_seed3.json,seq,224,greedy,False,3,89600,1.750,False,1.0,0,200
results/raw/main/seq_s224_greedy_seed3.json,seq,224,greedy,False,3,102400,2.000,False,1.0,0,200
results/raw/main/seq_s224_greedy_seed3.json,seq,224,greedy,False,3,115200,2.250,False,1.0,0,200
results/raw/main/seq_s224_greedy_seed3.json,seq,224,greedy,False,3,128000,2.500,False,1.0,0,200
results/raw/main/seq_s224_greedy_seed3.json,seq,224,greedy,False,3,140800,2.750,False,1.0,0,200
results/raw/main/seq_s224_greedy_seed3.json,seq,224,greedy,False,3,153600,3.000,False,1.0,0,200
results/raw/main/seq_s224_greedy_seed3.json,seq,224,greedy,False,3,166400,3.250,False,1.0,0,200
results/raw/main/seq_s224_greedy_seed3.json,seq,224,greedy,False,3,179200,3.500,False,1.0,0,200
results/raw/main/seq_s224_greedy_seed3.json,seq,224,greedy,False,3,192000,3.750,False,1.0,0,200
results/raw/main/seq_s224_greedy_seed3.json,seq,224,greedy,False,3,204800,4.000,False,1.0,0,200
results/raw/main/seq_s224_greedy_seed3.json,seq,224,greedy,False,3,217600,4.250,True,1.0,0,200
results/raw/main/seq_s224_greedy_seed3.json,seq,224,greedy,False,3,230400,4.500,True,1.0,0,200
results/raw/main/seq_s224_greedy_seed3.json,seq,224,greedy,False,3,243200,4.750,True,1.0,0,200
results/raw/main/seq_s224_greedy_seed3.json,seq,224,greedy,False,3,256000,5.000,True,1.0,0,200
results/raw/main/seq_s224_greedy_seed3.json,seq,224,greedy,False,3,268800,5.250,True,1.0,0,200
results/raw/main/seq_s224_greedy_seed3.json,seq,224,greedy,False,3,281600,5.500,True,1.0,0,200
results/raw/main/seq_s224_greedy_seed3.json,seq,224,greedy,False,3,294400,5.750,True,1.0,0,200
results/raw/main/seq_s224_greedy_seed3.json,seq,224,greedy,False,3,307200,6.000,True,1.0,0,200
results/raw/main/seq_s224_greedy_seed3.json,seq,224,greedy,False,3,320000,6.250,True,1.0,0,200
results/raw/main/seq_s224_greedy_seed3.json,seq,224,greedy,False,3,332800,6.500,True,1.0,0,200
results/raw/main/seq_s224_greedy_seed3.json,seq,224,greedy,False,3,345600,6.750,True,1.0,0,200
results/raw/main/seq_s224_greedy_seed3.json,seq,224,greedy,False,3,358400,7.000,True,1.0,0,200
results/raw/main/seq_s224_greedy_seed3.json,seq,224,greedy,False,3,371200,7.250,True,1.0,0,200
results/raw/main/seq_s224_greedy_seed3.json,seq,224,greedy,False,3,384000,7.500,True,1.0,0,200
results/raw/main/seq_s224_greedy_seed3.json,seq,224,greedy,False,3,396800,7.750,True,1.0,0,200
results/raw/main/seq_s224_greedy_seed3.json,seq,224,greedy,False,3,409600,8.000,True,1.0,0,200
results/raw/main/seq_s224_greedy_seed3.json,seq,224,greedy,False,3,422400,8.250,True,1.0,0,200
results/raw/main/seq_s224_greedy_seed3.json,seq,224,greedy,False,3,435200,8.500,True,1.0,0,200
results/raw/main/seq_s224_greedy_seed3.json,seq,224,greedy,False,3,448000,8.750,True,1.0,0,200
results/raw/main/seq_s224_greedy_seed3.json,seq,224,greedy,False,3,460800,9.000,True,1.0,0,200
results/raw/main/seq_s224_greedy_seed3.json,seq,224,greedy,False,3,473600,9.250,True,1.0,0,200
results/raw/main/seq_s224_greedy_seed3.json,seq,224,greedy,False,3,486400,9.500,True,1.0,0,200
results/raw/main/seq_s224_greedy_seed3.json,seq,224,greedy,False,3,499200,9.750,True,1.0,0,200
results/raw/main/seq_s224_greedy_seed3.json,seq,224,greedy,False,3,512000,10.000,True,1.0,0,200
results/raw/main/seq_s224_greedy_seed3.json,seq,224,greedy,False,3,524800,10.250,True,1.0,0,200
results/raw/main/seq_s224_greedy_seed3.json,seq,224,greedy,False,3,537600,10.500,True,1.0,0,200
results/raw/main/seq_s224_greedy_seed3.json,seq,224,greedy,False,3,550400,10.750,True,1.0,0,200
results/raw/main/seq_s224_greedy_seed3.json,seq,224,greedy,False,3,563200,11.000,True,1.0,0,200
results/raw/main/seq_s224_greedy_seed3.json,seq,224,greedy,False,3,576000,11.250,True,1.0,0,200
results/raw/main/seq_s224_greedy_seed3.json,seq,224,greedy,False,3,588800,11.500,True,1.0,0,200
results/raw/main/seq_s224_greedy_seed3.json,seq,224,greedy,False,3,601600,11.750,True,1.0,0,200
results/raw/main/seq_s224_greedy_seed3.json,seq,224,greedy,False,3,614400,12.000,True,1.0,0,200
results/raw/main/seq_s224_greedy_seed4.json,seq,224,greedy,False,4,12800,0.250,False,1.0,0,0
results/raw/main/seq_s224_greedy_seed4.json,seq,224,greedy,False,4,25600,0.500,False,1.0,0,177
results/raw/main/seq_s224_greedy_seed4.json,seq,224,greedy,False,4,38400,0.750,False,1.0,0,200
results/raw/main/seq_s224_greedy_seed4.json,seq,224,greedy,False,4,51200,1.000,False,1.0,0,200
results/raw/main/seq_s224_greedy_seed4.json,seq,224,greedy,False,4,64000,1.250,False,1.0,0,200
results/raw/main/seq_s224_greedy_seed4.json,seq,224,greedy,False,4,76800,1.500,False,1.0,0,200
results/raw/main/seq_s224_greedy_seed4.json,seq,224,greedy,False,4,89600,1.750,False,1.0,0,200
results/raw/main/seq_s224_greedy_seed4.json,seq,224,greedy,False,4,102400,2.000,False,1.0,0,200
results/raw/main/seq_s224_greedy_seed4.json,seq,224,greedy,False,4,115200,2.250,False,1.0,0,200
results/raw/main/seq_s224_greedy_seed4.json,seq,224,greedy,False,4,128000,2.500,False,1.0,0,200
results/raw/main/seq_s224_greedy_seed4.json,seq,224,greedy,False,4,140800,2.750,False,1.0,0,200
results/raw/main/seq_s224_greedy_seed4.json,seq,224,greedy,False,4,153600,3.000,False,1.0,0,200
results/raw/main/seq_s224_greedy_seed4.json,seq,224,greedy,False,4,166400,3.250,False,1.0,0,200
results/raw/main/seq_s224_greedy_seed4.json,seq,224,greedy,False,4,179200,3.500,False,1.0,0,200
results/raw/main/seq_s224_greedy_seed4.json,seq,224,greedy,False,4,192000,3.750,False,1.0,0,200
results/raw/main/seq_s224_greedy_seed4.json,seq,224,greedy,False,4,204800,4.000,False,1.0,0,200
results/raw/main/seq_s224_greedy_seed4.json,seq,224,greedy,False,4,217600,4.250,True,1.0,0,200
results/raw/main/seq_s224_greedy_seed4.json,seq,224,greedy,False,4,230400,4.500,True,1.0,0,200
results/raw/main/seq_s224_greedy_seed4.json,seq,224,greedy,False,4,243200,4.750,True,1.0,0,200
results/raw/main/seq_s224_greedy_seed4.json,seq,224,greedy,False,4,256000,5.000,True,1.0,0,200
results/raw/main/seq_s224_greedy_seed4.json,seq,224,greedy,False,4,268800,5.250,True,1.0,0,200
results/raw/main/seq_s224_greedy_seed4.json,seq,224,greedy,False,4,281600,5.500,True,1.0,0,200
results/raw/main/seq_s224_greedy_seed4.json,seq,224,greedy,False,4,294400,5.750,True,1.0,0,200
results/raw/main/seq_s224_greedy_seed4.json,seq,224,greedy,False,4,307200,6.000,True,1.0,0,200
results/raw/main/seq_s224_greedy_seed4.json,seq,224,greedy,False,4,320000,6.250,True,1.0,0,200
results/raw/main/seq_s224_greedy_seed4.json,seq,224,greedy,False,4,332800,6.500,True,1.0,0,200
results/raw/main/seq_s224_greedy_seed4.json,seq,224,greedy,False,4,345600,6.750,True,1.0,0,200
results/raw/main/seq_s224_greedy_seed4.json,seq,224,greedy,False,4,358400,7.000,True,1.0,0,200
results/raw/main/seq_s224_greedy_seed4.json,seq,224,greedy,False,4,371200,7.250,True,1.0,0,200
results/raw/main/seq_s224_greedy_seed4.json,seq,224,greedy,False,4,384000,7.500,True,1.0,0,200
results/raw/main/seq_s224_greedy_seed4.json,seq,224,greedy,False,4,396800,7.750,True,1.0,0,200
results/raw/main/seq_s224_greedy_seed4.json,seq,224,greedy,False,4,409600,8.000,True,1.0,0,200
results/raw/main/seq_s224_greedy_seed4.json,seq,224,greedy,False,4,422400,8.250,True,1.0,0,200
results/raw/main/seq_s224_greedy_seed4.json,seq,224,greedy,False,4,435200,8.500,True,1.0,0,200
results/raw/main/seq_s224_greedy_seed4.json,seq,224,greedy,False,4,448000,8.750,True,1.0,0,200
results/raw/main/seq_s224_greedy_seed4.json,seq,224,greedy,False,4,460800,9.000,True,1.0,0,200
results/raw/main/seq_s224_greedy_seed4.json,seq,224,greedy,False,4,473600,9.250,True,1.0,0,200
results/raw/main/seq_s224_greedy_seed4.json,seq,224,greedy,False,4,486400,9.500,True,1.0,0,200
results/raw/main/seq_s224_greedy_seed4.json,seq,224,greedy,False,4,499200,9.750,True,1.0,0,200
results/raw/main/seq_s224_greedy_seed4.json,seq,224,greedy,False,4,512000,10.000,True,1.0,0,200
results/raw/main/seq_s224_greedy_seed4.json,seq,224,greedy,False,4,524800,10.250,True,1.0,0,200
results/raw/main/seq_s224_greedy_seed4.json,seq,224,greedy,False,4,537600,10.500,True,1.0,0,200
results/raw/main/seq_s224_greedy_seed4.json,seq,224,greedy,False,4,550400,10.750,True,1.0,0,200
results/raw/main/seq_s224_greedy_seed4.json,seq,224,greedy,False,4,563200,11.000,True,1.0,0,200
results/raw/main/seq_s224_greedy_seed4.json,seq,224,greedy,False,4,576000,11.250,True,1.0,0,200
results/raw/main/seq_s224_greedy_seed4.json,seq,224,greedy,False,4,588800,11.500,True,1.0,0,200
results/raw/main/seq_s224_greedy_seed4.json,seq,224,greedy,False,4,601600,11.750,True,1.0,0,200
results/raw/main/seq_s224_greedy_seed4.json,seq,224,greedy,False,4,614400,12.000,True,1.0,0,200
results/raw/main/seq_s224_greedy_seed5.json,seq,224,greedy,False,5,12800,0.250,False,1.0,0,0
results/raw/main/seq_s224_greedy_seed5.json,seq,224,greedy,False,5,25600,0.500,False,1.0,0,177
results/raw/main/seq_s224_greedy_seed5.json,seq,224,greedy,False,5,38400,0.750,False,1.0,0,200
results/raw/main/seq_s224_greedy_seed5.json,seq,224,greedy,False,5,51200,1.000,False,1.0,0,200
results/raw/main/seq_s224_greedy_seed5.json,seq,224,greedy,False,5,64000,1.250,False,1.0,0,200
results/raw/main/seq_s224_greedy_seed5.json,seq,224,greedy,False,5,76800,1.500,False,1.0,0,200
results/raw/main/seq_s224_greedy_seed5.json,seq,224,greedy,False,5,89600,1.750,False,1.0,0,200
results/raw/main/seq_s224_greedy_seed5.json,seq,224,greedy,False,5,102400,2.000,False,1.0,0,200
results/raw/main/seq_s224_greedy_seed5.json,seq,224,greedy,False,5,115200,2.250,False,1.0,0,200
results/raw/main/seq_s224_greedy_seed5.json,seq,224,greedy,False,5,128000,2.500,False,1.0,0,200
results/raw/main/seq_s224_greedy_seed5.json,seq,224,greedy,False,5,140800,2.750,False,1.0,0,200
results/raw/main/seq_s224_greedy_seed5.json,seq,224,greedy,False,5,153600,3.000,False,1.0,0,200
results/raw/main/seq_s224_greedy_seed5.json,seq,224,greedy,False,5,166400,3.250,False,1.0,0,200
results/raw/main/seq_s224_greedy_seed5.json,seq,224,greedy,False,5,179200,3.500,False,1.0,0,200
results/raw/main/seq_s224_greedy_seed5.json,seq,224,greedy,False,5,192000,3.750,False,1.0,0,200
results/raw/main/seq_s224_greedy_seed5.json,seq,224,greedy,False,5,204800,4.000,False,1.0,0,200
results/raw/main/seq_s224_greedy_seed5.json,seq,224,greedy,False,5,217600,4.250,True,1.0,0,200
results/raw/main/seq_s224_greedy_seed5.json,seq,224,greedy,False,5,230400,4.500,True,1.0,0,200
results/raw/main/seq_s224_greedy_seed5.json,seq,224,greedy,False,5,243200,4.750,True,1.0,0,200
results/raw/main/seq_s224_greedy_seed5.json,seq,224,greedy,False,5,256000,5.000,True,1.0,0,200
results/raw/main/seq_s224_greedy_seed5.json,seq,224,greedy,False,5,268800,5.250,True,1.0,0,200
results/raw/main/seq_s224_greedy_seed5.json,seq,224,greedy,False,5,281600,5.500,True,1.0,0,200
results/raw/main/seq_s224_greedy_seed5.json,seq,224,greedy,False,5,294400,5.750,True,1.0,0,200
results/raw/main/seq_s224_greedy_seed5.json,seq,224,greedy,False,5,307200,6.000,True,1.0,0,200
results/raw/main/seq_s224_greedy_seed5.json,seq,224,greedy,False,5,320000,6.250,True,1.0,0,200
results/raw/main/seq_s224_greedy_seed5.json,seq,224,greedy,False,5,332800,6.500,True,1.0,0,200
results/raw/main/seq_s224_greedy_seed5.json,seq,224,greedy,False,5,345600,6.750,True,1.0,0,200
results/raw/main/seq_s224_greedy_seed5.json,seq,224,greedy,False,5,358400,7.000,True,1.0,0,200
results/raw/main/seq_s224_greedy_seed5.json,seq,224,greedy,False,5,371200,7.250,True,1.0,0,200
results/raw/main/seq_s224_greedy_seed5.json,seq,224,greedy,False,5,384000,7.500,True,1.0,0,200
results/raw/main/seq_s224_greedy_seed5.json,seq,224,greedy,False,5,396800,7.750,True,1.0,0,200
results/raw/main/seq_s224_greedy_seed5.json,seq,224,greedy,False,5,409600,8.000,True,1.0,0,200
results/raw/main/seq_s224_greedy_seed5.json,seq,224,greedy,False,5,422400,8.250,True,1.0,0,200
results/raw/main/seq_s224_greedy_seed5.json,seq,224,greedy,False,5,435200,8.500,True,1.0,0,200
results/raw/main/seq_s224_greedy_seed5.json,seq,224,greedy,False,5,448000,8.750,True,1.0,0,200
results/raw/main/seq_s224_greedy_seed5.json,seq,224,greedy,False,5,460800,9.000,True,1.0,0,200
results/raw/main/seq_s224_greedy_seed5.json,seq,224,greedy,False,5,473600,9.250,True,1.0,0,200
results/raw/main/seq_s224_greedy_seed5.json,seq,224,greedy,False,5,486400,9.500,True,1.0,0,200
results/raw/main/seq_s224_greedy_seed5.json,seq,224,greedy,False,5,499200,9.750,True,1.0,0,200
results/raw/main/seq_s224_greedy_seed5.json,seq,224,greedy,False,5,512000,10.000,True,1.0,0,200
results/raw/main/seq_s224_greedy_seed5.json,seq,224,greedy,False,5,524800,10.250,True,1.0,0,200
results/raw/main/seq_s224_greedy_seed5.json,seq,224,greedy,False,5,537600,10.500,True,1.0,0,200
results/raw/main/seq_s224_greedy_seed5.json,seq,224,greedy,False,5,550400,10.750,True,1.0,0,200
results/raw/main/seq_s224_greedy_seed5.json,seq,224,greedy,False,5,563200,11.000,True,1.0,0,200
results/raw/main/seq_s224_greedy_seed5.json,seq,224,greedy,False,5,576000,11.250,True,1.0,0,200
results/raw/main/seq_s224_greedy_seed5.json,seq,224,greedy,False,5,588800,11.500,True,1.0,0,200
results/raw/main/seq_s224_greedy_seed5.json,seq,224,greedy,False,5,601600,11.750,True,1.0,0,200
results/raw/main/seq_s224_greedy_seed5.json,seq,224,greedy,False,5,614400,12.000,True,1.0,0,200
results/raw/main/seq_s72_fifo_seed1.json,seq,72,fifo,False,1,15232,0.250,False,1.0,0,167
results/raw/main/seq_s72_fifo_seed1.json,seq,72,fifo,False,1,30464,0.500,False,1.0,0,238
results/raw/main/seq_s72_fifo_seed1.json,seq,72,fifo,False,1,45696,0.750,False,1.0,0,238
results/raw/main/seq_s72_fifo_seed1.json,seq,72,fifo,False,1,60928,1.000,False,1.0,0,238
results/raw/main/seq_s72_fifo_seed1.json,seq,72,fifo,False,1,76160,1.250,False,1.0,0,238
results/raw/main/seq_s72_fifo_seed1.json,seq,72,fifo,False,1,91392,1.500,False,1.0,0,238
results/raw/main/seq_s72_fifo_seed1.json,seq,72,fifo,False,1,106624,1.750,False,1.0,0,238
results/raw/main/seq_s72_fifo_seed1.json,seq,72,fifo,False,1,121856,2.000,False,1.0,0,238
results/raw/main/seq_s72_fifo_seed1.json,seq,72,fifo,False,1,137088,2.250,False,1.0,0,238
results/raw/main/seq_s72_fifo_seed1.json,seq,72,fifo,False,1,152320,2.500,False,1.0,0,238
results/raw/main/seq_s72_fifo_seed1.json,seq,72,fifo,False,1,167552,2.750,False,1.0,0,238
results/raw/main/seq_s72_fifo_seed1.json,seq,72,fifo,False,1,182784,3.000,False,1.0,0,238
results/raw/main/seq_s72_fifo_seed1.json,seq,72,fifo,False,1,198016,3.250,False,1.0,0,238
results/raw/main/seq_s72_fifo_seed1.json,seq,72,fifo,False,1,213248,3.500,False,1.0,0,238
results/raw/main/seq_s72_fifo_seed1.json,seq,72,fifo,False,1,228480,3.750,False,1.0,0,238
results/raw/main/seq_s72_fifo_seed1.json,seq,72,fifo,False,1,243712,4.000,False,1.0,0,238
results/raw/main/seq_s72_fifo_seed1.json,seq,72,fifo,False,1,258944,4.250,True,1.0,0,238
results/raw/main/seq_s72_fifo_seed1.json,seq,72,fifo,False,1,274176,4.500,True,1.0,0,238
results/raw/main/seq_s72_fifo_seed1.json,seq,72,fifo,False,1,289408,4.750,True,1.0,0,238
results/raw/main/seq_s72_fifo_seed1.json,seq,72,fifo,False,1,304640,5.000,True,1.0,0,238
results/raw/main/seq_s72_fifo_seed1.json,seq,72,fifo,False,1,319872,5.250,True,1.0,0,238
results/raw/main/seq_s72_fifo_seed1.json,seq,72,fifo,False,1,335104,5.500,True,1.0,0,238
results/raw/main/seq_s72_fifo_seed1.json,seq,72,fifo,False,1,350336,5.750,True,1.0,0,238
results/raw/main/seq_s72_fifo_seed1.json,seq,72,fifo,False,1,365568,6.000,True,1.0,0,238
results/raw/main/seq_s72_fifo_seed1.json,seq,72,fifo,False,1,380800,6.250,True,1.0,0,238
results/raw/main/seq_s72_fifo_seed1.json,seq,72,fifo,False,1,396032,6.500,True,1.0,0,238
results/raw/main/seq_s72_fifo_seed1.json,seq,72,fifo,False,1,411264,6.750,True,1.0,0,238
results/raw/main/seq_s72_fifo_seed1.json,seq,72,fifo,False,1,426496,7.000,True,1.0,0,238
results/raw/main/seq_s72_fifo_seed1.json,seq,72,fifo,False,1,441728,7.250,True,1.0,0,238
results/raw/main/seq_s72_fifo_seed1.json,seq,72,fifo,False,1,456960,7.500,True,1.0,0,238
results/raw/main/seq_s72_fifo_seed1.json,seq,72,fifo,False,1,472192,7.750,True,1.0,0,238
results/raw/main/seq_s72_fifo_seed1.json,seq,72,fifo,False,1,487424,8.000,True,1.0,0,238
results/raw/main/seq_s72_fifo_seed1.json,seq,72,fifo,False,1,502656,8.250,True,1.0,0,238
results/raw/main/seq_s72_fifo_seed1.json,seq,72,fifo,False,1,517888,8.500,True,1.0,0,238
results/raw/main/seq_s72_fifo_seed1.json,seq,72,fifo,False,1,533120,8.750,True,1.0,0,238
results/raw/main/seq_s72_fifo_seed1.json,seq,72,fifo,False,1,548352,9.000,True,1.0,0,238
results/raw/main/seq_s72_fifo_seed1.json,seq,72,fifo,False,1,563584,9.250,True,1.0,0,238
results/raw/main/seq_s72_fifo_seed1.json,seq,72,fifo,False,1,578816,9.500,True,1.0,0,238
results/raw/main/seq_s72_fifo_seed1.json,seq,72,fifo,False,1,594048,9.750,True,1.0,0,238
results/raw/main/seq_s72_fifo_seed1.json,seq,72,fifo,False,1,609280,10.000,True,1.0,0,238
results/raw/main/seq_s72_fifo_seed1.json,seq,72,fifo,False,1,624512,10.250,True,1.0,0,238
results/raw/main/seq_s72_fifo_seed1.json,seq,72,fifo,False,1,639744,10.500,True,1.0,0,238
results/raw/main/seq_s72_fifo_seed1.json,seq,72,fifo,False,1,654976,10.750,True,1.0,0,238
results/raw/main/seq_s72_fifo_seed1.json,seq,72,fifo,False,1,670208,11.000,True,1.0,0,238
results/raw/main/seq_s72_fifo_seed1.json,seq,72,fifo,False,1,685440,11.250,True,1.0,0,238
results/raw/main/seq_s72_fifo_seed1.json,seq,72,fifo,False,1,700672,11.500,True,1.0,0,238
results/raw/main/seq_s72_fifo_seed1.json,seq,72,fifo,False,1,715904,11.750,True,1.0,0,238
results/raw/main/seq_s72_fifo_seed1.json,seq,72,fifo,False,1,731136,12.000,True,1.0,0,238
results/raw/main/seq_s72_fifo_seed2.json,seq,72,fifo,False,2,15232,0.250,False,1.0,0,167
results/raw/main/seq_s72_fifo_seed2.json,seq,72,fifo,False,2,30464,0.500,False,1.0,0,238
results/raw/main/seq_s72_fifo_seed2.json,seq,72,fifo,False,2,45696,0.750,False,1.0,0,238
results/raw/main/seq_s72_fifo_seed2.json,seq,72,fifo,False,2,60928,1.000,False,1.0,0,238
results/raw/main/seq_s72_fifo_seed2.json,seq,72,fifo,False,2,76160,1.250,False,1.0,0,238
results/raw/main/seq_s72_fifo_seed2.json,seq,72,fifo,False,2,91392,1.500,False,1.0,0,238
results/raw/main/seq_s72_fifo_seed2.json,seq,72,fifo,False,2,106624,1.750,False,1.0,0,238
results/raw/main/seq_s72_fifo_seed2.json,seq,72,fifo,False,2,121856,2.000,False,1.0,0,238
results/raw/main/seq_s72_fifo_seed2.json,seq,72,fifo,False,2,137088,2.250,False,1.0,0,238
results/raw/main/seq_s72_fifo_seed2.json,seq,72,fifo,False,2,152320,2.500,False,1.0,0,238
results/raw/main/seq_s72_fifo_seed2.json,seq,72,fifo,False,2,167552,2.750,False,1.0,0,238
results/raw/main/seq_s72_fifo_seed2.json,seq,72,fifo,False,2,182784,3.000,False,1.0,0,238
results/raw/main/seq_s72_fifo_seed2.json,seq,72,fifo,False,2,198016,3.250,False,1.0,0,238
results/raw/main/seq_s72_fifo_seed2.json,seq,72,fifo,False,2,213248,3.500,False,1.0,0,238
results/raw/main/seq_s72_fifo_seed2.json,seq,72,fifo,False,2,228480,3.750,False,1.0,0,238
results/raw/main/seq_s72_fifo_seed2.json,seq,72,fifo,False,2,243712,4.000,False,1.0,0,238
results/raw/main/seq_s72_fifo_seed2.json,seq,72,fifo,False,2,258944,4.250,True,1.0,0,238
results/raw/main/seq_s72_fifo_seed2.json,seq,72,fifo,False,2,274176,4.500,True,1.0,0,238
results/raw/main/seq_s72_fifo_seed2.json,seq,72,fifo,False,2,289408,4.750,True,1.0,0,238
results/raw/main/seq_s72_fifo_seed2.json,seq,72,fifo,False,2,304640,5.000,True,1.0,0,238
results/raw/main/seq_s72_fifo_seed2.json,seq,72,fifo,False,2,319872,5.250,True,1.0,0,238
results/raw/main/seq_s72_fifo_seed2.json,seq,72,fifo,False,2,335104,5.500,True,1.0,0,238
results/raw/main/seq_s72_fifo_seed2.json,seq,72,fifo,False,2,350336,5.750,True,1.0,0,238
results/raw/main/seq_s72_fifo_seed2.json,seq,72,fifo,False,2,365568,6.000,True,1.0,0,238
results/raw/main/seq_s72_fifo_seed2.json,seq,72,fifo,False,2,380800,6.250,True,1.0,0,238
results/raw/main/seq_s72_fifo_seed2.json,seq,72,fifo,False,2,396032,6.500,True,1.0,0,238
results/raw/main/seq_s72_fifo_seed2.json,seq,72,fifo,False,2,411264,6.750,True,1.0,0,238
results/raw/main/seq_s72_fifo_seed2.json,seq,72,fifo,False,2,426496,7.000,True,1.0,0,238
results/raw/main/seq_s72_fifo_seed2.json,seq,72,fifo,False,2,441728,7.250,True,1.0,0,238
results/raw/main/seq_s72_fifo_seed2.json,seq,72,fifo,False,2,456960,7.500,True,1.0,0,238
results/raw/main/seq_s72_fifo_seed2.json,seq,72,fifo,False,2,472192,7.750,True,1.0,0,238
results/raw/main/seq_s72_fifo_seed2.json,seq,72,fifo,False,2,487424,8.000,True,1.0,0,238
results/raw/main/seq_s72_fifo_seed2.json,seq,72,fifo,False,2,502656,8.250,True,1.0,0,238
results/raw/main/seq_s72_fifo_seed2.json,seq,72,fifo,False,2,517888,8.500,True,1.0,0,238
results/raw/main/seq_s72_fifo_seed2.json,seq,72,fifo,False,2,533120,8.750,True,1.0,0,238
results/raw/main/seq_s72_fifo_seed2.json,seq,72,fifo,False,2,548352,9.000,True,1.0,0,238
results/raw/main/seq_s72_fifo_seed2.json,seq,72,fifo,False,2,563584,9.250,True,1.0,0,238
results/raw/main/seq_s72_fifo_seed2.json,seq,72,fifo,False,2,578816,9.500,True,1.0,0,238
results/raw/main/seq_s72_fifo_seed2.json,seq,72,fifo,False,2,594048,9.750,True,1.0,0,238
results/raw/main/seq_s72_fifo_seed2.json,seq,72,fifo,False,2,609280,10.000,True,1.0,0,238
results/raw/main/seq_s72_fifo_seed2.json,seq,72,fifo,False,2,624512,10.250,True,1.0,0,238
results/raw/main/seq_s72_fifo_seed2.json,seq,72,fifo,False,2,639744,10.500,True,1.0,0,238
results/raw/main/seq_s72_fifo_seed2.json,seq,72,fifo,False,2,654976,10.750,True,1.0,0,238
results/raw/main/seq_s72_fifo_seed2.json,seq,72,fifo,False,2,670208,11.000,True,1.0,0,238
results/raw/main/seq_s72_fifo_seed2.json,seq,72,fifo,False,2,685440,11.250,True,1.0,0,238
results/raw/main/seq_s72_fifo_seed2.json,seq,72,fifo,False,2,700672,11.500,True,1.0,0,238
results/raw/main/seq_s72_fifo_seed2.json,seq,72,fifo,False,2,715904,11.750,True,1.0,0,238
results/raw/main/seq_s72_fifo_seed2.json,seq,72,fifo,False,2,731136,12.000,True,1.0,0,238
results/raw/main/seq_s72_fifo_seed3.json,seq,72,fifo,False,3,15232,0.250,False,1.0,0,167
results/raw/main/seq_s72_fifo_seed3.json,seq,72,fifo,False,3,30464,0.500,False,1.0,0,238
results/raw/main/seq_s72_fifo_seed3.json,seq,72,fifo,False,3,45696,0.750,False,1.0,0,238
results/raw/main/seq_s72_fifo_seed3.json,seq,72,fifo,False,3,60928,1.000,False,1.0,0,238
results/raw/main/seq_s72_fifo_seed3.json,seq,72,fifo,False,3,76160,1.250,False,1.0,0,238
results/raw/main/seq_s72_fifo_seed3.json,seq,72,fifo,False,3,91392,1.500,False,1.0,0,238
results/raw/main/seq_s72_fifo_seed3.json,seq,72,fifo,False,3,106624,1.750,False,1.0,0,238
results/raw/main/seq_s72_fifo_seed3.json,seq,72,fifo,False,3,121856,2.000,False,1.0,0,238
results/raw/main/seq_s72_fifo_seed3.json,seq,72,fifo,False,3,137088,2.250,False,1.0,0,238
results/raw/main/seq_s72_fifo_seed3.json,seq,72,fifo,False,3,152320,2.500,False,1.0,0,238
results/raw/main/seq_s72_fifo_seed3.json,seq,72,fifo,False,3,167552,2.750,False,1.0,0,238
results/raw/main/seq_s72_fifo_seed3.json,seq,72,fifo,False,3,182784,3.000,False,1.0,0,238
results/raw/main/seq_s72_fifo_seed3.json,seq,72,fifo,False,3,198016,3.250,False,1.0,0,238
results/raw/main/seq_s72_fifo_seed3.json,seq,72,fifo,False,3,213248,3.500,False,1.0,0,238
results/raw/main/seq_s72_fifo_seed3.json,seq,72,fifo,False,3,228480,3.750,False,1.0,0,238
results/raw/main/seq_s72_fifo_seed3.json,seq,72,fifo,False,3,243712,4.000,False,1.0,0,238
results/raw/main/seq_s72_fifo_seed3.json,seq,72,fifo,False,3,258944,4.250,True,1.0,0,238
results/raw/main/seq_s72_fifo_seed3.json,seq,72,fifo,False,3,274176,4.500,True,1.0,0,238
results/raw/main/seq_s72_fifo_seed3.json,seq,72,fifo,False,3,289408,4.750,True,1.0,0,238
results/raw/main/seq_s72_fifo_seed3.json,seq,72,fifo,False,3,304640,5.000,True,1.0,0,238
results/raw/main/seq_s72_fifo_seed3.json,seq,72,fifo,False,3,319872,5.250,True,1.0,0,238
results/raw/main/seq_s72_fifo_seed3.json,seq,72,fifo,False,3,335104,5.500,True,1.0,0,238
results/raw/main/seq_s72_fifo_seed3.json,seq,72,fifo,False,3,350336,5.750,True,1.0,0,238
results/raw/main/seq_s72_fifo_seed3.json,seq,72,fifo,False,3,365568,6.000,True,1.0,0,238
results/raw/main/seq_s72_fifo_seed3.json,seq,72,fifo,False,3,380800,6.250,True,1.0,0,238
results/raw/main/seq_s72_fifo_seed3.json,seq,72,fifo,False,3,396032,6.500,True,1.0,0,238
results/raw/main/seq_s72_fifo_seed3.json,seq,72,fifo,False,3,411264,6.750,True,1.0,0,238
results/raw/main/seq_s72_fifo_seed3.json,seq,72,fifo,False,3,426496,7.000,True,1.0,0,238
results/raw/main/seq_s72_fifo_seed3.json,seq,72,fifo,False,3,441728,7.250,True,1.0,0,238
results/raw/main/seq_s72_fifo_seed3.json,seq,72,fifo,False,3,456960,7.500,True,1.0,0,238
results/raw/main/seq_s72_fifo_seed3.json,seq,72,fifo,False,3,472192,7.750,True,1.0,0,238
results/raw/main/seq_s72_fifo_seed3.json,seq,72,fifo,False,3,487424,8.000,True,1.0,0,238
results/raw/main/seq_s72_fifo_seed3.json,seq,72,fifo,False,3,502656,8.250,True,1.0,0,238
results/raw/main/seq_s72_fifo_seed3.json,seq,72,fifo,False,3,517888,8.500,True,1.0,0,238
results/raw/main/seq_s72_fifo_seed3.json,seq,72,fifo,False,3,533120,8.750,True,1.0,0,238
results/raw/main/seq_s72_fifo_seed3.json,seq,72,fifo,False,3,548352,9.000,True,1.0,0,238
results/raw/main/seq_s72_fifo_seed3.json,seq,72,fifo,False,3,563584,9.250,True,1.0,0,238
results/raw/main/seq_s72_fifo_seed3.json,seq,72,fifo,False,3,578816,9.500,True,1.0,0,238
results/raw/main/seq_s72_fifo_seed3.json,seq,72,fifo,False,3,594048,9.750,True,1.0,0,238
results/raw/main/seq_s72_fifo_seed3.json,seq,72,fifo,False,3,609280,10.000,True,1.0,0,238
results/raw/main/seq_s72_fifo_seed3.json,seq,72,fifo,False,3,624512,10.250,True,1.0,0,238
results/raw/main/seq_s72_fifo_seed3.json,seq,72,fifo,False,3,639744,10.500,True,1.0,0,238
results/raw/main/seq_s72_fifo_seed3.json,seq,72,fifo,False,3,654976,10.750,True,1.0,0,238
results/raw/main/seq_s72_fifo_seed3.json,seq,72,fifo,False,3,670208,11.000,True,1.0,0,238
results/raw/main/seq_s72_fifo_seed3.json,seq,72,fifo,False,3,685440,11.250,True,1.0,0,238
results/raw/main/seq_s72_fifo_seed3.json,seq,72,fifo,False,3,700672,11.500,True,1.0,0,238
results/raw/main/seq_s72_fifo_seed3.json,seq,72,fifo,False,3,715904,11.750,True,1.0,0,238
results/raw/main/seq_s72_fifo_seed3.json,seq,72,fifo,False,3,731136,12.000,True,1.0,0,238
results/raw/main/seq_s72_fifo_seed4.json,seq,72,fifo,False,4,15232,0.250,False,1.0,0,167
results/raw/main/seq_s72_fifo_seed4.json,seq,72,fifo,False,4,30464,0.500,False,1.0,0,238
results/raw/main/seq_s72_fifo_seed4.json,seq,72,fifo,False,4,45696,0.750,False,1.0,0,238
results/raw/main/seq_s72_fifo_seed4.json,seq,72,fifo,False,4,60928,1.000,False,1.0,0,238
results/raw/main/seq_s72_fifo_seed4.json,seq,72,fifo,False,4,76160,1.250,False,1.0,0,238
results/raw/main/seq_s72_fifo_seed4.json,seq,72,fifo,False,4,91392,1.500,False,1.0,0,238
results/raw/main/seq_s72_fifo_seed4.json,seq,72,fifo,False,4,106624,1.750,False,1.0,0,238
results/raw/main/seq_s72_fifo_seed4.json,seq,72,fifo,False,4,121856,2.000,False,1.0,0,238
results/raw/main/seq_s72_fifo_seed4.json,seq,72,fifo,False,4,137088,2.250,False,1.0,0,238
results/raw/main/seq_s72_fifo_seed4.json,seq,72,fifo,False,4,152320,2.500,False,1.0,0,238
results/raw/main/seq_s72_fifo_seed4.json,seq,72,fifo,False,4,167552,2.750,False,1.0,0,238
results/raw/main/seq_s72_fifo_seed4.json,seq,72,fifo,False,4,182784,3.000,False,1.0,0,238
results/raw/main/seq_s72_fifo_seed4.json,seq,72,fifo,False,4,198016,3.250,False,1.0,0,238
results/raw/main/seq_s72_fifo_seed4.json,seq,72,fifo,False,4,213248,3.500,False,1.0,0,238
results/raw/main/seq_s72_fifo_seed4.json,seq,72,fifo,False,4,228480,3.750,False,1.0,0,238
results/raw/main/seq_s72_fifo_seed4.json,seq,72,fifo,False,4,243712,4.000,False,1.0,0,238
results/raw/main/seq_s72_fifo_seed4.json,seq,72,fifo,False,4,258944,4.250,True,1.0,0,238
results/raw/main/seq_s72_fifo_seed4.json,seq,72,fifo,False,4,274176,4.500,True,1.0,0,238
results/raw/main/seq_s72_fifo_seed4.json,seq,72,fifo,False,4,289408,4.750,True,1.0,0,238
results/raw/main/seq_s72_fifo_seed4.json,seq,72,fifo,False,4,304640,5.000,True,1.0,0,238
results/raw/main/seq_s72_fifo_seed4.json,seq,72,fifo,False,4,319872,5.250,True,1.0,0,238
results/raw/main/seq_s72_fifo_seed4.json,seq,72,fifo,False,4,335104,5.500,True,1.0,0,238
results/raw/main/seq_s72_fifo_seed4.json,seq,72,fifo,False,4,350336,5.750,True,1.0,0,238
results/raw/main/seq_s72_fifo_seed4.json,seq,72,fifo,False,4,365568,6.000,True,1.0,0,238
results/raw/main/seq_s72_fifo_seed4.json,seq,72,fifo,False,4,380800,6.250,True,1.0,0,238
results/raw/main/seq_s72_fifo_seed4.json,seq,72,fifo,False,4,396032,6.500,True,1.0,0,238
results/raw/main/seq_s72_fifo_seed4.json,seq,72,fifo,False,4,411264,6.750,True,1.0,0,238
results/raw/main/seq_s72_fifo_seed4.json,seq,72,fifo,False,4,426496,7.000,True,1.0,0,238
results/raw/main/seq_s72_fifo_seed4.json,seq,72,fifo,False,4,441728,7.250,True,1.0,0,238
results/raw/main/seq_s72_fifo_seed4.json,seq,72,fifo,False,4,456960,7.500,True,1.0,0,238
results/raw/main/seq_s72_fifo_seed4.json,seq,72,fifo,False,4,472192,7.750,True,1.0,0,238
results/raw/main/seq_s72_fifo_seed4.json,seq,72,fifo,False,4,487424,8.000,True,1.0,0,238
results/raw/main/seq_s72_fifo_seed4.json,seq,72,fifo,False,4,502656,8.250,True,1.0,0,238
results/raw/main/seq_s72_fifo_seed4.json,seq,72,fifo,False,4,517888,8.500,True,1.0,0,238
results/raw/main/seq_s72_fifo_seed4.json,seq,72,fifo,False,4,533120,8.750,True,1.0,0,238
results/raw/main/seq_s72_fifo_seed4.json,seq,72,fifo,False,4,548352,9.000,True,1.0,0,238
results/raw/main/seq_s72_fifo_seed4.json,seq,72,fifo,False,4,563584,9.250,True,1.0,0,238
results/raw/main/seq_s72_fifo_seed4.json,seq,72,fifo,False,4,578816,9.500,True,1.0,0,238
results/raw/main/seq_s72_fifo_seed4.json,seq,72,fifo,False,4,594048,9.750,True,1.0,0,238
results/raw/main/seq_s72_fifo_seed4.json,seq,72,fifo,False,4,609280,10.000,True,1.0,0,238
results/raw/main/seq_s72_fifo_seed4.json,seq,72,fifo,False,4,624512,10.250,True,1.0,0,238
results/raw/main/seq_s72_fifo_seed4.json,seq,72,fifo,False,4,639744,10.500,True,1.0,0,238
results/raw/main/seq_s72_fifo_seed4.json,seq,72,fifo,False,4,654976,10.750,True,1.0,0,238
results/raw/main/seq_s72_fifo_seed4.json,seq,72,fifo,False,4,670208,11.000,True,1.0,0,238
results/raw/main/seq_s72_fifo_seed4.json,seq,72,fifo,False,4,685440,11.250,True,1.0,0,238
results/raw/main/seq_s72_fifo_seed4.json,seq,72,fifo,False,4,700672,11.500,True,1.0,0,238
results/raw/main/seq_s72_fifo_seed4.json,seq,72,fifo,False,4,715904,11.750,True,1.0,0,238
results/raw/main/seq_s72_fifo_seed4.json,seq,72,fifo,False,4,731136,12.000,True,1.0,0,238
results/raw/main/seq_s72_fifo_seed5.json,seq,72,fifo,False,5,15232,0.250,False,1.0,0,167
results/raw/main/seq_s72_fifo_seed5.json,seq,72,fifo,False,5,30464,0.500,False,1.0,0,238
results/raw/main/seq_s72_fifo_seed5.json,seq,72,fifo,False,5,45696,0.750,False,1.0,0,238
results/raw/main/seq_s72_fifo_seed5.json,seq,72,fifo,False,5,60928,1.000,False,1.0,0,238
results/raw/main/seq_s72_fifo_seed5.json,seq,72,fifo,False,5,76160,1.250,False,1.0,0,238
results/raw/main/seq_s72_fifo_seed5.json,seq,72,fifo,False,5,91392,1.500,False,1.0,0,238
results/raw/main/seq_s72_fifo_seed5.json,seq,72,fifo,False,5,106624,1.750,False,1.0,0,238
results/raw/main/seq_s72_fifo_seed5.json,seq,72,fifo,False,5,121856,2.000,False,1.0,0,238
results/raw/main/seq_s72_fifo_seed5.json,seq,72,fifo,False,5,137088,2.250,False,1.0,0,238
results/raw/main/seq_s72_fifo_seed5.json,seq,72,fifo,False,5,152320,2.500,False,1.0,0,238
results/raw/main/seq_s72_fifo_seed5.json,seq,72,fifo,False,5,167552,2.750,False,1.0,0,238
results/raw/main/seq_s72_fifo_seed5.json,seq,72,fifo,False,5,182784,3.000,False,1.0,0,238
results/raw/main/seq_s72_fifo_seed5.json,seq,72,fifo,False,5,198016,3.250,False,1.0,0,238
results/raw/main/seq_s72_fifo_seed5.json,seq,72,fifo,False,5,213248,3.500,False,1.0,0,238
results/raw/main/seq_s72_fifo_seed5.json,seq,72,fifo,False,5,228480,3.750,False,1.0,0,238
results/raw/main/seq_s72_fifo_seed5.json,seq,72,fifo,False,5,243712,4.000,False,1.0,0,238
results/raw/main/seq_s72_fifo_seed5.json,seq,72,fifo,False,5,258944,4.250,True,1.0,0,238
results/raw/main/seq_s72_fifo_seed5.json,seq,72,fifo,False,5,274176,4.500,True,1.0,0,238
results/raw/main/seq_s72_fifo_seed5.json,seq,72,fifo,False,5,289408,4.750,True,1.0,0,238
results/raw/main/seq_s72_fifo_seed5.json,seq,72,fifo,False,5,304640,5.000,True,1.0,0,238
results/raw/main/seq_s72_fifo_seed5.json,seq,72,fifo,False,5,319872,5.250,True,1.0,0,238
results/raw/main/seq_s72_fifo_seed5.json,seq,72,fifo,False,5,335104,5.500,True,1.0,0,238
results/raw/main/seq_s72_fifo_seed5.json,seq,72,fifo,False,5,350336,5.750,True,1.0,0,238
results/raw/main/seq_s72_fifo_seed5.json,seq,72,fifo,False,5,365568,6.000,True,1.0,0,238
results/raw/main/seq_s72_fifo_seed5.json,seq,72,fifo,False,5,380800,6.250,True,1.0,0,238
results/raw/main/seq_s72_fifo_seed5.json,seq,72,fifo,False,5,396032,6.500,True,1.0,0,238
results/raw/main/seq_s72_fifo_seed5.json,seq,72,fifo,False,5,411264,6.750,True,1.0,0,238
results/raw/main/seq_s72_fifo_seed5.json,seq,72,fifo,False,5,426496,7.000,True,1.0,0,238
results/raw/main/seq_s72_fifo_seed5.json,seq,72,fifo,False,5,441728,7.250,True,1.0,0,238
results/raw/main/seq_s72_fifo_seed5.json,seq,72,fifo,False,5,456960,7.500,True,1.0,0,238
results/raw/main/seq_s72_fifo_seed5.json,seq,72,fifo,False,5,472192,7.750,True,1.0,0,238
results/raw/main/seq_s72_fifo_seed5.json,seq,72,fifo,False,5,487424,8.000,True,1.0,0,238
results/raw/main/seq_s72_fifo_seed5.json,seq,72,fifo,False,5,502656,8.250,True,1.0,0,238
results/raw/main/seq_s72_fifo_seed5.json,seq,72,fifo,False,5,517888,8.500,True,1.0,0,238
results/raw/main/seq_s72_fifo_seed5.json,seq,72,fifo,False,5,533120,8.750,True,1.0,0,238
results/raw/main/seq_s72_fifo_seed5.json,seq,72,fifo,False,5,548352,9.000,True,1.0,0,238
results/raw/main/seq_s72_fifo_seed5.json,seq,72,fifo,False,5,563584,9.250,True,1.0,0,238
results/raw/main/seq_s72_fifo_seed5.json,seq,72,fifo,False,5,578816,9.500,True,1.0,0,238
results/raw/main/seq_s72_fifo_seed5.json,seq,72,fifo,False,5,594048,9.750,True,1.0,0,238
results/raw/main/seq_s72_fifo_seed5.json,seq,72,fifo,False,5,609280,10.000,True,1.0,0,238
results/raw/main/seq_s72_fifo_seed5.json,seq,72,fifo,False,5,624512,10.250,True,1.0,0,238
results/raw/main/seq_s72_fifo_seed5.json,seq,72,fifo,False,5,639744,10.500,True,1.0,0,238
results/raw/main/seq_s72_fifo_seed5.json,seq,72,fifo,False,5,654976,10.750,True,1.0,0,238
results/raw/main/seq_s72_fifo_seed5.json,seq,72,fifo,False,5,670208,11.000,True,1.0,0,238
results/raw/main/seq_s72_fifo_seed5.json,seq,72,fifo,False,5,685440,11.250,True,1.0,0,238
results/raw/main/seq_s72_fifo_seed5.json,seq,72,fifo,False,5,700672,11.500,True,1.0,0,238
results/raw/main/seq_s72_fifo_seed5.json,seq,72,fifo,False,5,715904,11.750,True,1.0,0,238
results/raw/main/seq_s72_fifo_seed5.json,seq,72,fifo,False,5,731136,12.000,True,1.0,0,238
results/raw/main/seq_s72_greedy_seed1.json,seq,72,greedy,False,1,15232,0.250,False,1.0,0,167
results/raw/main/seq_s72_greedy_seed1.json,seq,72,greedy,False,1,30464,0.500,False,1.0,0,238
results/raw/main/seq_s72_greedy_seed1.json,seq,72,greedy,False,1,45696,0.750,False,1.0,0,238
results/raw/main/seq_s72_greedy_seed1.json,seq,72,greedy,False,1,60928,1.000,False,1.0,0,238
results/raw/main/seq_s72_greedy_seed1.json,seq,72,greedy,False,1,76160,1.250,False,1.0,0,238
results/raw/main/seq_s72_greedy_seed1.json,seq,72,greedy,False,1,91392,1.500,False,1.0,0,238
results/raw/main/seq_s72_greedy_seed1.json,seq,72,greedy,False,1,106624,1.750,False,1.0,0,238
results/raw/main/seq_s72_greedy_seed1.json,seq,72,greedy,False,1,121856,2.000,False,1.0,0,238
results/raw/main/seq_s72_greedy_seed1.json,seq,72,greedy,False,1,137088,2.250,False,1.0,0,238
results/raw/main/seq_s72_greedy_seed1.json,seq,72,greedy,False,1,152320,2.500,False,1.0,0,238
results/raw/main/seq_s72_greedy_seed1.json,seq,72,greedy,False,1,167552,2.750,False,1.0,0,238
results/raw/main/seq_s72_greedy_seed1.json,seq,72,greedy,False,1,182784,3.000,False,1.0,0,238
results/raw/main/seq_s72_greedy_seed1.json,seq,72,greedy,False,1,198016,3.250,False,1.0,0,238
results/raw/main/seq_s72_greedy_seed1.json,seq,72,greedy,False,1,213248,3.500,False,1.0,0,238
results/raw/main/seq_s72_greedy_seed1.json,seq,72,greedy,False,1,228480,3.750,False,1.0,0,238
results/raw/main/seq_s72_greedy_seed1.json,seq,72,greedy,False,1,243712,4.000,False,1.0,0,238
results/raw/main/seq_s72_greedy_seed1.json,seq,72,greedy,False,1,258944,4.250,True,1.0,0,238
results/raw/main/seq_s72_greedy_seed1.json,seq,72,greedy,False,1,274176,4.500,True,1.0,0,238
results/raw/main/seq_s72_greedy_seed1.json,seq,72,greedy,False,1,289408,4.750,True,1.0,0,238
results/raw/main/seq_s72_greedy_seed1.json,seq,72,greedy,False,1,304640,5.000,True,1.0,0,238
results/raw/main/seq_s72_greedy_seed1.json,seq,72,greedy,False,1,319872,5.250,True,1.0,0,238
results/raw/main/seq_s72_greedy_seed1.json,seq,72,greedy,False,1,335104,5.500,True,1.0,0,238
results/raw/main/seq_s72_greedy_seed1.json,seq,72,greedy,False,1,350336,5.750,True,1.0,0,238
results/raw/main/seq_s72_greedy_seed1.json,seq,72,greedy,False,1,365568,6.000,True,1.0,0,238
results/raw/main/seq_s72_greedy_seed1.json,seq,72,greedy,False,1,380800,6.250,True,1.0,0,238
results/raw/main/seq_s72_greedy_seed1.json,seq,72,greedy,False,1,396032,6.500,True,1.0,0,238
results/raw/main/seq_s72_greedy_seed1.json,seq,72,greedy,False,1,411264,6.750,True,1.0,0,238
results/raw/main/seq_s72_greedy_seed1.json,seq,72,greedy,False,1,426496,7.000,True,1.0,0,238
results/raw/main/seq_s72_greedy_seed1.json,seq,72,greedy,False,1,441728,7.250,True,1.0,0,238
results/raw/main/seq_s72_greedy_seed1.json,seq,72,greedy,False,1,456960,7.500,True,1.0,0,238
results/raw/main/seq_s72_greedy_seed1.json,seq,72,greedy,False,1,472192,7.750,True,1.0,0,238
results/raw/main/seq_s72_greedy_seed1.json,seq,72,greedy,False,1,487424,8.000,True,1.0,0,238
results/raw/main/seq_s72_greedy_seed1.json,seq,72,greedy,False,1,502656,8.250,True,1.0,0,238
results/raw/main/seq_s72_greedy_seed1.json,seq,72,greedy,False,1,517888,8.500,True,1.0,0,238
results/raw/main/seq_s72_greedy_seed1.json,seq,72,greedy,False,1,533120,8.750,True,1.0,0,238
results/raw/main/seq_s72_greedy_seed1.json,seq,72,greedy,False,1,548352,9.000,True,1.0,0,238
results/raw/main/seq_s72_greedy_seed1.json,seq,72,greedy,False,1,563584,9.250,True,1.0,0,238
results/raw/main/seq_s72_greedy_seed1.json,seq,72,greedy,False,1,578816,9.500,True,1.0,0,238
results/raw/main/seq_s72_greedy_seed1.json,seq,72,greedy,False,1,594048,9.750,True,1.0,0,238
results/raw/main/seq_s72_greedy_seed1.json,seq,72,greedy,False,1,609280,10.000,True,1.0,0,238
results/raw/main/seq_s72_greedy_seed1.json,seq,72,greedy,False,1,624512,10.250,True,1.0,0,238
results/raw/main/seq_s72_greedy_seed1.json,seq,72,greedy,False,1,639744,10.500,True,1.0,0,238
results/raw/main/seq_s72_greedy_seed1.json,seq,72,greedy,False,1,654976,10.750,True,1.0,0,238
results/raw/main/seq_s72_greedy_seed1.json,seq,72,greedy,False,1,670208,11.000,True,1.0,0,238
results/raw/main/seq_s72_greedy_seed1.json,seq,72,greedy,False,1,685440,11.250,True,1.0,0,238
results/raw/main/seq_s72_greedy_seed1.json,seq,72,greedy,False,1,700672,11.500,True,1.0,0,238
results/raw/main/seq_s72_greedy_seed1.json,seq,72,greedy,False,1,715904,11.750,True,1.0,0,238
results/raw/main/seq_s72_greedy_seed1.json,seq,72,greedy,False,1,731136,12.000,True,1.0,0,238
results/raw/main/seq_s72_greedy_seed2.json,seq,72,greedy,False,2,15232,0.250,False,1.0,0,167
results/raw/main/seq_s72_greedy_seed2.json,seq,72,greedy,False,2,30464,0.500,False,1.0,0,238
results/raw/main/seq_s72_greedy_seed2.json,seq,72,greedy,False,2,45696,0.750,False,1.0,0,238
results/raw/main/seq_s72_greedy_seed2.json,seq,72,greedy,False,2,60928,1.000,False,1.0,0,238
results/raw/main/seq_s72_greedy_seed2.json,seq,72,greedy,False,2,76160,1.250,False,1.0,0,238
results/raw/main/seq_s72_greedy_seed2.json,seq,72,greedy,False,2,91392,1.500,False,1.0,0,238
results/raw/main/seq_s72_greedy_seed2.json,seq,72,greedy,False,2,106624,1.750,False,1.0,0,238
results/raw/main/seq_s72_greedy_seed2.json,seq,72,greedy,False,2,121856,2.000,False,1.0,0,238
results/raw/main/seq_s72_greedy_seed2.json,seq,72,greedy,False,2,137088,2.250,False,1.0,0,238
results/raw/main/seq_s72_greedy_seed2.json,seq,72,greedy,False,2,152320,2.500,False,1.0,0,238
results/raw/main/seq_s72_greedy_seed2.json,seq,72,greedy,False,2,167552,2.750,False,1.0,0,238
results/raw/main/seq_s72_greedy_seed2.json,seq,72,greedy,False,2,182784,3.000,False,1.0,0,238
results/raw/main/seq_s72_greedy_seed2.json,seq,72,greedy,False,2,198016,3.250,False,1.0,0,238
results/raw/main/seq_s72_greedy_seed2.json,seq,72,greedy,False,2,213248,3.500,False,1.0,0,238
results/raw/main/seq_s72_greedy_seed2.json,seq,72,greedy,False,2,228480,3.750,False,1.0,0,238
results/raw/main/seq_s72_greedy_seed2.json,seq,72,greedy,False,2,243712,4.000,False,1.0,0,238
results/raw/main/seq_s72_greedy_seed2.json,seq,72,greedy,False,2,258944,4.250,True,1.0,0,238
results/raw/main/seq_s72_greedy_seed2.json,seq,72,greedy,False,2,274176,4.500,True,1.0,0,238
results/raw/main/seq_s72_greedy_seed2.json,seq,72,greedy,False,2,289408,4.750,True,1.0,0,238
results/raw/main/seq_s72_greedy_seed2.json,seq,72,greedy,False,2,304640,5.000,True,1.0,0,238
results/raw/main/seq_s72_greedy_seed2.json,seq,72,greedy,False,2,319872,5.250,True,1.0,0,238
results/raw/main/seq_s72_greedy_seed2.json,seq,72,greedy,False,2,335104,5.500,True,1.0,0,238
results/raw/main/seq_s72_greedy_seed2.json,seq,72,greedy,False,2,350336,5.750,True,1.0,0,238
results/raw/main/seq_s72_greedy_seed2.json,seq,72,greedy,False,2,365568,6.000,True,1.0,0,238
results/raw/main/seq_s72_greedy_seed2.json,seq,72,greedy,False,2,380800,6.250,True,1.0,0,238
results/raw/main/seq_s72_greedy_seed2.json,seq,72,greedy,False,2,396032,6.500,True,1.0,0,238
results/raw/main/seq_s72_greedy_seed2.json,seq,72,greedy,False,2,411264,6.750,True,1.0,0,238
results/raw/main/seq_s72_greedy_seed2.json,seq,72,greedy,False,2,426496,7.000,True,1.0,0,238
results/raw/main/seq_s72_greedy_seed2.json,seq,72,greedy,False,2,441728,7.250,True,1.0,0,238
results/raw/main/seq_s72_greedy_seed2.json,seq,72,greedy,False,2,456960,7.500,True,1.0,0,238
results/raw/main/seq_s72_greedy_seed2.json,seq,72,greedy,False,2,472192,7.750,True,1.0,0,238
results/raw/main/seq_s72_greedy_seed2.json,seq,72,greedy,False,2,487424,8.000,True,1.0,0,238
results/raw/main/seq_s72_greedy_seed2.json,seq,72,greedy,False,2,502656,8.250,True,1.0,0,238
results/raw/main/seq_s72_greedy_seed2.json,seq,72,greedy,False,2,517888,8.500,True,1.0,0,238
results/raw/main/seq_s72_greedy_seed2.json,seq,72,greedy,False,2,533120,8.750,True,1.0,0,238
results/raw/main/seq_s72_greedy_seed2.json,seq,72,greedy,False,2,548352,9.000,True,1.0,0,238
results/raw/main/seq_s72_greedy_seed2.json,seq,72,greedy,False,2,563584,9.250,True,1.0,0,238
results/raw/main/seq_s72_greedy_seed2.json,seq,72,greedy,False,2,578816,9.500,True,1.0,0,238
results/raw/main/seq_s72_greedy_seed2.json,seq,72,greedy,False,2,594048,9.750,True,1.0,0,238
results/raw/main/seq_s72_greedy_seed2.json,seq,72,greedy,False,2,609280,10.000,True,1.0,0,238
results/raw/main/seq_s72_greedy_seed2.json,seq,72,greedy,False,2,624512,10.250,True,1.0,0,238
results/raw/main/seq_s72_greedy_seed2.json,seq,72,greedy,False,2,639744,10.500,True,1.0,0,238
results/raw/main/seq_s72_greedy_seed2.json,seq,72,greedy,False,2,654976,10.750,True,1.0,0,238
results/raw/main/seq_s72_greedy_seed2.json,seq,72,greedy,False,2,670208,11.000,True,1.0,0,238
results/raw/main/seq_s72_greedy_seed2.json,seq,72,greedy,False,2,685440,11.250,True,1.0,0,238
results/raw/main/seq_s72_greedy_seed2.json,seq,72,greedy,False,2,700672,11.500,True,1.0,0,238
results/raw/main/seq_s72_greedy_seed2.json,seq,72,greedy,False,2,715904,11.750,True,1.0,0,238
results/raw/main/seq_s72_greedy_seed2.json,seq,72,greedy,False,2,731136,12.000,True,1.0,0,238
results/raw/main/seq_s72_greedy_seed3.json,seq,72,greedy,False,3,15232,0.250,False,1.0,0,167
results/raw/main/seq_s72_greedy_seed3.json,seq,72,greedy,False,3,30464,0.500,False,1.0,0,238
results/raw/main/seq_s72_greedy_seed3.json,seq,72,greedy,False,3,45696,0.750,False,1.0,0,238
results/raw/main/seq_s72_greedy_seed3.json,seq,72,greedy,False,3,60928,1.000,False,1.0,0,238
results/raw/main/seq_s72_greedy_seed3.json,seq,72,greedy,False,3,76160,1.250,False,1.0,0,238
results/raw/main/seq_s72_greedy_seed3.json,seq,72,greedy,False,3,91392,1.500,False,1.0,0,238
results/raw/main/seq_s72_greedy_seed3.json,seq,72,greedy,False,3,106624,1.750,False,1.0,0,238
results/raw/main/seq_s72_greedy_seed3.json,seq,72,greedy,False,3,121856,2.000,False,1.0,0,238
results/raw/main/seq_s72_greedy_seed3.json,seq,72,greedy,False,3,137088,2.250,False,1.0,0,238
results/raw/main/seq_s72_greedy_seed3.json,seq,72,greedy,False,3,152320,2.500,False,1.0,0,238
results/raw/main/seq_s72_greedy_seed3.json,seq,72,greedy,False,3,167552,2.750,False,1.0,0,238
results/raw/main/seq_s72_greedy_seed3.json,seq,72,greedy,False,3,182784,3.000,False,1.0,0,238
results/raw/main/seq_s72_greedy_seed3.json,seq,72,greedy,False,3,198016,3.250,False,1.0,0,238
results/raw/main/seq_s72_greedy_seed3.json,seq,72,greedy,False,3,213248,3.500,False,1.0,0,238
results/raw/main/seq_s72_greedy_seed3.json,seq,72,greedy,False,3,228480,3.750,False,1.0,0,238
results/raw/main/seq_s72_greedy_seed3.json,seq,72,greedy,False,3,243712,4.000,False,1.0,0,238
results/raw/main/seq_s72_greedy_seed3.json,seq,72,greedy,False,3,258944,4.250,True,1.0,0,238
results/raw/main/seq_s72_greedy_seed3.json,seq,72,greedy,False,3,274176,4.500,True,1.0,0,238
results/raw/main/seq_s72_greedy_seed3.json,seq,72,greedy,False,3,289408,4.750,True,1.0,0,238
results/raw/main/seq_s72_greedy_seed3.json,seq,72,greedy,False,3,304640,5.000,True,1.0,0,238
results/raw/main/seq_s72_greedy_seed3.json,seq,72,greedy,False,3,319872,5.250,True,1.0,0,238
results/raw/main/seq_s72_greedy_seed3.json,seq,72,greedy,False,3,335104,5.500,True,1.0,0,238
results/raw/main/seq_s72_greedy_seed3.json,seq,72,greedy,False,3,350336,5.750,True,1.0,0,238
results/raw/main/seq_s72_greedy_seed3.json,seq,72,greedy,False,3,365568,6.000,True,1.0,0,238
results/raw/main/seq_s72_greedy_seed3.json,seq,72,greedy,False,3,380800,6.250,True,1.0,0,238
results/raw/main/seq_s72_greedy_seed3.json,seq,72,greedy,False,3,396032,6.500,True,1.0,0,238
results/raw/main/seq_s72_greedy_seed3.json,seq,72,greedy,False,3,411264,6.750,True,1.0,0,238
results/raw/main/seq_s72_greedy_seed3.json,seq,72,greedy,False,3,426496,7.000,True,1.0,0,238
results/raw/main/seq_s72_greedy_seed3.json,seq,72,greedy,False,3,441728,7.250,True,1.0,0,238
results/raw/main/seq_s72_greedy_seed3.json,seq,72,greedy,False,3,456960,7.500,True,1.0,0,238
results/raw/main/seq_s72_greedy_seed3.json,seq,72,greedy,False,3,472192,7.750,True,1.0,0,238
results/raw/main/seq_s72_greedy_seed3.json,seq,72,greedy,False,3,487424,8.000,True,1.0,0,238
results/raw/main/seq_s72_greedy_seed3.json,seq,72,greedy,False,3,502656,8.250,True,1.0,0,238
results/raw/main/seq_s72_greedy_seed3.json,seq,72,greedy,False,3,517888,8.500,True,1.0,0,238
results/raw/main/seq_s72_greedy_seed3.json,seq,72,greedy,False,3,533120,8.750,True,1.0,0,238
results/raw/main/seq_s72_greedy_seed3.json,seq,72,greedy,False,3,548352,9.000,True,1.0,0,238
results/raw/main/seq_s72_greedy_seed3.json,seq,72,greedy,False,3,563584,9.250,True,1.0,0,238
results/raw/main/seq_s72_greedy_seed3.json,seq,72,greedy,False,3,578816,9.500,True,1.0,0,238
results/raw/main/seq_s72_greedy_seed3.json,seq,72,greedy,False,3,594048,9.750,True,1.0,0,238
results/raw/main/seq_s72_greedy_seed3.json,seq,72,greedy,False,3,609280,10.000,True,1.0,0,238
results/raw/main/seq_s72_greedy_seed3.json,seq,72,greedy,False,3,624512,10.250,True,1.0,0,238
results/raw/main/seq_s72_greedy_seed3.json,seq,72,greedy,False,3,639744,10.500,True,1.0,0,238
results/raw/main/seq_s72_greedy_seed3.json,seq,72,greedy,False,3,654976,10.750,True,1.0,0,238
results/raw/main/seq_s72_greedy_seed3.json,seq,72,greedy,False,3,670208,11.000,True,1.0,0,238
results/raw/main/seq_s72_greedy_seed3.json,seq,72,greedy,False,3,685440,11.250,True,1.0,0,238
results/raw/main/seq_s72_greedy_seed3.json,seq,72,greedy,False,3,700672,11.500,True,1.0,0,238
results/raw/main/seq_s72_greedy_seed3.json,seq,72,greedy,False,3,715904,11.750,True,1.0,0,238
results/raw/main/seq_s72_greedy_seed3.json,seq,72,greedy,False,3,731136,12.000,True,1.0,0,238
results/raw/main/seq_s72_greedy_seed4.json,seq,72,greedy,False,4,15232,0.250,False,1.0,0,167
results/raw/main/seq_s72_greedy_seed4.json,seq,72,greedy,False,4,30464,0.500,False,1.0,0,238
results/raw/main/seq_s72_greedy_seed4.json,seq,72,greedy,False,4,45696,0.750,False,1.0,0,238
results/raw/main/seq_s72_greedy_seed4.json,seq,72,greedy,False,4,60928,1.000,False,1.0,0,238
results/raw/main/seq_s72_greedy_seed4.json,seq,72,greedy,False,4,76160,1.250,False,1.0,0,238
results/raw/main/seq_s72_greedy_seed4.json,seq,72,greedy,False,4,91392,1.500,False,1.0,0,238
results/raw/main/seq_s72_greedy_seed4.json,seq,72,greedy,False,4,106624,1.750,False,1.0,0,238
results/raw/main/seq_s72_greedy_seed4.json,seq,72,greedy,False,4,121856,2.000,False,1.0,0,238
results/raw/main/seq_s72_greedy_seed4.json,seq,72,greedy,False,4,137088,2.250,False,1.0,0,238
results/raw/main/seq_s72_greedy_seed4.json,seq,72,greedy,False,4,152320,2.500,False,1.0,0,238
results/raw/main/seq_s72_greedy_seed4.json,seq,72,greedy,False,4,167552,2.750,False,1.0,0,238
results/raw/main/seq_s72_greedy_seed4.json,seq,72,greedy,False,4,182784,3.000,False,1.0,0,238
results/raw/main/seq_s72_greedy_seed4.json,seq,72,greedy,False,4,198016,3.250,False,1.0,0,238
results/raw/main/seq_s72_greedy_seed4.json,seq,72,greedy,False,4,213248,3.500,False,1.0,0,238
results/raw/main/seq_s72_greedy_seed4.json,seq,72,greedy,False,4,228480,3.750,False,1.0,0,238
results/raw/main/seq_s72_greedy_seed4.json,seq,72,greedy,False,4,243712,4.000,False,1.0,0,238
results/raw/main/seq_s72_greedy_seed4.json,seq,72,greedy,False,4,258944,4.250,True,1.0,0,238
results/raw/main/seq_s72_greedy_seed4.json,seq,72,greedy,False,4,274176,4.500,True,1.0,0,238
results/raw/main/seq_s72_greedy_seed4.json,seq,72,greedy,False,4,289408,4.750,True,1.0,0,238
results/raw/main/seq_s72_greedy_seed4.json,seq,72,greedy,False,4,304640,5.000,True,1.0,0,238
results/raw/main/seq_s72_greedy_seed4.json,seq,72,greedy,False,4,319872,5.250,True,1.0,0,238
results/raw/main/seq_s72_greedy_seed4.json,seq,72,greedy,False,4,335104,5.500,True,1.0,0,238
results/raw/main/seq_s72_greedy_seed4.json,seq,72,greedy,False,4,350336,5.750,True,1.0,0,238
results/raw/main/seq_s72_greedy_seed4.json,seq,72,greedy,False,4,365568,6.000,True,1.0,0,238
results/raw/main/seq_s72_greedy_seed4.json,seq,72,greedy,False,4,380800,6.250,True,1.0,0,238
results/raw/main/seq_s72_greedy_seed4.json,seq,72,greedy,False,4,396032,6.500,True,1.0,0,238
results/raw/main/seq_s72_greedy_seed4.json,seq,72,greedy,False,4,411264,6.750,True,1.0,0,238
results/raw/main/seq_s72_greedy_seed4.json,seq,72,greedy,False,4,426496,7.000,True,1.0,0,238
results/raw/main/seq_s72_greedy_seed4.json,seq,72,greedy,False,4,441728,7.250,True,1.0,0,238
results/raw/main/seq_s72_greedy_seed4.json,seq,72,greedy,False,4,456960,7.500,True,1.0,0,238
results/raw/main/seq_s72_greedy_seed4.json,seq,72,greedy,False,4,472192,7.750,True,1.0,0,238
results/raw/main/seq_s72_greedy_seed4.json,seq,72,greedy,False,4,487424,8.000,True,1.0,0,238
results/raw/main/seq_s72_greedy_seed4.json,seq,72,greedy,False,4,502656,8.250,True,1.0,0,238
results/raw/main/seq_s72_greedy_seed4.json,seq,72,greedy,False,4,517888,8.500,True,1.0,0,238
results/raw/main/seq_s72_greedy_seed4.json,seq,72,greedy,False,4,533120,8.750,True,1.0,0,238
results/raw/main/seq_s72_greedy_seed4.json,seq,72,greedy,False,4,548352,9.000,True,1.0,0,238
results/raw/main/seq_s72_greedy_seed4.json,seq,72,greedy,False,4,563584,9.250,True,1.0,0,238
results/raw/main/seq_s72_greedy_seed4.json,seq,72,greedy,False,4,578816,9.500,True,1.0,0,238
results/raw/main/seq_s72_greedy_seed4.json,seq,72,greedy,False,4,594048,9.750,True,1.0,0,238
results/raw/main/seq_s72_greedy_seed4.json,seq,72,greedy,False,4,609280,10.000,True,1.0,0,238
results/raw/main/seq_s72_greedy_seed4.json,seq,72,greedy,False,4,624512,10.250,True,1.0,0,238
results/raw/main/seq_s72_greedy_seed4.json,seq,72,greedy,False,4,639744,10.500,True,1.0,0,238
results/raw/main/seq_s72_greedy_seed4.json,seq,72,greedy,False,4,654976,10.750,True,1.0,0,238
results/raw/main/seq_s72_greedy_seed4.json,seq,72,greedy,False,4,670208,11.000,True,1.0,0,238
results/raw/main/seq_s72_greedy_seed4.json,seq,72,greedy,False,4,685440,11.250,True,1.0,0,238
results/raw/main/seq_s72_greedy_seed4.json,seq,72,greedy,False,4,700672,11.500,True,1.0,0,238
results/raw/main/seq_s72_greedy_seed4.json,seq,72,greedy,False,4,715904,11.750,True,1.0,0,238
results/raw/main/seq_s72_greedy_seed4.json,seq,72,greedy,False,4,731136,12.000,True,1.0,0,238
results/raw/main/seq_s72_greedy_seed5.json,seq,72,greedy,False,5,15232,0.250,False,1.0,0,167
results/raw/main/seq_s72_greedy_seed5.json,seq,72,greedy,False,5,30464,0.500,False,1.0,0,238
results/raw/main/seq_s72_greedy_seed5.json,seq,72,greedy,False,5,45696,0.750,False,1.0,0,238
results/raw/main/seq_s72_greedy_seed5.json,seq,72,greedy,False,5,60928,1.000,False,1.0,0,238
results/raw/main/seq_s72_greedy_seed5.json,seq,72,greedy,False,5,76160,1.250,False,1.0,0,238
results/raw/main/seq_s72_greedy_seed5.json,seq,72,greedy,False,5,91392,1.500,False,1.0,0,238
results/raw/main/seq_s72_greedy_seed5.json,seq,72,greedy,False,5,106624,1.750,False,1.0,0,238
results/raw/main/seq_s72_greedy_seed5.json,seq,72,greedy,False,5,121856,2.000,False,1.0,0,238
results/raw/main/seq_s72_greedy_seed5.json,seq,72,greedy,False,5,137088,2.250,False,1.0,0,238
results/raw/main/seq_s72_greedy_seed5.json,seq,72,greedy,False,5,152320,2.500,False,1.0,0,238
results/raw/main/seq_s72_greedy_seed5.json,seq,72,greedy,False,5,167552,2.750,False,1.0,0,238
results/raw/main/seq_s72_greedy_seed5.json,seq,72,greedy,False,5,182784,3.000,False,1.0,0,238
results/raw/main/seq_s72_greedy_seed5.json,seq,72,greedy,False,5,198016,3.250,False,1.0,0,238
results/raw/main/seq_s72_greedy_seed5.json,seq,72,greedy,False,5,213248,3.500,False,1.0,0,238
results/raw/main/seq_s72_greedy_seed5.json,seq,72,greedy,False,5,228480,3.750,False,1.0,0,238
results/raw/main/seq_s72_greedy_seed5.json,seq,72,greedy,False,5,243712,4.000,False,1.0,0,238
results/raw/main/seq_s72_greedy_seed5.json,seq,72,greedy,False,5,258944,4.250,True,1.0,0,238
results/raw/main/seq_s72_greedy_seed5.json,seq,72,greedy,False,5,274176,4.500,True,1.0,0,238
results/raw/main/seq_s72_greedy_seed5.json,seq,72,greedy,False,5,289408,4.750,True,1.0,0,238
results/raw/main/seq_s72_greedy_seed5.json,seq,72,greedy,False,5,304640,5.000,True,1.0,0,238
results/raw/main/seq_s72_greedy_seed5.json,seq,72,greedy,False,5,319872,5.250,True,1.0,0,238
results/raw/main/seq_s72_greedy_seed5.json,seq,72,greedy,False,5,335104,5.500,True,1.0,0,238
results/raw/main/seq_s72_greedy_seed5.json,seq,72,greedy,False,5,350336,5.750,True,1.0,0,238
results/raw/main/seq_s72_greedy_seed5.json,seq,72,greedy,False,5,365568,6.000,True,1.0,0,238
results/raw/main/seq_s72_greedy_seed5.json,seq,72,greedy,False,5,380800,6.250,True,1.0,0,238
results/raw/main/seq_s72_greedy_seed5.json,seq,72,greedy,False,5,396032,6.500,True,1.0,0,238
results/raw/main/seq_s72_greedy_seed5.json,seq,72,greedy,False,5,411264,6.750,True,1.0,0,238
results/raw/main/seq_s72_greedy_seed5.json,seq,72,greedy,False,5,426496,7.000,True,1.0,0,238
results/raw/main/seq_s72_greedy_seed5.json,seq,72,greedy,False,5,441728,7.250,True,1.0,0,238
results/raw/main/seq_s72_greedy_seed5.json,seq,72,greedy,False,5,456960,7.500,True,1.0,0,238
results/raw/main/seq_s72_greedy_seed5.json,seq,72,greedy,False,5,472192,7.750,True,1.0,0,238
results/raw/main/seq_s72_greedy_seed5.json,seq,72,greedy,False,5,487424,8.000,True,1.0,0,238
results/raw/main/seq_s72_greedy_seed5.json,seq,72,greedy,False,5,502656,8.250,True,1.0,0,238
results/raw/main/seq_s72_greedy_seed5.json,seq,72,greedy,False,5,517888,8.500,True,1.0,0,238
results/raw/main/seq_s72_greedy_seed5.json,seq,72,greedy,False,5,533120,8.750,True,1.0,0,238
results/raw/main/seq_s72_greedy_seed5.json,seq,72,greedy,False,5,548352,9.000,True,1.0,0,238
results/raw/main/seq_s72_greedy_seed5.json,seq,72,greedy,False,5,563584,9.250,True,1.0,0,238
results/raw/main/seq_s72_greedy_seed5.json,seq,72,greedy,False,5,578816,9.500,True,1.0,0,238
results/raw/main/seq_s72_greedy_seed5.json,seq,72,greedy,False,5,594048,9.750,True,1.0,0,238
results/raw/main/seq_s72_greedy_seed5.json,seq,72,greedy,False,5,609280,10.000,True,1.0,0,238
results/raw/main/seq_s72_greedy_seed5.json,seq,72,greedy,False,5,624512,10.250,True,1.0,0,238
results/raw/main/seq_s72_greedy_seed5.json,seq,72,greedy,False,5,639744,10.500,True,1.0,0,238
results/raw/main/seq_s72_greedy_seed5.json,seq,72,greedy,False,5,654976,10.750,True,1.0,0,238
results/raw/main/seq_s72_greedy_seed5.json,seq,72,greedy,False,5,670208,11.000,True,1.0,0,238
results/raw/main/seq_s72_greedy_seed5.json,seq,72,greedy,False,5,685440,11.250,True,1.0,0,238
results/raw/main/seq_s72_greedy_seed5.json,seq,72,greedy,False,5,700672,11.500,True,1.0,0,238
results/raw/main/seq_s72_greedy_seed5.json,seq,72,greedy,False,5,715904,11.750,True,1.0,0,238
results/raw/main/seq_s72_greedy_seed5.json,seq,72,greedy,False,5,731136,12.000,True,1.0,0,238
results/raw/main/uniform_s224_fifo_seed1.json,uniform,224,fifo,False,1,12800,0.250,False,1.0,0,0
results/raw/main/uniform_s224_fifo_seed1.json,uniform,224,fifo,False,1,25600,0.500,False,2.89867,24303,557
results/raw/main/uniform_s224_fifo_seed1.json,uniform,224,fifo,False,1,38400,0.750,False,2.34086,17163,468
results/raw/main/uniform_s224_fifo_seed1.json,uniform,224,fifo,False,1,51200,1.000,False,2.54867,19823,510
results/raw/main/uniform_s224_fifo_seed1.json,uniform,224,fifo,False,1,64000,1.250,False,2.4868,19031,497
results/raw/main/uniform_s224_fifo_seed1.json,uniform,224,fifo,False,1,76800,1.500,False,2.49328,19114,499
results/raw/main/uniform_s224_fifo_seed1.json,uniform,224,fifo,False,1,89600,1.750,False,2.48086,18955,496
results/raw/main/uniform_s224_fifo_seed1.json,uniform,224,fifo,False,1,102400,2.000,False,2.48969,19068,498
results/raw/main/uniform_s224_fifo_seed1.json,uniform,224,fifo,False,1,115200,2.250,False,2.50555,19271,501
results/raw/main/uniform_s224_fifo_seed1.json,uniform,224,fifo,False,1,128000,2.500,False,2.50398,19251,501
results/raw/main/uniform_s224_fifo_seed1.json,uniform,224,fifo,False,1,140800,2.750,False,2.49469,19132,499
results/raw/main/uniform_s224_fifo_seed1.json,uniform,224,fifo,False,1,153600,3.000,False,2.49125,19088,498
results/raw/main/uniform_s224_fifo_seed1.json,uniform,224,fifo,False,1,166400,3.250,False,2.48945,19065,498
results/raw/main/uniform_s224_fifo_seed1.json,uniform,224,fifo,False,1,179200,3.500,False,2.50586,19275,501
results/raw/main/uniform_s224_fifo_seed1.json,uniform,224,fifo,False,1,192000,3.750,False,2.49031,19076,498
results/raw/main/uniform_s224_fifo_seed1.json,uniform,224,fifo,False,1,204800,4.000,False,2.4732,18857,495
results/raw/main/uniform_s224_fifo_seed1.json,uniform,224,fifo,False,1,217600,4.250,True,2.48133,18961,496
results/raw/main/uniform_s224_fifo_seed1.json,uniform,224,fifo,False,1,230400,4.500,True,2.49555,19143,499
results/raw/main/uniform_s224_fifo_seed1.json,uniform,224,fifo,False,1,243200,4.750,True,2.49852,19181,500
results/raw/main/uniform_s224_fifo_seed1.json,uniform,224,fifo,False,1,256000,5.000,True,2.49539,19141,499
results/raw/main/uniform_s224_fifo_seed1.json,uniform,224,fifo,False,1,268800,5.250,True,2.48438,19000,497
results/raw/main/uniform_s224_fifo_seed1.json,uniform,224,fifo,False,1,281600,5.500,True,2.50672,19286,501
results/raw/main/uniform_s224_fifo_seed1.json,uniform,224,fifo,False,1,294400,5.750,True,2.49859,19182,500
results/raw/main/uniform_s224_fifo_seed1.json,uniform,224,fifo,False,1,307200,6.000,True,2.48078,18954,496
results/raw/main/uniform_s224_fifo_seed1.json,uniform,224,fifo,False,1,320000,6.250,True,2.48516,19010,497
results/raw/main/uniform_s224_fifo_seed1.json,uniform,224,fifo,False,1,332800,6.500,True,2.49016,19074,498
results/raw/main/uniform_s224_fifo_seed1.json,uniform,224,fifo,False,1,345600,6.750,True,2.50039,19205,500
results/raw/main/uniform_s224_fifo_seed1.json,uniform,224,fifo,False,1,358400,7.000,True,2.48805,19047,498
results/raw/main/uniform_s224_fifo_seed1.json,uniform,224,fifo,False,1,371200,7.250,True,2.49195,19097,498
results/raw/main/uniform_s224_fifo_seed1.json,uniform,224,fifo,False,1,384000,7.500,True,2.50352,19245,501
results/raw/main/uniform_s224_fifo_seed1.json,uniform,224,fifo,False,1,396800,7.750,True,2.49523,19139,499
results/raw/main/uniform_s224_fifo_seed1.json,uniform,224,fifo,False,1,409600,8.000,True,2.50062,19208,500
results/raw/main/uniform_s224_fifo_seed1.json,uniform,224,fifo,False,1,422400,8.250,True,2.48383,18993,497
results/raw/main/uniform_s224_fifo_seed1.json,uniform,224,fifo,False,1,435200,8.500,True,2.46648,18771,493
results/raw/main/uniform_s224_fifo_seed1.json,uniform,224,fifo,False,1,448000,8.750,True,2.52359,19502,505
results/raw/main/uniform_s224_fifo_seed1.json,uniform,224,fifo,False,1,460800,9.000,True,2.48156,18964,496
results/raw/main/uniform_s224_fifo_seed1.json,uniform,224,fifo,False,1,473600,9.250,True,2.51359,19374,503
results/raw/main/uniform_s224_fifo_seed1.json,uniform,224,fifo,False,1,486400,9.500,True,2.49547,19142,499
results/raw/main/uniform_s224_fifo_seed1.json,uniform,224,fifo,False,1,499200,9.750,True,2.50094,19212,500
results/raw/main/uniform_s224_fifo_seed1.json,uniform,224,fifo,False,1,512000,10.000,True,2.49898,19187,500
results/raw/main/uniform_s224_fifo_seed1.json,uniform,224,fifo,False,1,524800,10.250,True,2.47469,18876,495
results/raw/main/uniform_s224_fifo_seed1.json,uniform,224,fifo,False,1,537600,10.500,True,2.49539,19141,499
results/raw/main/uniform_s224_fifo_seed1.json,uniform,224,fifo,False,1,550400,10.750,True,2.49555,19143,499
results/raw/main/uniform_s224_fifo_seed1.json,uniform,224,fifo,False,1,563200,11.000,True,2.49398,19123,499
results/raw/main/uniform_s224_fifo_seed1.json,uniform,224,fifo,False,1,576000,11.250,True,2.51086,19339,502
results/raw/main/uniform_s224_fifo_seed1.json,uniform,224,fifo,False,1,588800,11.500,True,2.50563,19272,501
results/raw/main/uniform_s224_fifo_seed1.json,uniform,224,fifo,False,1,601600,11.750,True,2.48977,19069,498
results/raw/main/uniform_s224_fifo_seed1.json,uniform,224,fifo,False,1,614400,12.000,True,2.48531,19012,497
results/raw/main/uniform_s224_fifo_seed2.json,uniform,224,fifo,False,2,12800,0.250,False,1.0,0,0
results/raw/main/uniform_s224_fifo_seed2.json,uniform,224,fifo,False,2,25600,0.500,False,2.92445,24633,562
results/raw/main/uniform_s224_fifo_seed2.json,uniform,224,fifo,False,2,38400,0.750,False,2.36953,17530,474
results/raw/main/uniform_s224_fifo_seed2.json,uniform,224,fifo,False,2,51200,1.000,False,2.51945,19449,504
results/raw/main/uniform_s224_fifo_seed2.json,uniform,224,fifo,False,2,64000,1.250,False,2.47555,18887,495
results/raw/main/uniform_s224_fifo_seed2.json,uniform,224,fifo,False,2,76800,1.500,False,2.50477,19261,501
results/raw/main/uniform_s224_fifo_seed2.json,uniform,224,fifo,False,2,89600,1.750,False,2.47602,18893,495
results/raw/main/uniform_s224_fifo_seed2.json,uniform,224,fifo,False,2,102400,2.000,False,2.51023,19331,502
results/raw/main/uniform_s224_fifo_seed2.json,uniform,224,fifo,False,2,115200,2.250,False,2.51008,19329,502
results/raw/main/uniform_s224_fifo_seed2.json,uniform,224,fifo,False,2,128000,2.500,False,2.47359,18862,495
results/raw/main/uniform_s224_fifo_seed2.json,uniform,224,fifo,False,2,140800,2.750,False,2.50594,19276,501
results/raw/main/uniform_s224_fifo_seed2.json,uniform,224,fifo,False,2,153600,3.000,False,2.49008,19073,498
results/raw/main/uniform_s224_fifo_seed2.json,uniform,224,fifo,False,2,166400,3.250,False,2.47867,18927,496
results/raw/main/uniform_s224_fifo_seed2.json,uniform,224,fifo,False,2,179200,3.500,False,2.49,19072,498
results/raw/main/uniform_s224_fifo_seed2.json,uniform,224,fifo,False,2,192000,3.750,False,2.49172,19094,498
results/raw/main/uniform_s224_fifo_seed2.json,uniform,224,fifo,False,2,204800,4.000,False,2.49328,19114,499
results/raw/main/uniform_s224_fifo_seed2.json,uniform,224,fifo,False,2,217600,4.250,True,2.46672,18774,493
results/raw/main/uniform_s224_fifo_seed2.json,uniform,224,fifo,False,2,230400,4.500,True,2.52859,19566,506
results/raw/main/uniform_s224_fifo_seed2.json,uniform,224,fifo,False,2,243200,4.750,True,2.48039,18949,496
results/raw/main/uniform_s224_fifo_seed2.json,uniform,224,fifo,False,2,256000,5.000,True,2.50062,19208,500
results/raw/main/uniform_s224_fifo_seed2.json,uniform,224,fifo,False,2,268800,5.250,True,2.50016,19202,500
results/raw/main/uniform_s224_fifo_seed2.json,uniform,224,fifo,False,2,281600,5.500,True,2.46523,18755,493
results/raw/main/uniform_s224_fifo_seed2.json,uniform,224,fifo,False,2,294400,5.750,True,2.49336,19115,499
results/raw/main/uniform_s224_fifo_seed2.json,uniform,224,fifo,False,2,307200,6.000,True,2.49031,19076,498
results/raw/main/uniform_s224_fifo_seed2.json,uniform,224,fifo,False,2,320000,6.250,True,2.48445,19001,497
results/raw/main/uniform_s224_fifo_seed2.json,uniform,224,fifo,False,2,332800,6.500,True,2.49617,19151,499
results/raw/main/uniform_s224_fifo_seed2.json,uniform,224,fifo,False,2,345600,6.750,True,2.49508,19137,499
results/raw/main/uniform_s224_fifo_seed2.json,uniform,224,fifo,False,2,358400,7.000,True,2.47852,18925,496
results/raw/main/uniform_s224_fifo_seed2.json,uniform,224,fifo,False,2,371200,7.250,True,2.50625,19280,501
results/raw/main/uniform_s224_fifo_seed2.json,uniform,224,fifo,False,2,384000,7.500,True,2.48891,19058,498
results/raw/main/uniform_s224_fifo_seed2.json,uniform,224,fifo,False,2,396800,7.750,True,2.5157,19401,503
results/raw/main/uniform_s224_fifo_seed2.json,uniform,224,fifo,False,2,409600,8.000,True,2.50062,19208,500
results/raw/main/uniform_s224_fifo_seed2.json,uniform,224,fifo,False,2,422400,8.250,True,2.49914,19189,500
results/raw/main/uniform_s224_fifo_seed2.json,uniform,224,fifo,False,2,435200,8.500,True,2.51094,19340,502
results/raw/main/uniform_s224_fifo_seed2.json,uniform,224,fifo,False,2,448000,8.750,True,2.48883,19057,498
results/raw/main/uniform_s224_fifo_seed2.json,uniform,224,fifo,False,2,460800,9.000,True,2.48523,19011,497
results/raw/main/uniform_s224_fifo_seed2.json,uniform,224,fifo,False,2,473600,9.250,True,2.49117,19087,498
results/raw/main/uniform_s224_fifo_seed2.json,uniform,224,fifo,False,2,486400,9.500,True,2.49844,19180,500
results/raw/main/uniform_s224_fifo_seed2.json,uniform,224,fifo,False,2,499200,9.750,True,2.50141,19218,500
results/raw/main/uniform_s224_fifo_seed2.json,uniform,224,fifo,False,2,512000,10.000,True,2.47969,18940,496
results/raw/main/uniform_s224_fifo_seed2.json,uniform,224,fifo,False,2,524800,10.250,True,2.47992,18943,496
results/raw/main/uniform_s224_fifo_seed2.json,uniform,224,fifo,False,2,537600,10.500,True,2.49352,19117,499
results/raw/main/uniform_s224_fifo_seed2.json,uniform,224,fifo,False,2,550400,10.750,True,2.48086,18955,496
results/raw/main/uniform_s224_fifo_seed2.json,uniform,224,fifo,False,2,563200,11.000,True,2.49477,19133,499
results/raw/main/uniform_s224_fifo_seed2.json,uniform,224,fifo,False,2,576000,11.250,True,2.51531,19396,503
results/raw/main/uniform_s224_fifo_seed2.json,uniform,224,fifo,False,2,588800,11.500,True,2.49094,19084,498
results/raw/main/uniform_s224_fifo_seed2.json,uniform,224,fifo,False,2,601600,11.750,True,2.50336,19243,501
results/raw/main/uniform_s224_fifo_seed2.json,uniform,224,fifo,False,2,614400,12.000,True,2.46602,18765,493
results/raw/main/uniform_s224_fifo_seed3.json,uniform,224,fifo,False,3,12800,0.250,False,1.0,0,0
results/raw/main/uniform_s224_fifo_seed3.json,uniform,224,fifo,False,3,25600,0.500,False,2.95438,25016,568
results/raw/main/uniform_s224_fifo_seed3.json,uniform,224,fifo,False,3,38400,0.750,False,2.335,17088,467
results/raw/main/uniform_s224_fifo_seed3.json,uniform,224,fifo,False,3,51200,1.000,False,2.55039,19845,510
results/raw/main/uniform_s224_fifo_seed3.json,uniform,224,fifo,False,3,64000,1.250,False,2.47,18816,494
results/raw/main/uniform_s224_fifo_seed3.json,uniform,224,fifo,False,3,76800,1.500,False,2.52477,19517,505
results/raw/main/uniform_s224_fifo_seed3.json,uniform,224,fifo,False,3,89600,1.750,False,2.48023,18947,496
results/raw/main/uniform_s224_fifo_seed3.json,uniform,224,fifo,False,3,102400,2.000,False,2.47469,18876,495
results/raw/main/uniform_s224_fifo_seed3.json,uniform,224,fifo,False,3,115200,2.250,False,2.49961,19195,500
results/raw/main/uniform_s224_fifo_seed3.json,uniform,224,fifo,False,3,128000,2.500,False,2.48578,19018,497
results/raw/main/uniform_s224_fifo_seed3.json,uniform,224,fifo,False,3,140800,2.750,False,2.49391,19122,499
results/raw/main/uniform_s224_fifo_seed3.json,uniform,224,fifo,False,3,153600,3.000,False,2.49086,19083,498
results/raw/main/uniform_s224_fifo_seed3.json,uniform,224,fifo,False,3,166400,3.250,False,2.49039,19077,498
results/raw/main/uniform_s224_fifo_seed3.json,uniform,224,fifo,False,3,179200,3.500,False,2.49938,19192,500
results/raw/main/uniform_s224_fifo_seed3.json,uniform,224,fifo,False,3,192000,3.750,False,2.49445,19129,499
results/raw/main/uniform_s224_fifo_seed3.json,uniform,224,fifo,False,3,204800,4.000,False,2.48484,19006,497
results/raw/main/uniform_s224_fifo_seed3.json,uniform,224,fifo,False,3,217600,4.250,True,2.50125,19216,500
results/raw/main/uniform_s224_fifo_seed3.json,uniform,224,fifo,False,3,230400,4.500,True,2.48844,19052,498
results/raw/main/uniform_s224_fifo_seed3.json,uniform,224,fifo,False,3,243200,4.750,True,2.49492,19135,499
results/raw/main/uniform_s224_fifo_seed3.json,uniform,224,fifo,False,3,256000,5.000,True,2.51023,19331,502
results/raw/main/uniform_s224_fifo_seed3.json,uniform,224,fifo,False,3,268800,5.250,True,2.50906,19316,502
results/raw/main/uniform_s224_fifo_seed3.json,uniform,224,fifo,False,3,281600,5.500,True,2.48242,18975,496
results/raw/main/uniform_s224_fifo_seed3.json,uniform,224,fifo,False,3,294400,5.750,True,2.48453,19002,497
results/raw/main/uniform_s224_fifo_seed3.json,uniform,224,fifo,False,3,307200,6.000,True,2.50422,19254,501
results/raw/main/uniform_s224_fifo_seed3.json,uniform,224,fifo,False,3,320000,6.250,True,2.50031,19204,500
results/raw/main/uniform_s224_fifo_seed3.json,uniform,224,fifo,False,3,332800,6.500,True,2.49,19072,498
results/raw/main/uniform_s224_fifo_seed3.json,uniform,224,fifo,False,3,345600,6.750,True,2.50023,19203,500
results/raw/main/uniform_s224_fifo_seed3.json,uniform,224,fifo,False,3,358400,7.000,True,2.51469,19388,503
results/raw/main/uniform_s224_fifo_seed3.json,uniform,224,fifo,False,3,371200,7.250,True,2.49516,19138,499
results/raw/main/uniform_s224_fifo_seed3.json,uniform,224,fifo,False,3,384000,7.500,True,2.49914,19189,500
results/raw/main/uniform_s224_fifo_seed3.json,uniform,224,fifo,False,3,396800,7.750,True,2.4957,19145,499
results/raw/main/uniform_s224_fifo_seed3.json,uniform,224,fifo,False,3,409600,8.000,True,2.48523,19011,497
results/raw/main/uniform_s224_fifo_seed3.json,uniform,224,fifo,False,3,422400,8.250,True,2.52961,19579,506
results/raw/main/uniform_s224_fifo_seed3.json,uniform,224,fifo,False,3,435200,8.500,True,2.50625,19280,501
results/raw/main/uniform_s224_fifo_seed3.json,uniform,224,fifo,False,3,448000,8.750,True,2.47406,18868,495
results/raw/main/uniform_s224_fifo_seed3.json,uniform,224,fifo,False,3,460800,9.000,True,2.46094,18700,492
results/raw/main/uniform_s224_fifo_seed3.json,uniform,224,fifo,False,3,473600,9.250,True,2.51492,19391,503
results/raw/main/uniform_s224_fifo_seed3.json,uniform,224,fifo,False,3,486400,9.500,True,2.49391,19122,499
results/raw/main/uniform_s224_fifo_seed3.json,uniform,224,fifo,False,3,499200,9.750,True,2.47594,18892,495
results/raw/main/uniform_s224_fifo_seed3.json,uniform,224,fifo,False,3,512000,10.000,True,2.49375,19120,499
results/raw/main/uniform_s224_fifo_seed3.json,uniform,224,fifo,False,3,524800,10.250,True,2.50031,19204,500
results/raw/main/uniform_s224_fifo_seed3.json,uniform,224,fifo,False,3,537600,10.500,True,2.49961,19195,500
results/raw/main/uniform_s224_fifo_seed3.json,uniform,224,fifo,False,3,550400,10.750,True,2.51914,19445,504
results/raw/main/uniform_s224_fifo_seed3.json,uniform,224,fifo,False,3,563200,11.000,True,2.48578,19018,497
results/raw/main/uniform_s224_fifo_seed3.json,uniform,224,fifo,False,3,576000,11.250,True,2.48586,19019,497
results/raw/main/uniform_s224_fifo_seed3.json,uniform,224,fifo,False,3,588800,11.500,True,2.485,19008,497
results/raw/main/uniform_s224_fifo_seed3.json,uniform,224,fifo,False,3,601600,11.750,True,2.50461,19259,501
results/raw/main/uniform_s224_fifo_seed3.json,uniform,224,fifo,False,3,614400,12.000,True,2.47039,18821,494
results/raw/main/uniform_s224_fifo_seed4.json,uniform,224,fifo,False,4,12800,0.250,False,1.0,0,0
results/raw/main/uniform_s224_fifo_seed4.json,uniform,224,fifo,False,4,25600,0.500,False,2.91898,24563,561
results/raw/main/uniform_s224_fifo_seed4.json,uniform,224,fifo,False,4,38400,0.750,False,2.34414,17205,469
results/raw/main/uniform_s224_fifo_seed4.json,uniform,224,fifo,False,4,51200,1.000,False,2.53547,19654,507
results/raw/main/uniform_s224_fifo_seed4.json,uniform,224,fifo,False,4,64000,1.250,False,2.47539,18885,495
results/raw/main/uniform_s224_fifo_seed4.json,uniform,224,fifo,False,4,76800,1.500,False,2.50023,19203,500
results/raw/main/uniform_s224_fifo_seed4.json,uniform,224,fifo,False,4,89600,1.750,False,2.49039,19077,498
results/raw/main/uniform_s224_fifo_seed4.json,uniform,224,fifo,False,4,102400,2.000,False,2.49969,19196,500
results/raw/main/uniform_s224_fifo_seed4.json,uniform,224,fifo,False,4,115200,2.250,False,2.50547,19270,501
results/raw/main/uniform_s224_fifo_seed4.json,uniform,224,fifo,False,4,128000,2.500,False,2.49406,19124,499
results/raw/main/uniform_s224_fifo_seed4.json,uniform,224,fifo,False,4,140800,2.750,False,2.48977,19069,498
results/raw/main/uniform_s224_fifo_seed4.json,uniform,224,fifo,False,4,153600,3.000,False,2.51516,19394,503
results/raw/main/uniform_s224_fifo_seed4.json,uniform,224,fifo,False,4,166400,3.250,False,2.47562,18888,495
results/raw/main/uniform_s224_fifo_seed4.json,uniform,224,fifo,False,4,179200,3.500,False,2.50445,19257,501
results/raw/main/uniform_s224_fifo_seed4.json,uniform,224,fifo,False,4,192000,3.750,False,2.47461,18875,495
results/raw/main/uniform_s224_fifo_seed4.json,uniform,224,fifo,False,4,204800,4.000,False,2.47984,18942,496
results/raw/main/uniform_s224_fifo_seed4.json,uniform,224,fifo,False,4,217600,4.250,True,2.51672,19414,503
results/raw/main/uniform_s224_fifo_seed4.json,uniform,224,fifo,False,4,230400,4.500,True,2.49383,19121,499
results/raw/main/uniform_s224_fifo_seed4.json,uniform,224,fifo,False,4,243200,4.750,True,2.5093,19319,502
results/raw/main/uniform_s224_fifo_seed4.json,uniform,224,fifo,False,4,256000,5.000,True,2.50641,19282,501
results/raw/main/uniform_s224_fifo_seed4.json,uniform,224,fifo,False,4,268800,5.250,True,2.48984,19070,498
results/raw/main/uniform_s224_fifo_seed4.json,uniform,224,fifo,False,4,281600,5.500,True,2.50422,19254,501
results/raw/main/uniform_s224_fifo_seed4.json,uniform,224,fifo,False,4,294400,5.750,True,2.48078,18954,496
results/raw/main/uniform_s224_fifo_seed4.json,uniform,224,fifo,False,4,307200,6.000,True,2.49437,19128,499
results/raw/main/uniform_s224_fifo_seed4.json,uniform,224,fifo,False,4,320000,6.250,True,2.48953,19066,498
results/raw/main/uniform_s224_fifo_seed4.json,uniform,224,fifo,False,4,332800,6.500,True,2.49492,19135,499
results/raw/main/uniform_s224_fifo_seed4.json,uniform,224,fifo,False,4,345600,6.750,True,2.49664,19157,499
results/raw/main/uniform_s224_fifo_seed4.json,uniform,224,fifo,False,4,358400,7.000,True,2.49516,19138,499
results/raw/main/uniform_s224_fifo_seed4.json,uniform,224,fifo,False,4,371200,7.250,True,2.48453,19002,497
results/raw/main/uniform_s224_fifo_seed4.json,uniform,224,fifo,False,4,384000,7.500,True,2.50859,19310,502
results/raw/main/uniform_s224_fifo_seed4.json,uniform,224,fifo,False,4,396800,7.750,True,2.50641,19282,501
results/raw/main/uniform_s224_fifo_seed4.json,uniform,224,fifo,False,4,409600,8.000,True,2.50906,19316,502
results/raw/main/uniform_s224_fifo_seed4.json,uniform,224,fifo,False,4,422400,8.250,True,2.48648,19027,497
results/raw/main/uniform_s224_fifo_seed4.json,uniform,224,fifo,False,4,435200,8.500,True,2.50461,19259,501
results/raw/main/uniform_s224_fifo_seed4.json,uniform,224,fifo,False,4,448000,8.750,True,2.49953,19194,500
results/raw/main/uniform_s224_fifo_seed4.json,uniform,224,fifo,False,4,460800,9.000,True,2.48578,19018,497
results/raw/main/uniform_s224_fifo_seed4.json,uniform,224,fifo,False,4,473600,9.250,True,2.49469,19132,499
results/raw/main/uniform_s224_fifo_seed4.json,uniform,224,fifo,False,4,486400,9.500,True,2.49977,19197,500
results/raw/main/uniform_s224_fifo_seed4.json,uniform,224,fifo,False,4,499200,9.750,True,2.49508,19137,499
results/raw/main/uniform_s224_fifo_seed4.json,uniform,224,fifo,False,4,512000,10.000,True,2.48039,18949,496
results/raw/main/uniform_s224_fifo_seed4.json,uniform,224,fifo,False,4,524800,10.250,True,2.47852,18925,496
results/raw/main/uniform_s224_fifo_seed4.json,uniform,224,fifo,False,4,537600,10.500,True,2.51516,19394,503
results/raw/main/uniform_s224_fifo_seed4.json,uniform,224,fifo,False,4,550400,10.750,True,2.50984,19326,502
results/raw/main/uniform_s224_fifo_seed4.json,uniform,224,fifo,False,4,563200,11.000,True,2.49023,19075,498
results/raw/main/uniform_s224_fifo_seed4.json,uniform,224,fifo,False,4,576000,11.250,True,2.50547,19270,501
results/raw/main/uniform_s224_fifo_seed4.json,uniform,224,fifo,False,4,588800,11.500,True,2.49945,19193,500
results/raw/main/uniform_s224_fifo_seed4.json,uniform,224,fifo,False,4,601600,11.750,True,2.48133,18961,496
results/raw/main/uniform_s224_fifo_seed4.json,uniform,224,fifo,False,4,614400,12.000,True,2.50477,19261,501
results/raw/main/uniform_s224_fifo_seed5.json,uniform,224,fifo,False,5,12800,0.250,False,1.0,0,0
results/raw/main/uniform_s224_fifo_seed5.json,uniform,224,fifo,False,5,25600,0.500,False,2.92453,24634,562
results/raw/main/uniform_s224_fifo_seed5.json,uniform,224,fifo,False,5,38400,0.750,False,2.33539,17093,467
results/raw/main/uniform_s224_fifo_seed5.json,uniform,224,fifo,False,5,51200,1.000,False,2.55875,19952,512
results/raw/main/uniform_s224_fifo_seed5.json,uniform,224,fifo,False,5,64000,1.250,False,2.50023,19203,500
results/raw/main/uniform_s224_fifo_seed5.json,uniform,224,fifo,False,5,76800,1.500,False,2.47,18816,494
results/raw/main/uniform_s224_fifo_seed5.json,uniform,224,fifo,False,5,89600,1.750,False,2.48445,19001,497
results/raw/main/uniform_s224_fifo_seed5.json,uniform,224,fifo,False,5,102400,2.000,False,2.48047,18950,496
results/raw/main/uniform_s224_fifo_seed5.json,uniform,224,fifo,False,5,115200,2.250,False,2.51516,19394,503
results/raw/main/uniform_s224_fifo_seed5.json,uniform,224,fifo,False,5,128000,2.500,False,2.48531,19012,497
results/raw/main/uniform_s224_fifo_seed5.json,uniform,224,fifo,False,5,140800,2.750,False,2.47953,18938,496
results/raw/main/uniform_s224_fifo_seed5.json,uniform,224,fifo,False,5,153600,3.000,False,2.51578,19402,503
results/raw/main/uniform_s224_fifo_seed5.json,uniform,224,fifo,False,5,166400,3.250,False,2.46375,18736,493
results/raw/main/uniform_s224_fifo_seed5.json,uniform,224,fifo,False,5,179200,3.500,False,2.49078,19082,498
results/raw/main/uniform_s224_fifo_seed5.json,uniform,224,fifo,False,5,192000,3.750,False,2.48891,19058,498
results/raw/main/uniform_s224_fifo_seed5.json,uniform,224,fifo,False,5,204800,4.000,False,2.49641,19154,499
results/raw/main/uniform_s224_fifo_seed5.json,uniform,224,fifo,False,5,217600,4.250,True,2.48461,19003,497
results/raw/main/uniform_s224_fifo_seed5.json,uniform,224,fifo,False,5,230400,4.500,True,2.49016,19074,498
results/raw/main/uniform_s224_fifo_seed5.json,uniform,224,fifo,False,5,243200,4.750,True,2.48953,19066,498
results/raw/main/uniform_s224_fifo_seed5.json,uniform,224,fifo,False,5,256000,5.000,True,2.50547,19270,501
results/raw/main/uniform_s224_fifo_seed5.json,uniform,224,fifo,False,5,268800,5.250,True,2.48,18944,496
results/raw/main/uniform_s224_fifo_seed5.json,uniform,224,fifo,False,5,281600,5.500,True,2.49523,19139,499
results/raw/main/uniform_s224_fifo_seed5.json,uniform,224,fifo,False,5,294400,5.750,True,2.52406,19508,505
results/raw/main/uniform_s224_fifo_seed5.json,uniform,224,fifo,False,5,307200,6.000,True,2.46656,18772,493
results/raw/main/uniform_s224_fifo_seed5.json,uniform,224,fifo,False,5,320000,6.250,True,2.49461,19131,499
results/raw/main/uniform_s224_fifo_seed5.json,uniform,224,fifo,False,5,332800,6.500,True,2.47906,18932,496
results/raw/main/uniform_s224_fifo_seed5.json,uniform,224,fifo,False,5,345600,6.750,True,2.52477,19517,505
results/raw/main/uniform_s224_fifo_seed5.json,uniform,224,fifo,False,5,358400,7.000,True,2.49969,19196,500
results/raw/main/uniform_s224_fifo_seed5.json,uniform,224,fifo,False,5,371200,7.250,True,2.49664,19157,499
results/raw/main/uniform_s224_fifo_seed5.json,uniform,224,fifo,False,5,384000,7.500,True,2.48992,19071,498
results/raw/main/uniform_s224_fifo_seed5.json,uniform,224,fifo,False,5,396800,7.750,True,2.525,19520,505
results/raw/main/uniform_s224_fifo_seed5.json,uniform,224,fifo,False,5,409600,8.000,True,2.475,18880,495
results/raw/main/uniform_s224_fifo_seed5.json,uniform,224,fifo,False,5,422400,8.250,True,2.53383,19633,507
results/raw/main/uniform_s224_fifo_seed5.json,uniform,224,fifo,False,5,435200,8.500,True,2.47562,18888,495
results/raw/main/uniform_s224_fifo_seed5.json,uniform,224,fifo,False,5,448000,8.750,True,2.4893,19063,498
results/raw/main/uniform_s224_fifo_seed5.json,uniform,224,fifo,False,5,460800,9.000,True,2.5057,19273,501
results/raw/main/uniform_s224_fifo_seed5.json,uniform,224,fifo,False,5,473600,9.250,True,2.51953,19450,504
results/raw/main/uniform_s224_fifo_seed5.json,uniform,224,fifo,False,5,486400,9.500,True,2.48016,18946,496
results/raw/main/uniform_s224_fifo_seed5.json,uniform,224,fifo,False,5,499200,9.750,True,2.49016,19074,498
results/raw/main/uniform_s224_fifo_seed5.json,uniform,224,fifo,False,5,512000,10.000,True,2.51023,19331,502
results/raw/main/uniform_s224_fifo_seed5.json,uniform,224,fifo,False,5,524800,10.250,True,2.51453,19386,503
results/raw/main/uniform_s224_fifo_seed5.json,uniform,224,fifo,False,5,537600,10.500,True,2.48992,19071,498
results/raw/main/uniform_s224_fifo_seed5.json,uniform,224,fifo,False,5,550400,10.750,True,2.49094,19084,498
results/raw/main/uniform_s224_fifo_seed5.json,uniform,224,fifo,False,5,563200,11.000,True,2.48891,19058,498
results/raw/main/uniform_s224_fifo_seed5.json,uniform,224,fifo,False,5,576000,11.250,True,2.50422,19254,501
results/raw/main/uniform_s224_fifo_seed5.json,uniform,224,fifo,False,5,588800,11.500,True,2.5068,19287,501
results/raw/main/uniform_s224_fifo_seed5.json,uniform,224,fifo,False,5,601600,11.750,True,2.51375,19376,503
results/raw/main/uniform_s224_fifo_seed5.json,uniform,224,fifo,False,5,614400,12.000,True,2.49969,19196,500
results/raw/main/uniform_s224_greedy_seed1.json,uniform,224,greedy,False,1,12800,0.250,False,1.0,0,0
results/raw/main/uniform_s224_greedy_seed1.json,uniform,224,greedy,False,1,25600,0.500,False,2.50883,19313,479
results/raw/main/uniform_s224_greedy_seed1.json,uniform,224,greedy,False,1,38400,0.750,False,2.39922,17910,480
results/raw/main/uniform_s224_greedy_seed1.json,uniform,224,greedy,False,1,51200,1.000,False,2.4168,18135,483
results/raw/main/uniform_s224_greedy_seed1.json,uniform,224,greedy,False,1,64000,1.250,False,2.41,18048,482
results/raw/main/uniform_s224_greedy_seed1.json,uniform,224,greedy,False,1,76800,1.500,False,2.42898,18291,486
results/raw/main/uniform_s224_greedy_seed1.json,uniform,224,greedy,False,1,89600,1.750,False,2.41516,18114,483
results/raw/main/uniform_s224_greedy_seed1.json,uniform,224,greedy,False,1,102400,2.000,False,2.41047,18054,482
results/raw/main/uniform_s224_greedy_seed1.json,uniform,224,greedy,False,1,115200,2.250,False,2.42047,18182,484
results/raw/main/uniform_s224_greedy_seed1.json,uniform,224,greedy,False,1,128000,2.500,False,2.41477,18109,483
results/raw/main/uniform_s224_greedy_seed1.json,uniform,224,greedy,False,1,140800,2.750,False,2.41398,18099,483
results/raw/main/uniform_s224_greedy_seed1.json,uniform,224,greedy,False,1,153600,3.000,False,2.4157,18121,483
results/raw/main/uniform_s224_greedy_seed1.json,uniform,224,greedy,False,1,166400,3.250,False,2.42867,18287,486
results/raw/main/uniform_s224_greedy_seed1.json,uniform,224,greedy,False,1,179200,3.500,False,2.41109,18062,482
results/raw/main/uniform_s224_greedy_seed1.json,uniform,224,greedy,False,1,192000,3.750,False,2.40055,17927,480
results/raw/main/uniform_s224_greedy_seed1.json,uniform,224,greedy,False,1,204800,4.000,False,2.39914,17909,480
results/raw/main/uniform_s224_greedy_seed1.json,uniform,224,greedy,False,1,217600,4.250,True,2.41969,18172,484
results/raw/main/uniform_s224_greedy_seed1.json,uniform,224,greedy,False,1,230400,4.500,True,2.41602,18125,483
results/raw/main/uniform_s224_greedy_seed1.json,uniform,224,greedy,False,1,243200,4.750,True,2.40992,18047,482
results/raw/main/uniform_s224_greedy_seed1.json,uniform,224,greedy,False,1,256000,5.000,True,2.4393,18423,488
results/raw/main/uniform_s224_greedy_seed1.json,uniform,224,greedy,False,1,268800,5.250,True,2.41938,18168,484
results/raw/main/uniform_s224_greedy_seed1.json,uniform,224,greedy,False,1,281600,5.500,True,2.42617,18255,485
results/raw/main/uniform_s224_greedy_seed1.json,uniform,224,greedy,False,1,294400,5.750,True,2.42016,18178,484
results/raw/main/uniform_s224_greedy_seed1.json,uniform,224,greedy,False,1,307200,6.000,True,2.42062,18184,484
results/raw/main/uniform_s224_greedy_seed1.json,uniform,224,greedy,False,1,320000,6.250,True,2.40391,17970,481
results/raw/main/uniform_s224_greedy_seed1.json,uniform,224,greedy,False,1,332800,6.500,True,2.40492,17983,481
results/raw/main/uniform_s224_greedy_seed1.json,uniform,224,greedy,False,1,345600,6.750,True,2.40984,18046,482
results/raw/main/uniform_s224_greedy_seed1.json,uniform,224,greedy,False,1,358400,7.000,True,2.42047,18182,484
results/raw/main/uniform_s224_greedy_seed1.json,uniform,224,greedy,False,1,371200,7.250,True,2.42578,18250,485
results/raw/main/uniform_s224_greedy_seed1.json,uniform,224,greedy,False,1,384000,7.500,True,2.41977,18173,484
results/raw/main/uniform_s224_greedy_seed1.json,uniform,224,greedy,False,1,396800,7.750,True,2.40437,17976,481
results/raw/main/uniform_s224_greedy_seed1.json,uniform,224,greedy,False,1,409600,8.000,True,2.41086,18059,482
results/raw/main/uniform_s224_greedy_seed1.json,uniform,224,greedy,False,1,422400,8.250,True,2.41891,18162,484
results/raw/main/uniform_s224_greedy_seed1.json,uniform,224,greedy,False,1,435200,8.500,True,2.39539,17861,479
results/raw/main/uniform_s224_greedy_seed1.json,uniform,224,greedy,False,1,448000,8.750,True,2.42398,18227,485
results/raw/main/uniform_s224_greedy_seed1.json,uniform,224,greedy,False,1,460800,9.000,True,2.40586,17995,481
results/raw/main/uniform_s224_greedy_seed1.json,uniform,224,greedy,False,1,473600,9.250,True,2.42031,18180,484
results/raw/main/uniform_s224_greedy_seed1.json,uniform,224,greedy,False,1,486400,9.500,True,2.41492,18111,483
results/raw/main/uniform_s224_greedy_seed1.json,uniform,224,greedy,False,1,499200,9.750,True,2.42984,18302,486
results/raw/main/uniform_s224_greedy_seed1.json,uniform,224,greedy,False,1,512000,10.000,True,2.42953,18298,486
results/raw/main/uniform_s224_greedy_seed1.json,uniform,224,greedy,False,1,524800,10.250,True,2.4007,17929,480
results/raw/main/uniform_s224_greedy_seed1.json,uniform,224,greedy,False,1,537600,10.500,True,2.39383,17841,479
results/raw/main/uniform_s224_greedy_seed1.json,uniform,224,greedy,False,1,550400,10.750,True,2.42602,18253,485
results/raw/main/uniform_s224_greedy_seed1.json,uniform,224,greedy,False,1,563200,11.000,True,2.39891,17906,480
results/raw/main/uniform_s224_greedy_seed1.json,uniform,224,greedy,False,1,576000,11.250,True,2.42078,18186,484
results/raw/main/uniform_s224_greedy_seed1.json,uniform,224,greedy,False,1,588800,11.500,True,2.405,17984,481
results/raw/main/uniform_s224_greedy_seed1.json,uniform,224,greedy,False,1,601600,11.750,True,2.40539,17989,481
results/raw/main/uniform_s224_greedy_seed1.json,uniform,224,greedy,False,1,614400,12.000,True,2.41898,18163,484
results/raw/main/uniform_s224_greedy_seed2.json,uniform,224,greedy,False,2,12800,0.250,False,1.0,0,0
results/raw/main/uniform_s224_greedy_seed2.json,uniform,224,greedy,False,2,25600,0.500,False,2.50969,19324,479
results/raw/main/uniform_s224_greedy_seed2.json,uniform,224,greedy,False,2,38400,0.750,False,2.39031,17796,478
results/raw/main/uniform_s224_greedy_seed2.json,uniform,224,greedy,False,2,51200,1.000,False,2.42984,18302,486
results/raw/main/uniform_s224_greedy_seed2.json,uniform,224,greedy,False,2,64000,1.250,False,2.42852,18285,486
results/raw/main/uniform_s224_greedy_seed2.json,uniform,224,greedy,False,2,76800,1.500,False,2.41078,18058,482
results/raw/main/uniform_s224_greedy_seed2.json,uniform,224,greedy,False,2,89600,1.750,False,2.41398,18099,483
results/raw/main/uniform_s224_greedy_seed2.json,uniform,224,greedy,False,2,102400,2.000,False,2.42078,18186,484
results/raw/main/uniform_s224_greedy_seed2.json,uniform,224,greedy,False,2,115200,2.250,False,2.42,18176,484
results/raw/main/uniform_s224_greedy_seed2.json,uniform,224,greedy,False,2,128000,2.500,False,2.42492,18239,485
results/raw/main/uniform_s224_greedy_seed2.json,uniform,224,greedy,False,2,140800,2.750,False,2.41109,18062,482
results/raw/main/uniform_s224_greedy_seed2.json,uniform,224,greedy,False,2,153600,3.000,False,2.43828,18410,488
results/raw/main/uniform_s224_greedy_seed2.json,uniform,224,greedy,False,2,166400,3.250,False,2.41609,18126,483
results/raw/main/uniform_s224_greedy_seed2.json,uniform,224,greedy,False,2,179200,3.500,False,2.3907,17801,478
results/raw/main/uniform_s224_greedy_seed2.json,uniform,224,greedy,False,2,192000,3.750,False,2.42914,18293,486
results/raw/main/uniform_s224_greedy_seed2.json,uniform,224,greedy,False,2,204800,4.000,False,2.40937,18040,482
results/raw/main/uniform_s224_greedy_seed2.json,uniform,224,greedy,False,2,217600,4.250,True,2.41125,18064,482
results/raw/main/uniform_s224_greedy_seed2.json,uniform,224,greedy,False,2,230400,4.500,True,2.42508,18241,485
results/raw/main/uniform_s224_greedy_seed2.json,uniform,224,greedy,False,2,243200,4.750,True,2.40336,17963,481
results/raw/main/uniform_s224_greedy_seed2.json,uniform,224,greedy,False,2,256000,5.000,True,2.43125,18320,486
results/raw/main/uniform_s224_greedy_seed2.json,uniform,224,greedy,False,2,268800,5.250,True,2.42406,18228,485
results/raw/main/uniform_s224_greedy_seed2.json,uniform,224,greedy,False,2,281600,5.500,True,2.40109,17934,480
results/raw/main/uniform_s224_greedy_seed2.json,uniform,224,greedy,False,2,294400,5.750,True,2.40492,17983,481
results/raw/main/uniform_s224_greedy_seed2.json,uniform,224,greedy,False,2,307200,6.000,True,2.41367,18095,483
results/raw/main/uniform_s224_greedy_seed2.json,uniform,224,greedy,False,2,320000,6.250,True,2.42992,18303,486
results/raw/main/uniform_s224_greedy_seed2.json,uniform,224,greedy,False,2,332800,6.500,True,2.40133,17937,480
results/raw/main/uniform_s224_greedy_seed2.json,uniform,224,greedy,False,2,345600,6.750,True,2.42414,18229,485
results/raw/main/uniform_s224_greedy_seed2.json,uniform,224,greedy,False,2,358400,7.000,True,2.38945,17785,478
results/raw/main/uniform_s224_greedy_seed2.json,uniform,224,greedy,False,2,371200,7.250,True,2.41516,18114,483
results/raw/main/uniform_s224_greedy_seed2.json,uniform,224,greedy,False,2,384000,7.500,True,2.40656,18004,481
results/raw/main/uniform_s224_greedy_seed2.json,uniform,224,greedy,False,2,396800,7.750,True,2.41852,18157,484
results/raw/main/uniform_s224_greedy_seed2.json,uniform,224,greedy,False,2,409600,8.000,True,2.41148,18067,482
results/raw/main/uniform_s224_greedy_seed2.json,uniform,224,greedy,False,2,422400,8.250,True,2.42484,18238,485
results/raw/main/uniform_s224_greedy_seed2.json,uniform,224,greedy,False,2,435200,8.500,True,2.44023,18435,488
results/raw/main/uniform_s224_greedy_seed2.json,uniform,224,greedy,False,2,448000,8.750,True,2.41367,18095,483
results/raw/main/uniform_s224_greedy_seed2.json,uniform,224,greedy,False,2,460800,9.000,True,2.41125,18064,482
results/raw/main/uniform_s224_greedy_seed2.json,uniform,224,greedy,False,2,473600,9.250,True,2.42,18176,484
results/raw/main/uniform_s224_greedy_seed2.json,uniform,224,greedy,False,2,486400,9.500,True,2.40836,18027,482
results/raw/main/uniform_s224_greedy_seed2.json,uniform,224,greedy,False,2,499200,9.750,True,2.42672,18262,485
results/raw/main/uniform_s224_greedy_seed2.json,uniform,224,greedy,False,2,512000,10.000,True,2.40828,18026,482
results/raw/main/uniform_s224_greedy_seed2.json,uniform,224,greedy,False,2,524800,10.250,True,2.40102,17933,480
results/raw/main/uniform_s224_greedy_seed2.json,uniform,224,greedy,False,2,537600,10.500,True,2.40461,17979,481
results/raw/main/uniform_s224_greedy_seed2.json,uniform,224,greedy,False,2,550400,10.750,True,2.41508,18113,483
results/raw/main/uniform_s224_greedy_seed2.json,uniform,224,greedy,False,2,563200,11.000,True,2.42953,18298,486
results/raw/main/uniform_s224_greedy_seed2.json,uniform,224,greedy,False,2,576000,11.250,True,2.415,18112,483
results/raw/main/uniform_s224_greedy_seed2.json,uniform,224,greedy,False,2,588800,11.500,True,2.41586,18123,483
results/raw/main/uniform_s224_greedy_seed2.json,uniform,224,greedy,False,2,601600,11.750,True,2.41922,18166,484
results/raw/main/uniform_s224_greedy_seed2.json,uniform,224,greedy,False,2,614400,12.000,True,2.39562,17864,479
results/raw/main/uniform_s224_greedy_seed3.json,uniform,224,greedy,False,3,12800,0.250,False,1.0,0,0
results/raw/main/uniform_s224_greedy_seed3.json,uniform,224,greedy,False,3,25600,0.500,False,2.50875,19312,479
results/raw/main/uniform_s224_greedy_seed3.json,uniform,224,greedy,False,3,38400,0.750,False,2.40461,17979,481
results/raw/main/uniform_s224_greedy_seed3.json,uniform,224,greedy,False,3,51200,1.000,False,2.40617,17999,481
results/raw/main/uniform_s224_greedy_seed3.json,uniform,224,greedy,False,3,64000,1.250,False,2.40891,18034,482
results/raw/main/uniform_s224_greedy_seed3.json,uniform,224,greedy,False,3,76800,1.500,False,2.4407,18441,488
results/raw/main/uniform_s224_greedy_seed3.json,uniform,224,greedy,False,3,89600,1.750,False,2.43047,18310,486
results/raw/main/uniform_s224_greedy_seed3.json,uniform,224,greedy,False,3,102400,2.000,False,2.40961,18043,482
results/raw/main/uniform_s224_greedy_seed3.json,uniform,224,greedy,False,3,115200,2.250,False,2.43398,18355,487
results/raw/main/uniform_s224_greedy_seed3.json,uniform,224,greedy,False,3,128000,2.500,False,2.39547,17862,479
results/raw/main/uniform_s224_greedy_seed3.json,uniform,224,greedy,False,3,140800,2.750,False,2.41609,18126,483
results/raw/main/uniform_s224_greedy_seed3.json,uniform,224,greedy,False,3,153600,3.000,False,2.40937,18040,482
results/raw/main/uniform_s224_greedy_seed3.json,uniform,224,greedy,False,3,166400,3.250,False,2.42031,18180,484
results/raw/main/uniform_s224_greedy_seed3.json,uniform,224,greedy,False,3,179200,3.500,False,2.40922,18038,482
results/raw/main/uniform_s224_greedy_seed3.json,uniform,224,greedy,False,3,192000,3.750,False,2.43969,18428,488
results/raw/main/uniform_s224_greedy_seed3.json,uniform,224,greedy,False,3,204800,4.000,False,2.40516,17986,481
results/raw/main/uniform_s224_greedy_seed3.json,uniform,224,greedy,False,3,217600,4.250,True,2.42117,18191,484
results/raw/main/uniform_s224_greedy_seed3.json,uniform,224,greedy,False,3,230400,4.500,True,2.40437,17976,481
results/raw/main/uniform_s224_greedy_seed3.json,uniform,224,greedy,False,3,243200,4.750,True,2.40922,18038,482
results/raw/main/uniform_s224_greedy_seed3.json,uniform,224,greedy,False,3,256000,5.000,True,2.42141,18194,484
results/raw/main/uniform_s224_greedy_seed3.json,uniform,224,greedy,False,3,268800,5.250,True,2.40883,18033,482
results/raw/main/uniform_s224_greedy_seed3.json,uniform,224,greedy,False,3,281600,5.500,True,2.42656,18260,485
results/raw/main/uniform_s224_greedy_seed3.json,uniform,224,greedy,False,3,294400,5.750,True,2.40977,18045,482
results/raw/main/uniform_s224_greedy_seed3.json,uniform,224,greedy,False,3,307200,6.000,True,2.40523,17987,481
results/raw/main/uniform_s224_greedy_seed3.json,uniform,224,greedy,False,3,320000,6.250,True,2.41961,18171,484
results/raw/main/uniform_s224_greedy_seed3.json,uniform,224,greedy,False,3,332800,6.500,True,2.4193,18167,484
results/raw/main/uniform_s224_greedy_seed3.json,uniform,224,greedy,False,3,345600,6.750,True,2.41109,18062,482
results/raw/main/uniform_s224_greedy_seed3.json,uniform,224,greedy,False,3,358400,7.000,True,2.44961,18555,490
results/raw/main/uniform_s224_greedy_seed3.json,uniform,224,greedy,False,3,371200,7.250,True,2.40461,17979,481
results/raw/main/uniform_s224_greedy_seed3.json,uniform,224,greedy,False,3,384000,7.500,True,2.41977,18173,484
results/raw/main/uniform_s224_greedy_seed3.json,uniform,224,greedy,False,3,396800,7.750,True,2.41555,18119,483
results/raw/main/uniform_s224_greedy_seed3.json,uniform,224,greedy,False,3,409600,8.000,True,2.43516,18370,487
results/raw/main/uniform_s224_greedy_seed3.json,uniform,224,greedy,False,3,422400,8.250,True,2.42406,18228,485
results/raw/main/uniform_s224_greedy_seed3.json,uniform,224,greedy,False,3,435200,8.500,True,2.40555,17991,481
results/raw/main/uniform_s224_greedy_seed3.json,uniform,224,greedy,False,3,448000,8.750,True,2.41492,18111,483
results/raw/main/uniform_s224_greedy_seed3.json,uniform,224,greedy,False,3,460800,9.000,True,2.40937,18040,482
results/raw/main/uniform_s224_greedy_seed3.json,uniform,224,greedy,False,3,473600,9.250,True,2.42602,18253,485
results/raw/main/uniform_s224_greedy_seed3.json,uniform,224,greedy,False,3,486400,9.500,True,2.39969,17916,480
results/raw/main/uniform_s224_greedy_seed3.json,uniform,224,greedy,False,3,499200,9.750,True,2.41023,18051,482
results/raw/main/uniform_s224_greedy_seed3.json,uniform,224,greedy,False,3,512000,10.000,True,2.43031,18308,486
results/raw/main/uniform_s224_greedy_seed3.json,uniform,224,greedy,False,3,524800,10.250,True,2.40992,18047,482
results/raw/main/uniform_s224_greedy_seed3.json,uniform,224,greedy,False,3,537600,10.500,True,2.41922,18166,484
results/raw/main/uniform_s224_greedy_seed3.json,uniform,224,greedy,False,3,550400,10.750,True,2.41547,18118,483
results/raw/main/uniform_s224_greedy_seed3.json,uniform,224,greedy,False,3,563200,11.000,True,2.41922,18166,484
results/raw/main/uniform_s224_greedy_seed3.json,uniform,224,greedy,False,3,576000,11.250,True,2.41531,18116,483
results/raw/main/uniform_s224_greedy_seed3.json,uniform,224,greedy,False,3,588800,11.500,True,2.42969,18300,486
results/raw/main/uniform_s224_greedy_seed3.json,uniform,224,greedy,False,3,601600,11.750,True,2.41633,18129,483
results/raw/main/uniform_s224_greedy_seed3.json,uniform,224,greedy,False,3,614400,12.000,True,2.39453,17850,479
results/raw/main/uniform_s224_greedy_seed4.json,uniform,224,greedy,False,4,12800,0.250,False,1.0,0,0
results/raw/main/uniform_s224_greedy_seed4.json,uniform,224,greedy,False,4,25600,0.500,False,2.5243,19511,482
results/raw/main/uniform_s224_greedy_seed4.json,uniform,224,greedy,False,4,38400,0.750,False,2.38391,17714,477
results/raw/main/uniform_s224_greedy_seed4.json,uniform,224,greedy,False,4,51200,1.000,False,2.41586,18123,483
results/raw/main/uniform_s224_greedy_seed4.json,uniform,224,greedy,False,4,64000,1.250,False,2.42039,18181,484
results/raw/main/uniform_s224_greedy_seed4.json,uniform,224,greedy,False,4,76800,1.500,False,2.40469,17980,481
results/raw/main/uniform_s224_greedy_seed4.json,uniform,224,greedy,False,4,89600,1.750,False,2.4057,17993,481
results/raw/main/uniform_s224_greedy_seed4.json,uniform,224,greedy,False,4,102400,2.000,False,2.40953,18042,482
results/raw/main/uniform_s224_greedy_seed4.json,uniform,224,greedy,False,4,115200,2.250,False,2.42523,18243,485
results/raw/main/uniform_s224_greedy_seed4.json,uniform,224,greedy,False,4,128000,2.500,False,2.39922,17910,480
results/raw/main/uniform_s224_greedy_seed4.json,uniform,224,greedy,False,4,140800,2.750,False,2.41445,18105,483
results/raw/main/uniform_s224_greedy_seed4.json,uniform,224,greedy,False,4,153600,3.000,False,2.43117,18319,486
results/raw/main/uniform_s224_greedy_seed4.json,uniform,224,greedy,False,4,166400,3.250,False,2.42922,18294,486
results/raw/main/uniform_s224_greedy_seed4.json,uniform,224,greedy,False,4,179200,3.500,False,2.39617,17871,479
results/raw/main/uniform_s224_greedy_seed4.json,uniform,224,greedy,False,4,192000,3.750,False,2.40914,18037,482
results/raw/main/uniform_s224_greedy_seed4.json,uniform,224,greedy,False,4,204800,4.000,False,2.41914,18165,484
results/raw/main/uniform_s224_greedy_seed4.json,uniform,224,greedy,False,4,217600,4.250,True,2.415,18112,483
results/raw/main/uniform_s224_greedy_seed4.json,uniform,224,greedy,False,4,230400,4.500,True,2.42195,18201,484
results/raw/main/uniform_s224_greedy_seed4.json,uniform,224,greedy,False,4,243200,4.750,True,2.44969,18556,490
results/raw/main/uniform_s224_greedy_seed4.json,uniform,224,greedy,False,4,256000,5.000,True,2.41859,18158,484
results/raw/main/uniform_s224_greedy_seed4.json,uniform,224,greedy,False,4,268800,5.250,True,2.42555,18247,485
results/raw/main/uniform_s224_greedy_seed4.json,uniform,224,greedy,False,4,281600,5.500,True,2.41961,18171,484
results/raw/main/uniform_s224_greedy_seed4.json,uniform,224,greedy,False,4,294400,5.750,True,2.39625,17872,479
results/raw/main/uniform_s224_greedy_seed4.json,uniform,224,greedy,False,4,307200,6.000,True,2.40914,18037,482
results/raw/main/uniform_s224_greedy_seed4.json,uniform,224,greedy,False,4,320000,6.250,True,2.40953,18042,482
results/raw/main/uniform_s224_greedy_seed4.json,uniform,224,greedy,False,4,332800,6.500,True,2.41969,18172,484
results/raw/main/uniform_s224_greedy_seed4.json,uniform,224,greedy,False,4,345600,6.750,True,2.42062,18184,484
results/raw/main/uniform_s224_greedy_seed4.json,uniform,224,greedy,False,4,358400,7.000,True,2.41984,18174,484
results/raw/main/uniform_s224_greedy_seed4.json,uniform,224,greedy,False,4,371200,7.250,True,2.40625,18000,481
results/raw/main/uniform_s224_greedy_seed4.json,uniform,224,greedy,False,4,384000,7.500,True,2.42484,18238,485
results/raw/main/uniform_s224_greedy_seed4.json,uniform,224,greedy,False,4,396800,7.750,True,2.43008,18305,486
results/raw/main/uniform_s224_greedy_seed4.json,uniform,224,greedy,False,4,409600,8.000,True,2.43523,18371,487
results/raw/main/uniform_s224_greedy_seed4.json,uniform,224,greedy,False,4,422400,8.250,True,2.39852,17901,480
results/raw/main/uniform_s224_greedy_seed4.json,uniform,224,greedy,False,4,435200,8.500,True,2.4107,18057,482
results/raw/main/uniform_s224_greedy_seed4.json,uniform,224,greedy,False,4,448000,8.750,True,2.43555,18375,487
results/raw/main/uniform_s224_greedy_seed4.json,uniform,224,greedy,False,4,460800,9.000,True,2.41836,18155,484
results/raw/main/uniform_s224_greedy_seed4.json,uniform,224,greedy,False,4,473600,9.250,True,2.39492,17855,479
results/raw/main/uniform_s224_greedy_seed4.json,uniform,224,greedy,False,4,486400,9.500,True,2.40633,18001,481
results/raw/main/uniform_s224_greedy_seed4.json,uniform,224,greedy,False,4,499200,9.750,True,2.41398,18099,483
results/raw/main/uniform_s224_greedy_seed4.json,uniform,224,greedy,False,4,512000,10.000,True,2.40039,17925,480
results/raw/main/uniform_s224_greedy_seed4.json,uniform,224,greedy,False,4,524800,10.250,True,2.39953,17914,480
results/raw/main/uniform_s224_greedy_seed4.json,uniform,224,greedy,False,4,537600,10.500,True,2.41664,18133,483
results/raw/main/uniform_s224_greedy_seed4.json,uniform,224,greedy,False,4,550400,10.750,True,2.41844,18156,484
results/raw/main/uniform_s224_greedy_seed4.json,uniform,224,greedy,False,4,563200,11.000,True,2.41641,18130,483
results/raw/main/uniform_s224_greedy_seed4.json,uniform,224,greedy,False,4,576000,11.250,True,2.42336,18219,485
results/raw/main/uniform_s224_greedy_seed4.json,uniform,224,greedy,False,4,588800,11.500,True,2.40687,18008,481
results/raw/main/uniform_s224_greedy_seed4.json,uniform,224,greedy,False,4,601600,11.750,True,2.43469,18364,487
results/raw/main/uniform_s224_greedy_seed4.json,uniform,224,greedy,False,4,614400,12.000,True,2.40344,17964,481
results/raw/main/uniform_s224_greedy_seed5.json,uniform,224,greedy,False,5,12800,0.250,False,1.0,0,0
results/raw/main/uniform_s224_greedy_seed5.json,uniform,224,greedy,False,5,25600,0.500,False,2.52945,19577,483
results/raw/main/uniform_s224_greedy_seed5.json,uniform,224,greedy,False,5,38400,0.750,False,2.41453,18106,483
results/raw/main/uniform_s224_greedy_seed5.json,uniform,224,greedy,False,5,51200,1.000,False,2.42039,18181,484
results/raw/main/uniform_s224_greedy_seed5.json,uniform,224,greedy,False,5,64000,1.250,False,2.41562,18120,483
results/raw/main/uniform_s224_greedy_seed5.json,uniform,224,greedy,False,5,76800,1.500,False,2.42391,18226,485
results/raw/main/uniform_s224_greedy_seed5.json,uniform,224,greedy,False,5,89600,1.750,False,2.41969,18172,484
results/raw/main/uniform_s224_greedy_seed5.json,uniform,224,greedy,False,5,102400,2.000,False,2.42484,18238,485
results/raw/main/uniform_s224_greedy_seed5.json,uniform,224,greedy,False,5,115200,2.250,False,2.41562,18120,483
results/raw/main/uniform_s224_greedy_seed5.json,uniform,224,greedy,False,5,128000,2.500,False,2.41961,18171,484
results/raw/main/uniform_s224_greedy_seed5.json,uniform,224,greedy,False,5,140800,2.750,False,2.41578,18122,483
results/raw/main/uniform_s224_greedy_seed5.json,uniform,224,greedy,False,5,153600,3.000,False,2.41961,18171,484
results/raw/main/uniform_s224_greedy_seed5.json,uniform,224,greedy,False,5,166400,3.250,False,2.41438,18104,483
results/raw/main/uniform_s224_greedy_seed5.json,uniform,224,greedy,False,5,179200,3.500,False,2.40523,17987,481
results/raw/main/uniform_s224_greedy_seed5.json,uniform,224,greedy,False,5,192000,3.750,False,2.40445,17977,481
results/raw/main/uniform_s224_greedy_seed5.json,uniform,224,greedy,False,5,204800,4.000,False,2.40125,17936,480
results/raw/main/uniform_s224_greedy_seed5.json,uniform,224,greedy,False,5,217600,4.250,True,2.40391,17970,481
results/raw/main/uniform_s224_greedy_seed5.json,uniform,224,greedy,False,5,230400,4.500,True,2.42523,18243,485
results/raw/main/uniform_s224_greedy_seed5.json,uniform,224,greedy,False,5,243200,4.750,True,2.43141,18322,486
results/raw/main/uniform_s224_greedy_seed5.json,uniform,224,greedy,False,5,256000,5.000,True,2.42391,18226,485
results/raw/main/uniform_s224_greedy_seed5.json,uniform,224,greedy,False,5,268800,5.250,True,2.40445,17977,481
results/raw/main/uniform_s224_greedy_seed5.json,uniform,224,greedy,False,5,281600,5.500,True,2.39148,17811,478
results/raw/main/uniform_s224_greedy_seed5.json,uniform,224,greedy,False,5,294400,5.750,True,2.41875,18160,484
results/raw/main/uniform_s224_greedy_seed5.json,uniform,224,greedy,False,5,307200,6.000,True,2.39039,17797,478
results/raw/main/uniform_s224_greedy_seed5.json,uniform,224,greedy,False,5,320000,6.250,True,2.39531,17860,479
results/raw/main/uniform_s224_greedy_seed5.json,uniform,224,greedy,False,5,332800,6.500,True,2.40477,17981,481
results/raw/main/uniform_s224_greedy_seed5.json,uniform,224,greedy,False,5,345600,6.750,True,2.42961,18299,486
results/raw/main/uniform_s224_greedy_seed5.json,uniform,224,greedy,False,5,358400,7.000,True,2.4157,18121,483
results/raw/main/uniform_s224_greedy_seed5.json,uniform,224,greedy,False,5,371200,7.250,True,2.40563,17992,481
results/raw/main/uniform_s224_greedy_seed5.json,uniform,224,greedy,False,5,384000,7.500,True,2.40859,18030,482
results/raw/main/uniform_s224_greedy_seed5.json,uniform,224,greedy,False,5,396800,7.750,True,2.44547,18502,489
results/raw/main/uniform_s224_greedy_seed5.json,uniform,224,greedy,False,5,409600,8.000,True,2.42602,18253,485
results/raw/main/uniform_s224_greedy_seed5.json,uniform,224,greedy,False,5,422400,8.250,True,2.42508,18241,485
results/raw/main/uniform_s224_greedy_seed5.json,uniform,224,greedy,False,5,435200,8.500,True,2.41477,18109,483
results/raw/main/uniform_s224_greedy_seed5.json,uniform,224,greedy,False,5,448000,8.750,True,2.41328,18090,483
results/raw/main/uniform_s224_greedy_seed5.json,uniform,224,greedy,False,5,460800,9.000,True,2.42625,18256,485
results/raw/main/uniform_s224_greedy_seed5.json,uniform,224,greedy,False,5,473600,9.250,True,2.42414,18229,485
results/raw/main/uniform_s224_greedy_seed5.json,uniform,224,greedy,False,5,486400,9.500,True,2.40531,17988,481
results/raw/main/uniform_s224_greedy_seed5.json,uniform,224,greedy,False,5,499200,9.750,True,2.41063,18056,482
results/raw/main/uniform_s224_greedy_seed5.json,uniform,224,greedy,False,5,512000,10.000,True,2.42008,18177,484
results/raw/main/uniform_s224_greedy_seed5.json,uniform,224,greedy,False,5,524800,10.250,True,2.41508,18113,483
results/raw/main/uniform_s224_greedy_seed5.json,uniform,224,greedy,False,5,537600,10.500,True,2.42992,18303,486
results/raw/main/uniform_s224_greedy_seed5.json,uniform,224,greedy,False,5,550400,10.750,True,2.39859,17902,480
results/raw/main/uniform_s224_greedy_seed5.json,uniform,224,greedy,False,5,563200,11.000,True,2.41555,18119,483
results/raw/main/uniform_s224_greedy_seed5.json,uniform,224,greedy,False,5,576000,11.250,True,2.41008,18049,482
results/raw/main/uniform_s224_greedy_seed5.json,uniform,224,greedy,False,5,588800,11.500,True,2.41617,18127,483
results/raw/main/uniform_s224_greedy_seed5.json,uniform,224,greedy,False,5,601600,11.750,True,2.42984,18302,486
results/raw/main/uniform_s224_greedy_seed5.json,uniform,224,greedy,False,5,614400,12.000,True,2.41984,18174,484
results/raw/main/uniform_s72_fifo_seed1.json,uniform,72,fifo,False,1,15232,0.250,False,2.021,77759,1382
results/raw/main/uniform_s72_fifo_seed1.json,uniform,72,fifo,False,1,30464,0.500,False,7.41964,97784,1766
results/raw/main/uniform_s72_fifo_seed1.json,uniform,72,fifo,False,1,45696,0.750,False,7.41629,97733,1765
results/raw/main/uniform_s72_fifo_seed1.json,uniform,72,fifo,False,1,60928,1.000,False,7.40343,97537,1762
results/raw/main/uniform_s72_fifo_seed1.json,uniform,72,fifo,False,1,76160,1.250,False,7.44026,98098,1771
results/raw/main/uniform_s72_fifo_seed1.json,uniform,72,fifo,False,1,91392,1.500,False,7.43789,98062,1770
results/raw/main/uniform_s72_fifo_seed1.json,uniform,72,fifo,False,1,106624,1.750,False,7.39896,97469,1761
results/raw/main/uniform_s72_fifo_seed1.json,uniform,72,fifo,False,1,121856,2.000,False,7.48332,98754,1781
results/raw/main/uniform_s72_fifo_seed1.json,uniform,72,fifo,False,1,137088,2.250,False,7.45805,98369,1775
results/raw/main/uniform_s72_fifo_seed1.json,uniform,72,fifo,False,1,152320,2.500,False,7.43704,98049,1770
results/raw/main/uniform_s72_fifo_seed1.json,uniform,72,fifo,False,1,167552,2.750,False,7.48339,98755,1781
results/raw/main/uniform_s72_fifo_seed1.json,uniform,72,fifo,False,1,182784,3.000,False,7.42004,97790,1766
results/raw/main/uniform_s72_fifo_seed1.json,uniform,72,fifo,False,1,198016,3.250,False,7.45358,98301,1774
results/raw/main/uniform_s72_fifo_seed1.json,uniform,72,fifo,False,1,213248,3.500,False,7.42844,97918,1768
results/raw/main/uniform_s72_fifo_seed1.json,uniform,72,fifo,False,1,228480,3.750,False,7.40349,97538,1762
results/raw/main/uniform_s72_fifo_seed1.json,uniform,72,fifo,False,1,243712,4.000,False,7.41984,97787,1766
results/raw/main/uniform_s72_fifo_seed1.json,uniform,72,fifo,False,1,258944,4.250,True,7.40796,97606,1763
results/raw/main/uniform_s72_fifo_seed1.json,uniform,72,fifo,False,1,274176,4.500,True,7.4243,97855,1767
results/raw/main/uniform_s72_fifo_seed1.json,uniform,72,fifo,False,1,289408,4.750,True,7.42043,97796,1766
results/raw/main/uniform_s72_fifo_seed1.json,uniform,72,fifo,False,1,304640,5.000,True,7.4073,97596,1763
results/raw/main/uniform_s72_fifo_seed1.json,uniform,72,fifo,False,1,319872,5.250,True,7.41577,97725,1765
results/raw/main/uniform_s72_fifo_seed1.json,uniform,72,fifo,False,1,335104,5.500,True,7.43691,98047,1770
results/raw/main/uniform_s72_fifo_seed1.json,uniform,72,fifo,False,1,350336,5.750,True,7.4119,97666,1764
results/raw/main/uniform_s72_fifo_seed1.json,uniform,72,fifo,False,1,365568,6.000,True,7.38229,97215,1757
results/raw/main/uniform_s72_fifo_seed1.json,uniform,72,fifo,False,1,380800,6.250,True,7.43264,97982,1769
results/raw/main/uniform_s72_fifo_seed1.json,uniform,72,fifo,False,1,396032,6.500,True,7.41203,97668,1764
results/raw/main/uniform_s72_fifo_seed1.json,uniform,72,fifo,False,1,411264,6.750,True,7.47906,98689,1780
results/raw/main/uniform_s72_fifo_seed1.json,uniform,72,fifo,False,1,426496,7.000,True,7.39069,97343,1759
results/raw/main/uniform_s72_fifo_seed1.json,uniform,72,fifo,False,1,441728,7.250,True,7.45411,98309,1774
results/raw/main/uniform_s72_fifo_seed1.json,uniform,72,fifo,False,1,456960,7.500,True,7.44485,98168,1772
results/raw/main/uniform_s72_fifo_seed1.json,uniform,72,fifo,False,1,472192,7.750,True,7.41209,97669,1764
results/raw/main/uniform_s72_fifo_seed1.json,uniform,72,fifo,False,1,487424,8.000,True,7.43724,98052,1770
results/raw/main/uniform_s72_fifo_seed1.json,uniform,72,fifo,False,1,502656,8.250,True,7.46218,98432,1776
results/raw/main/uniform_s72_fifo_seed1.json,uniform,72,fifo,False,1,517888,8.500,True,7.38222,97214,1757
results/raw/main/uniform_s72_fifo_seed1.json,uniform,72,fifo,False,1,533120,8.750,True,7.39916,97472,1761
results/raw/main/uniform_s72_fifo_seed1.json,uniform,72,fifo,False,1,548352,9.000,True,7.43704,98049,1770
results/raw/main/uniform_s72_fifo_seed1.json,uniform,72,fifo,False,1,563584,9.250,True,7.43691,98047,1770
results/raw/main/uniform_s72_fifo_seed1.json,uniform,72,fifo,False,1,578816,9.500,True,7.42818,97914,1768
results/raw/main/uniform_s72_fifo_seed1.json,uniform,72,fifo,False,1,594048,9.750,True,7.41603,97729,1765
results/raw/main/uniform_s72_fifo_seed1.json,uniform,72,fifo,False,1,609280,10.000,True,7.47518,98630,1779
results/raw/main/uniform_s72_fifo_seed1.json,uniform,72,fifo,False,1,624512,10.250,True,7.40763,97601,1763
results/raw/main/uniform_s72_fifo_seed1.json,uniform,72,fifo,False,1,639744,10.500,True,7.40277,97527,1762
results/raw/main/uniform_s72_fifo_seed1.json,uniform,72,fifo,False,1,654976,10.750,True,7.42883,97924,1768
results/raw/main/uniform_s72_fifo_seed1.json,uniform,72,fifo,False,1,670208,11.000,True,7.45391,98306,1774
results/raw/main/uniform_s72_fifo_seed1.json,uniform,72,fifo,False,1,685440,11.250,True,7.41577,97725,1765
results/raw/main/uniform_s72_fifo_seed1.json,uniform,72,fifo,False,1,700672,11.500,True,7.38675,97283,1758
results/raw/main/uniform_s72_fifo_seed1.json,uniform,72,fifo,False,1,715904,11.750,True,7.36141,96897,1752
results/raw/main/uniform_s72_fifo_seed1.json,uniform,72,fifo,False,1,731136,12.000,True,7.39069,97343,1759
results/raw/main/uniform_s72_fifo_seed2.json,uniform,72,fifo,False,2,15232,0.250,False,2.03862,79101,1403
results/raw/main/uniform_s72_fifo_seed2.json,uniform,72,fifo,False,2,30464,0.500,False,7.42023,97793,1766
results/raw/main/uniform_s72_fifo_seed2.json,uniform,72,fifo,False,2,45696,0.750,False,7.41157,97661,1764
results/raw/main/uniform_s72_fifo_seed2.json,uniform,72,fifo,False,2,60928,1.000,False,7.4247,97861,1767
results/raw/main/uniform_s72_fifo_seed2.json,uniform,72,fifo,False,2,76160,1.250,False,7.42391,97849,1767
results/raw/main/uniform_s72_fifo_seed2.json,uniform,72,fifo,False,2,91392,1.500,False,7.38688,97285,1758
results/raw/main/uniform_s72_fifo_seed2.json,uniform,72,fifo,False,2,106624,1.750,False,7.4161,97730,1765
results/raw/main/uniform_s72_fifo_seed2.json,uniform,72,fifo,False,2,121856,2.000,False,7.39502,97409,1760
results/raw/main/uniform_s72_fifo_seed2.json,uniform,72,fifo,False,2,137088,2.250,False,7.49567,98942,1784
results/raw/main/uniform_s72_fifo_seed2.json,uniform,72,fifo,False,2,152320,2.500,False,7.46619,98493,1777
results/raw/main/uniform_s72_fifo_seed2.json,uniform,72,fifo,False,2,167552,2.750,False,7.43717,98051,1770
results/raw/main/uniform_s72_fifo_seed2.json,uniform,72,fifo,False,2,182784,3.000,False,7.39502,97409,1760
results/raw/main/uniform_s72_fifo_seed2.json,uniform,72,fifo,False,2,198016,3.250,False,7.49147,98878,1783
results/raw/main/uniform_s72_fifo_seed2.json,uniform,72,fifo,False,2,213248,3.500,False,7.38202,97211,1757
results/raw/main/uniform_s72_fifo_seed2.json,uniform,72,fifo,False,2,228480,3.750,False,7.40769,97602,1763
results/raw/main/uniform_s72_fifo_seed2.json,uniform,72,fifo,False,2,243712,4.000,False,7.48726,98814,1782
results/raw/main/uniform_s72_fifo_seed2.json,uniform,72,fifo,False,2,258944,4.250,True,7.44525,98174,1772
results/raw/main/uniform_s72_fifo_seed2.json,uniform,72,fifo,False,2,274176,4.500,True,7.39115,97350,1759
results/raw/main/uniform_s72_fifo_seed2.json,uniform,72,fifo,False,2,289408,4.750,True,7.54208,99649,1795
results/raw/main/uniform_s72_fifo_seed2.json,uniform,72,fifo,False,2,304640,5.000,True,7.40723,97595,1763
results/raw/main/uniform_s72_fifo_seed2.json,uniform,72,fifo,False,2,319872,5.250,True,7.48759,98819,1782
results/raw/main/uniform_s72_fifo_seed2.json,uniform,72,fifo,False,2,335104,5.500,True,7.43238,97978,1769
results/raw/main/uniform_s72_fifo_seed2.json,uniform,72,fifo,False,2,350336,5.750,True,7.47952,98696,1780
results/raw/main/uniform_s72_fifo_seed2.json,uniform,72,fifo,False,2,365568,6.000,True,7.47019,98554,1778
results/raw/main/uniform_s72_fifo_seed2.json,uniform,72,fifo,False,2,380800,6.250,True,7.44564,98180,1772
results/raw/main/uniform_s72_fifo_seed2.json,uniform,72,fifo,False,2,396032,6.500,True,7.37388,97087,1755
results/raw/main/uniform_s72_fifo_seed2.json,uniform,72,fifo,False,2,411264,6.750,True,7.46245,98436,1776
results/raw/main/uniform_s72_fifo_seed2.json,uniform,72,fifo,False,2,426496,7.000,True,7.43271,97983,1769
results/raw/main/uniform_s72_fifo_seed2.json,uniform,72,fifo,False,2,441728,7.250,True,7.47893,98687,1780
results/raw/main/uniform_s72_fifo_seed2.json,uniform,72,fifo,False,2,456960,7.500,True,7.35288,96767,1750
results/raw/main/uniform_s72_fifo_seed2.json,uniform,72,fifo,False,2,472192,7.750,True,7.46658,98499,1777
results/raw/main/uniform_s72_fifo_seed2.json,uniform,72,fifo,False,2,487424,8.000,True,7.48287,98747,1781
results/raw/main/uniform_s72_fifo_seed2.json,uniform,72,fifo,False,2,502656,8.250,True,7.44971,98242,1773
results/raw/main/uniform_s72_fifo_seed2.json,uniform,72,fifo,False,2,517888,8.500,True,7.43697,98048,1770
results/raw/main/uniform_s72_fifo_seed2.json,uniform,72,fifo,False,2,533120,8.750,True,7.5044,99075,1786
results/raw/main/uniform_s72_fifo_seed2.json,uniform,72,fifo,False,2,548352,9.000,True,7.44951,98239,1773
results/raw/main/uniform_s72_fifo_seed2.json,uniform,72,fifo,False,2,563584,9.250,True,7.43691,98047,1770
results/raw/main/uniform_s72_fifo_seed2.json,uniform,72,fifo,False,2,578816,9.500,True,7.43297,97987,1769
results/raw/main/uniform_s72_fifo_seed2.json,uniform,72,fifo,False,2,594048,9.750,True,7.4075,97599,1763
results/raw/main/uniform_s72_fifo_seed2.json,uniform,72,fifo,False,2,609280,10.000,True,7.44091,98108,1771
results/raw/main/uniform_s72_fifo_seed2.json,uniform,72,fifo,False,2,624512,10.250,True,7.35741,96836,1751
results/raw/main/uniform_s72_fifo_seed2.json,uniform,72,fifo,False,2,639744,10.500,True,7.47072,98562,1778
results/raw/main/uniform_s72_fifo_seed2.json,uniform,72,fifo,False,2,654976,10.750,True,7.46599,98490,1777
results/raw/main/uniform_s72_fifo_seed2.json,uniform,72,fifo,False,2,670208,11.000,True,7.46632,98495,1777
results/raw/main/uniform_s72_fifo_seed2.json,uniform,72,fifo,False,2,685440,11.250,True,7.37395,97088,1755
results/raw/main/uniform_s72_fifo_seed2.json,uniform,72,fifo,False,2,700672,11.500,True,7.41183,97665,1764
results/raw/main/uniform_s72_fifo_seed2.json,uniform,72,fifo,False,2,715904,11.750,True,7.46251,98437,1776
results/raw/main/uniform_s72_fifo_seed2.json,uniform,72,fifo,False,2,731136,12.000,True,7.42023,97793,1766
results/raw/main/uniform_s72_fifo_seed3.json,uniform,72,fifo,False,3,15232,0.250,False,2.02683,78203,1389
results/raw/main/uniform_s72_fifo_seed3.json,uniform,72,fifo,False,3,30464,0.500,False,7.38202,97211,1757
results/raw/main/uniform_s72_fifo_seed3.json,uniform,72,fifo,False,3,45696,0.750,False,7.39568,97419,1760
results/raw/main/uniform_s72_fifo_seed3.json,uniform,72,fifo,False,3,60928,1.000,False,7.38189,97209,1757
results/raw/main/uniform_s72_fifo_seed3.json,uniform,72,fifo,False,3,76160,1.250,False,7.4247,97861,1767
results/raw/main/uniform_s72_fifo_seed3.json,uniform,72,fifo,False,3,91392,1.500,False,7.4914,98877,1783
results/raw/main/uniform_s72_fifo_seed3.json,uniform,72,fifo,False,3,106624,1.750,False,7.4243,97855,1767
results/raw/main/uniform_s72_fifo_seed3.json,uniform,72,fifo,False,3,121856,2.000,False,7.41597,97728,1765
results/raw/main/uniform_s72_fifo_seed3.json,uniform,72,fifo,False,3,137088,2.250,False,7.38682,97284,1758
results/raw/main/uniform_s72_fifo_seed3.json,uniform,72,fifo,False,3,152320,2.500,False,7.44131,98114,1771
results/raw/main/uniform_s72_fifo_seed3.json,uniform,72,fifo,False,3,167552,2.750,False,7.41144,97659,1764
results/raw/main/uniform_s72_fifo_seed3.json,uniform,72,fifo,False,3,182784,3.000,False,7.42043,97796,1766
results/raw/main/uniform_s72_fifo_seed3.json,uniform,72,fifo,False,3,198016,3.250,False,7.43258,97981,1769
results/raw/main/uniform_s72_fifo_seed3.json,uniform,72,fifo,False,3,213248,3.500,False,7.40763,97601,1763
results/raw/main/uniform_s72_fifo_seed3.json,uniform,72,fifo,False,3,228480,3.750,False,7.42017,97792,1766
results/raw/main/uniform_s72_fifo_seed3.json,uniform,72,fifo,False,3,243712,4.000,False,7.42864,97921,1768
results/raw/main/uniform_s72_fifo_seed3.json,uniform,72,fifo,False,3,258944,4.250,True,7.43671,98044,1770
results/raw/main/uniform_s72_fifo_seed3.json,uniform,72,fifo,False,3,274176,4.500,True,7.41209,97669,1764
results/raw/main/uniform_s72_fifo_seed3.json,uniform,72,fifo,False,3,289408,4.750,True,7.483,98749,1781
results/raw/main/uniform_s72_fifo_seed3.json,uniform,72,fifo,False,3,304640,5.000,True,7.38682,97284,1758
results/raw/main/uniform_s72_fifo_seed3.json,uniform,72,fifo,False,3,319872,5.250,True,7.44085,98107,1771
results/raw/main/uniform_s72_fifo_seed3.json,uniform,72,fifo,False,3,335104,5.500,True,7.37795,97149,1756
results/raw/main/uniform_s72_fifo_seed3.json,uniform,72,fifo,False,3,350336,5.750,True,7.43317,97990,1769
results/raw/main/uniform_s72_fifo_seed3.json,uniform,72,fifo,False,3,365568,6.000,True,7.39923,97473,1761
results/raw/main/uniform_s72_fifo_seed3.json,uniform,72,fifo,False,3,380800,6.250,True,7.41564,97723,1765
results/raw/main/uniform_s72_fifo_seed3.json,uniform,72,fifo,False,3,396032,6.500,True,7.45404,98308,1774
results/raw/main/uniform_s72_fifo_seed3.json,uniform,72,fifo,False,3,411264,6.750,True,7.40323,97534,1762
results/raw/main/uniform_s72_fifo_seed3.json,uniform,72,fifo,False,3,426496,7.000,True,7.3278,96385,1744
results/raw/main/uniform_s72_fifo_seed3.json,uniform,72,fifo,False,3,441728,7.250,True,7.44938,98237,1773
results/raw/main/uniform_s72_fifo_seed3.json,uniform,72,fifo,False,3,456960,7.500,True,7.44118,98112,1771
results/raw/main/uniform_s72_fifo_seed3.json,uniform,72,fifo,False,3,472192,7.750,True,7.44997,98246,1773
results/raw/main/uniform_s72_fifo_seed3.json,uniform,72,fifo,False,3,487424,8.000,True,7.3943,97398,1760
results/raw/main/uniform_s72_fifo_seed3.json,uniform,72,fifo,False,3,502656,8.250,True,7.43711,98050,1770
results/raw/main/uniform_s72_fifo_seed3.json,uniform,72,fifo,False,3,517888,8.500,True,7.43317,97990,1769
results/raw/main/uniform_s72_fifo_seed3.json,uniform,72,fifo,False,3,533120,8.750,True,7.41144,97659,1764
results/raw/main/uniform_s72_fifo_seed3.json,uniform,72,fifo,False,3,548352,9.000,True,7.39089,97346,1759
results/raw/main/uniform_s72_fifo_seed3.json,uniform,72,fifo,False,3,563584,9.250,True,7.45358,98301,1774
results/raw/main/uniform_s72_fifo_seed3.json,uniform,72,fifo,False,3,578816,9.500,True,7.37841,97156,1756
results/raw/main/uniform_s72_fifo_seed3.json,uniform,72,fifo,False,3,594048,9.750,True,7.43304,97988,1769
results/raw/main/uniform_s72_fifo_seed3.json,uniform,72,fifo,False,3,609280,10.000,True,7.42424,97854,1767
results/raw/main/uniform_s72_fifo_seed3.json,uniform,72,fifo,False,3,624512,10.250,True,7.42023,97793,1766
results/raw/main/uniform_s72_fifo_seed3.json,uniform,72,fifo,False,3,639744,10.500,True,7.44472,98166,1772
results/raw/main/uniform_s72_fifo_seed3.json,uniform,72,fifo,False,3,654976,10.750,True,7.42903,97927,1768
results/raw/main/uniform_s72_fifo_seed3.json,uniform,72,fifo,False,3,670208,11.000,True,7.42883,97924,1768
results/raw/main/uniform_s72_fifo_seed3.json,uniform,72,fifo,False,3,685440,11.250,True,7.47834,98678,1780
results/raw/main/uniform_s72_fifo_seed3.json,uniform,72,fifo,False,3,700672,11.500,True,7.40395,97545,1762
results/raw/main/uniform_s72_fifo_seed3.json,uniform,72,fifo,False,3,715904,11.750,True,7.45345,98299,1774
results/raw/main/uniform_s72_fifo_seed3.json,uniform,72,fifo,False,3,731136,12.000,True,7.4201,97791,1766
results/raw/main/uniform_s72_fifo_seed4.json,uniform,72,fifo,False,4,15232,0.250,False,2.02354,77953,1385
results/raw/main/uniform_s72_fifo_seed4.json,uniform,72,fifo,False,4,30464,0.500,False,7.44938,98237,1773
results/raw/main/uniform_s72_fifo_seed4.json,uniform,72,fifo,False,4,45696,0.750,False,7.42437,97856,1767
results/raw/main/uniform_s72_fifo_seed4.json,uniform,72,fifo,False,4,60928,1.000,False,7.4287,97922,1768
results/raw/main/uniform_s72_fifo_seed4.json,uniform,72,fifo,False,4,76160,1.250,False,7.41951,97782,1766
results/raw/main/uniform_s72_fifo_seed4.json,uniform,72,fifo,False,4,91392,1.500,False,7.37868,97160,1756
results/raw/main/uniform_s72_fifo_seed4.json,uniform,72,fifo,False,4,106624,1.750,False,7.49147,98878,1783
results/raw/main/uniform_s72_fifo_seed4.json,uniform,72,fifo,False,4,121856,2.000,False,7.46652,98498,1777
results/raw/main/uniform_s72_fifo_seed4.json,uniform,72,fifo,False,4,137088,2.250,False,7.38209,97212,1757
results/raw/main/uniform_s72_fifo_seed4.json,uniform,72,fifo,False,4,152320,2.500,False,7.47919,98691,1780
results/raw/main/uniform_s72_fifo_seed4.json,uniform,72,fifo,False,4,167552,2.750,False,7.43277,97984,1769
results/raw/main/uniform_s72_fifo_seed4.json,uniform,72,fifo,False,4,182784,3.000,False,7.48326,98753,1781
results/raw/main/uniform_s72_fifo_seed4.json,uniform,72,fifo,False,4,198016,3.250,False,7.39443,97400,1760
results/raw/main/uniform_s72_fifo_seed4.json,uniform,72,fifo,False,4,213248,3.500,False,7.36968,97023,1754
results/raw/main/uniform_s72_fifo_seed4.json,uniform,72,fifo,False,4,228480,3.750,False,7.45857,98377,1775
results/raw/main/uniform_s72_fifo_seed4.json,uniform,72,fifo,False,4,243712,4.000,False,7.4071,97593,1763
results/raw/main/uniform_s72_fifo_seed4.json,uniform,72,fifo,False,4,258944,4.250,True,7.42496,97865,1767
results/raw/main/uniform_s72_fifo_seed4.json,uniform,72,fifo,False,4,274176,4.500,True,7.45739,98359,1775
results/raw/main/uniform_s72_fifo_seed4.json,uniform,72,fifo,False,4,289408,4.750,True,7.43704,98049,1770
results/raw/main/uniform_s72_fifo_seed4.json,uniform,72,fifo,False,4,304640,5.000,True,7.43743,98055,1770
results/raw/main/uniform_s72_fifo_seed4.json,uniform,72,fifo,False,4,319872,5.250,True,7.42818,97914,1768
results/raw/main/uniform_s72_fifo_seed4.json,uniform,72,fifo,False,4,335104,5.500,True,7.42903,97927,1768
results/raw/main/uniform_s72_fifo_seed4.json,uniform,72,fifo,False,4,350336,5.750,True,7.47879,98685,1780
results/raw/main/uniform_s72_fifo_seed4.json,uniform,72,fifo,False,4,365568,6.000,True,7.36548,96959,1753
results/raw/main/uniform_s72_fifo_seed4.json,uniform,72,fifo,False,4,380800,6.250,True,7.44505,98171,1772
results/raw/main/uniform_s72_fifo_seed4.json,uniform,72,fifo,False,4,396032,6.500,True,7.42496,97865,1767
results/raw/main/uniform_s72_fifo_seed4.json,uniform,72,fifo,False,4,411264,6.750,True,7.42857,97920,1768
results/raw/main/uniform_s72_fifo_seed4.json,uniform,72,fifo,False,4,426496,7.000,True,7.41603,97729,1765
results/raw/main/uniform_s72_fifo_seed4.json,uniform,72,fifo,False,4,441728,7.250,True,7.49974,99004,1785
results/raw/main/uniform_s72_fifo_seed4.json,uniform,72,fifo,False,4,456960,7.500,True,7.41616,97731,1765
results/raw/main/uniform_s72_fifo_seed4.json,uniform,72,fifo,False,4,472192,7.750,True,7.37815,97152,1756
results/raw/main/uniform_s72_fifo_seed4.json,uniform,72,fifo,False,4,487424,8.000,True,7.46619,98493,1777
results/raw/main/uniform_s72_fifo_seed4.json,uniform,72,fifo,False,4,502656,8.250,True,7.47886,98686,1780
results/raw/main/uniform_s72_fifo_seed4.json,uniform,72,fifo,False,4,517888,8.500,True,7.42877,97923,1768
results/raw/main/uniform_s72_fifo_seed4.json,uniform,72,fifo,False,4,533120,8.750,True,7.44111,98111,1771
results/raw/main/uniform_s72_fifo_seed4.json,uniform,72,fifo,False,4,548352,9.000,True,7.34454,96640,1748
results/raw/main/uniform_s72_fifo_seed4.json,uniform,72,fifo,False,4,563584,9.250,True,7.41997,97789,1766
results/raw/main/uniform_s72_fifo_seed4.json,uniform,72,fifo,False,4,578816,9.500,True,7.42903,97927,1768
results/raw/main/uniform_s72_fifo_seed4.json,uniform,72,fifo,False,4,594048,9.750,True,7.42017,97792,1766
results/raw/main/uniform_s72_fifo_seed4.json,uniform,72,fifo,False,4,609280,10.000,True,7.40704,97592,1763
results/raw/main/uniform_s72_fifo_seed4.json,uniform,72,fifo,False,4,624512,10.250,True,7.52134,99333,1790
results/raw/main/uniform_s72_fifo_seed4.json,uniform,72,fifo,False,4,639744,10.500,True,7.39509,97410,1760
results/raw/main/uniform_s72_fifo_seed4.json,uniform,72,fifo,False,4,654976,10.750,True,7.4826,98743,1781
results/raw/main/uniform_s72_fifo_seed4.json,uniform,72,fifo,False,4,670208,11.000,True,7.44571,98181,1772
results/raw/main/uniform_s72_fifo_seed4.json,uniform,72,fifo,False,4,685440,11.250,True,7.42883,97924,1768
results/raw/main/uniform_s72_fifo_seed4.json,uniform,72,fifo,False,4,700672,11.500,True,7.45365,98302,1774
results/raw/main/uniform_s72_fifo_seed4.json,uniform,72,fifo,False,4,715904,11.750,True,7.4159,97727,1765
results/raw/main/uniform_s72_fifo_seed4.json,uniform,72,fifo,False,4,731136,12.000,True,7.42017,97792,1766
results/raw/main/uniform_s72_fifo_seed5.json,uniform,72,fifo,False,5,15232,0.250,False,2.04621,79679,1412
results/raw/main/uniform_s72_fifo_seed5.json,uniform,72,fifo,False,5,30464,0.500,False,7.44118,98112,1771
results/raw/main/uniform_s72_fifo_seed5.json,uniform,72,fifo,False,5,45696,0.750,False,7.44078,98106,1771
results/raw/main/uniform_s72_fifo_seed5.json,uniform,72,fifo,False,5,60928,1.000,False,7.40776,97603,1763
results/raw/main/uniform_s72_fifo_seed5.json,uniform,72,fifo,False,5,76160,1.250,False,7.40336,97536,1762
results/raw/main/uniform_s72_fifo_seed5.json,uniform,72,fifo,False,5,91392,1.500,False,7.44551,98178,1772
results/raw/main/uniform_s72_fifo_seed5.json,uniform,72,fifo,False,5,106624,1.750,False,7.38669,97282,1758
results/raw/main/uniform_s72_fifo_seed5.json,uniform,72,fifo,False,5,121856,2.000,False,7.49166,98881,1783
results/raw/main/uniform_s72_fifo_seed5.json,uniform,72,fifo,False,5,137088,2.250,False,7.4201,97791,1766
results/raw/main/uniform_s72_fifo_seed5.json,uniform,72,fifo,False,5,152320,2.500,False,7.35714,96832,1751
results/raw/main/uniform_s72_fifo_seed5.json,uniform,72,fifo,False,5,167552,2.750,False,7.43691,98047,1770
results/raw/main/uniform_s72_fifo_seed5.json,uniform,72,fifo,False,5,182784,3.000,False,7.46159,98423,1776
results/raw/main/uniform_s72_fifo_seed5.json,uniform,72,fifo,False,5,198016,3.250,False,7.45378,98304,1774
results/raw/main/uniform_s72_fifo_seed5.json,uniform,72,fifo,False,5,213248,3.500,False,7.39561,97418,1760
results/raw/main/uniform_s72_fifo_seed5.json,uniform,72,fifo,False,5,228480,3.750,False,7.44538,98176,1772
results/raw/main/uniform_s72_fifo_seed5.json,uniform,72,fifo,False,5,243712,4.000,False,7.37382,97086,1755
results/raw/main/uniform_s72_fifo_seed5.json,uniform,72,fifo,False,5,258944,4.250,True,7.43684,98046,1770
results/raw/main/uniform_s72_fifo_seed5.json,uniform,72,fifo,False,5,274176,4.500,True,7.42864,97921,1768
results/raw/main/uniform_s72_fifo_seed5.json,uniform,72,fifo,False,5,289408,4.750,True,7.40769,97602,1763
results/raw/main/uniform_s72_fifo_seed5.json,uniform,72,fifo,False,5,304640,5.000,True,7.39923,97473,1761
results/raw/main/uniform_s72_fifo_seed5.json,uniform,72,fifo,False,5,319872,5.250,True,7.39076,97344,1759
results/raw/main/uniform_s72_fifo_seed5.json,uniform,72,fifo,False,5,335104,5.500,True,7.38242,97217,1757
results/raw/main/uniform_s72_fifo_seed5.json,uniform,72,fifo,False,5,350336,5.750,True,7.41176,97664,1764
results/raw/main/uniform_s72_fifo_seed5.json,uniform,72,fifo,False,5,365568,6.000,True,7.39476,97405,1760
results/raw/main/uniform_s72_fifo_seed5.json,uniform,72,fifo,False,5,380800,6.250,True,7.41584,97726,1765
results/raw/main/uniform_s72_fifo_seed5.json,uniform,72,fifo,False,5,396032,6.500,True,7.46218,98432,1776
results/raw/main/uniform_s72_fifo_seed5.json,uniform,72,fifo,False,5,411264,6.750,True,7.48339,98755,1781
results/raw/main/uniform_s72_fifo_seed5.json,uniform,72,fifo,False,5,426496,7.000,True,7.43238,97978,1769
results/raw/main/uniform_s72_fifo_seed5.json,uniform,72,fifo,False,5,441728,7.250,True,7.42069,97800,1766
results/raw/main/uniform_s72_fifo_seed5.json,uniform,72,fifo,False,5,456960,7.500,True,7.41144,97659,1764
results/raw/main/uniform_s72_fifo_seed5.json,uniform,72,fifo,False,5,472192,7.750,True,7.52101,99328,1790
results/raw/main/uniform_s72_fifo_seed5.json,uniform,72,fifo,False,5,487424,8.000,True,7.47059,98560,1778
results/raw/main/uniform_s72_fifo_seed5.json,uniform,72,fifo,False,5,502656,8.250,True,7.42404,97851,1767
results/raw/main/uniform_s72_fifo_seed5.json,uniform,72,fifo,False,5,517888,8.500,True,7.48346,98756,1781
results/raw/main/uniform_s72_fifo_seed5.json,uniform,72,fifo,False,5,533120,8.750,True,7.40349,97538,1762
results/raw/main/uniform_s72_fifo_seed5.json,uniform,72,fifo,False,5,548352,9.000,True,7.43258,97981,1769
results/raw/main/uniform_s72_fifo_seed5.json,uniform,72,fifo,False,5,563584,9.250,True,7.47919,98691,1780
results/raw/main/uniform_s72_fifo_seed5.json,uniform,72,fifo,False,5,578816,9.500,True,7.47065,98561,1778
results/raw/main/uniform_s72_fifo_seed5.json,uniform,72,fifo,False,5,594048,9.750,True,7.45779,98365,1775
results/raw/main/uniform_s72_fifo_seed5.json,uniform,72,fifo,False,5,609280,10.000,True,7.45798,98368,1775
results/raw/main/uniform_s72_fifo_seed5.json,uniform,72,fifo,False,5,624512,10.250,True,7.48352,98757,1781
results/raw/main/uniform_s72_fifo_seed5.json,uniform,72,fifo,False,5,639744,10.500,True,7.44951,98239,1773
results/raw/main/uniform_s72_fifo_seed5.json,uniform,72,fifo,False,5,654976,10.750,True,7.38616,97274,1758
results/raw/main/uniform_s72_fifo_seed5.json,uniform,72,fifo,False,5,670208,11.000,True,7.45838,98374,1775
results/raw/main/uniform_s72_fifo_seed5.json,uniform,72,fifo,False,5,685440,11.250,True,7.42017,97792,1766
results/raw/main/uniform_s72_fifo_seed5.json,uniform,72,fifo,False,5,700672,11.500,True,7.41603,97729,1765
results/raw/main/uniform_s72_fifo_seed5.json,uniform,72,fifo,False,5,715904,11.750,True,7.47472,98623,1779
results/raw/main/uniform_s72_fifo_seed5.json,uniform,72,fifo,False,5,731136,12.000,True,7.47059,98560,1778
results/raw/main/uniform_s72_greedy_seed1.json,uniform,72,greedy,False,1,15232,0.250,False,1.82437,62784,1148
results/raw/main/uniform_s72_greedy_seed1.json,uniform,72,greedy,False,1,30464,0.500,False,6.71402,87036,1598
results/raw/main/uniform_s72_greedy_seed1.json,uniform,72,greedy,False,1,45696,0.750,False,6.65546,86144,1584
results/raw/main/uniform_s72_greedy_seed1.json,uniform,72,greedy,False,1,60928,1.000,False,6.68908,86656,1592
results/raw/main/uniform_s72_greedy_seed1.json,uniform,72,greedy,False,1,76160,1.250,False,6.69308,86717,1593
results/raw/main/uniform_s72_greedy_seed1.json,uniform,72,greedy,False,1,91392,1.500,False,6.66433,86279,1586
results/raw/main/uniform_s72_greedy_seed1.json,uniform,72,greedy,False,1,106624,1.750,False,6.73923,87420,1604
results/raw/main/uniform_s72_greedy_seed1.json,uniform,72,greedy,False,1,121856,2.000,False,6.73562,87365,1603
results/raw/main/uniform_s72_greedy_seed1.json,uniform,72,greedy,False,1,137088,2.250,False,6.68868,86650,1592
results/raw/main/uniform_s72_greedy_seed1.json,uniform,72,greedy,False,1,152320,2.500,False,6.69367,86726,1593
results/raw/main/uniform_s72_greedy_seed1.json,uniform,72,greedy,False,1,167552,2.750,False,6.75611,87677,1608
results/raw/main/uniform_s72_greedy_seed1.json,uniform,72,greedy,False,1,182784,3.000,False,6.70588,86912,1596
results/raw/main/uniform_s72_greedy_seed1.json,uniform,72,greedy,False,1,198016,3.250,False,6.70135,86843,1595
results/raw/main/uniform_s72_greedy_seed1.json,uniform,72,greedy,False,1,213248,3.500,False,6.72308,87174,1600
results/raw/main/uniform_s72_greedy_seed1.json,uniform,72,greedy,False,1,228480,3.750,False,6.72656,87227,1601
results/raw/main/uniform_s72_greedy_seed1.json,uniform,72,greedy,False,1,243712,4.000,False,6.73556,87364,1603
results/raw/main/uniform_s72_greedy_seed1.json,uniform,72,greedy,False,1,258944,4.250,True,6.72249,87165,1600
results/raw/main/uniform_s72_greedy_seed1.json,uniform,72,greedy,False,1,274176,4.500,True,6.72295,87172,1600
results/raw/main/uniform_s72_greedy_seed1.json,uniform,72,greedy,False,1,289408,4.750,True,6.70175,86849,1595
results/raw/main/uniform_s72_greedy_seed1.json,uniform,72,greedy,False,1,304640,5.000,True,6.72236,87163,1600
results/raw/main/uniform_s72_greedy_seed1.json,uniform,72,greedy,False,1,319872,5.250,True,6.68914,86657,1592
results/raw/main/uniform_s72_greedy_seed1.json,uniform,72,greedy,False,1,335104,5.500,True,6.71875,87108,1599
results/raw/main/uniform_s72_greedy_seed1.json,uniform,72,greedy,False,1,350336,5.750,True,6.76004,87737,1609
results/raw/main/uniform_s72_greedy_seed1.json,uniform,72,greedy,False,1,365568,6.000,True,6.68494,86593,1591
results/raw/main/uniform_s72_greedy_seed1.json,uniform,72,greedy,False,1,380800,6.250,True,6.67686,86470,1589
results/raw/main/uniform_s72_greedy_seed1.json,uniform,72,greedy,False,1,396032,6.500,True,6.73956,87425,1604
results/raw/main/uniform_s72_greedy_seed1.json,uniform,72,greedy,False,1,411264,6.750,True,6.72216,87160,1600
results/raw/main/uniform_s72_greedy_seed1.json,uniform,72,greedy,False,1,426496,7.000,True,6.68501,86594,1591
results/raw/main/uniform_s72_greedy_seed1.json,uniform,72,greedy,False,1,441728,7.250,True,6.68507,86595,1591
results/raw/main/uniform_s72_greedy_seed1.json,uniform,72,greedy,False,1,456960,7.500,True,6.7479,87552,1606
results/raw/main/uniform_s72_greedy_seed1.json,uniform,72,greedy,False,1,472192,7.750,True,6.67227,86400,1588
results/raw/main/uniform_s72_greedy_seed1.json,uniform,72,greedy,False,1,487424,8.000,True,6.70188,86851,1595
results/raw/main/uniform_s72_greedy_seed1.json,uniform,72,greedy,False,1,502656,8.250,True,6.70582,86911,1596
results/raw/main/uniform_s72_greedy_seed1.json,uniform,72,greedy,False,1,517888,8.500,True,6.73103,87295,1602
results/raw/main/uniform_s72_greedy_seed1.json,uniform,72,greedy,False,1,533120,8.750,True,6.71415,87038,1598
results/raw/main/uniform_s72_greedy_seed1.json,uniform,72,greedy,False,1,548352,9.000,True,6.71875,87108,1599
results/raw/main/uniform_s72_greedy_seed1.json,uniform,72,greedy,False,1,563584,9.250,True,6.7305,87287,1602
results/raw/main/uniform_s72_greedy_seed1.json,uniform,72,greedy,False,1,578816,9.500,True,6.74409,87494,1605
results/raw/main/uniform_s72_greedy_seed1.json,uniform,72,greedy,False,1,594048,9.750,True,6.72289,87171,1600
results/raw/main/uniform_s72_greedy_seed1.json,uniform,72,greedy,False,1,609280,10.000,True,6.71383,87033,1598
results/raw/main/uniform_s72_greedy_seed1.json,uniform,72,greedy,False,1,624512,10.250,True,6.72702,87234,1601
results/raw/main/uniform_s72_greedy_seed1.json,uniform,72,greedy,False,1,639744,10.500,True,6.72722,87237,1601
results/raw/main/uniform_s72_greedy_seed1.json,uniform,72,greedy,False,1,654976,10.750,True,6.69315,86718,1593
results/raw/main/uniform_s72_greedy_seed1.json,uniform,72,greedy,False,1,670208,11.000,True,6.6724,86402,1588
results/raw/main/uniform_s72_greedy_seed1.json,uniform,72,greedy,False,1,685440,11.250,True,6.72683,87231,1601
results/raw/main/uniform_s72_greedy_seed1.json,uniform,72,greedy,False,1,700672,11.500,True,6.67194,86395,1588
results/raw/main/uniform_s72_greedy_seed1.json,uniform,72,greedy,False,1,715904,11.750,True,6.68494,86593,1591
results/raw/main/uniform_s72_greedy_seed1.json,uniform,72,greedy,False,1,731136,12.000,True,6.6684,86341,1587
results/raw/main/uniform_s72_greedy_seed2.json,uniform,72,greedy,False,2,15232,0.250,False,1.83107,63294,1156
results/raw/main/uniform_s72_greedy_seed2.json,uniform,72,greedy,False,2,30464,0.500,False,6.72275,87169,1600
results/raw/main/uniform_s72_greedy_seed2.json,uniform,72,greedy,False,2,45696,0.750,False,6.70989,86973,1597
results/raw/main/uniform_s72_greedy_seed2.json,uniform,72,greedy,False,2,60928,1.000,False,6.75617,87678,1608
results/raw/main/uniform_s72_greedy_seed2.json,uniform,72,greedy,False,2,76160,1.250,False,6.74816,87556,1606
results/raw/main/uniform_s72_greedy_seed2.json,uniform,72,greedy,False,2,91392,1.500,False,6.7351,87357,1603
results/raw/main/uniform_s72_greedy_seed2.json,uniform,72,greedy,False,2,106624,1.750,False,6.7351,87357,1603
results/raw/main/uniform_s72_greedy_seed2.json,uniform,72,greedy,False,2,121856,2.000,False,6.70595,86913,1596
results/raw/main/uniform_s72_greedy_seed2.json,uniform,72,greedy,False,2,137088,2.250,False,6.71849,87104,1599
results/raw/main/uniform_s72_greedy_seed2.json,uniform,72,greedy,False,2,152320,2.500,False,6.76497,87812,1610
results/raw/main/uniform_s72_greedy_seed2.json,uniform,72,greedy,False,2,167552,2.750,False,6.70989,86973,1597
results/raw/main/uniform_s72_greedy_seed2.json,uniform,72,greedy,False,2,182784,3.000,False,6.73129,87299,1602
results/raw/main/uniform_s72_greedy_seed2.json,uniform,72,greedy,False,2,198016,3.250,False,6.69347,86723,1593
results/raw/main/uniform_s72_greedy_seed2.json,uniform,72,greedy,False,2,213248,3.500,False,6.73536,87361,1603
results/raw/main/uniform_s72_greedy_seed2.json,uniform,72,greedy,False,2,228480,3.750,False,6.69295,86715,1593
results/raw/main/uniform_s72_greedy_seed2.json,uniform,72,greedy,False,2,243712,4.000,False,6.7521,87616,1607
results/raw/main/uniform_s72_greedy_seed2.json,uniform,72,greedy,False,2,258944,4.250,True,6.72696,87233,1601
results/raw/main/uniform_s72_greedy_seed2.json,uniform,72,greedy,False,2,274176,4.500,True,6.72269,87168,1600
results/raw/main/uniform_s72_greedy_seed2.json,uniform,72,greedy,False,2,289408,4.750,True,6.67654,86465,1589
results/raw/main/uniform_s72_greedy_seed2.json,uniform,72,greedy,False,2,304640,5.000,True,6.72709,87235,1601
results/raw/main/uniform_s72_greedy_seed2.json,uniform,72,greedy,False,2,319872,5.250,True,6.67608,86458,1589
results/raw/main/uniform_s72_greedy_seed2.json,uniform,72,greedy,False,2,335104,5.500,True,6.72282,87170,1600
results/raw/main/uniform_s72_greedy_seed2.json,uniform,72,greedy,False,2,350336,5.750,True,6.74376,87489,1605
results/raw/main/uniform_s72_greedy_seed2.json,uniform,72,greedy,False,2,365568,6.000,True,6.74383,87490,1605
results/raw/main/uniform_s72_greedy_seed2.json,uniform,72,greedy,False,2,380800,6.250,True,6.71396,87035,1598
results/raw/main/uniform_s72_greedy_seed2.json,uniform,72,greedy,False,2,396032,6.500,True,6.70995,86974,1597
results/raw/main/uniform_s72_greedy_seed2.json,uniform,72,greedy,False,2,411264,6.750,True,6.74422,87496,1605
results/raw/main/uniform_s72_greedy_seed2.json,uniform,72,greedy,False,2,426496,7.000,True,6.7477,87549,1606
results/raw/main/uniform_s72_greedy_seed2.json,uniform,72,greedy,False,2,441728,7.250,True,6.70608,86915,1596
results/raw/main/uniform_s72_greedy_seed2.json,uniform,72,greedy,False,2,456960,7.500,True,6.72262,87167,1600
results/raw/main/uniform_s72_greedy_seed2.json,uniform,72,greedy,False,2,472192,7.750,True,6.69315,86718,1593
results/raw/main/uniform_s72_greedy_seed2.json,uniform,72,greedy,False,2,487424,8.000,True,6.76457,87806,1610
results/raw/main/uniform_s72_greedy_seed2.json,uniform,72,greedy,False,2,502656,8.250,True,6.68067,86528,1590
results/raw/main/uniform_s72_greedy_seed2.json,uniform,72,greedy,False,2,517888,8.500,True,6.72709,87235,1601
results/raw/main/uniform_s72_greedy_seed2.json,uniform,72,greedy,False,2,533120,8.750,True,6.74777,87550,1606
results/raw/main/uniform_s72_greedy_seed2.json,uniform,72,greedy,False,2,548352,9.000,True,6.76477,87809,1610
results/raw/main/uniform_s72_greedy_seed2.json,uniform,72,greedy,False,2,563584,9.250,True,6.71022,86978,1597
results/raw/main/uniform_s72_greedy_seed2.json,uniform,72,greedy,False,2,578816,9.500,True,6.7223,87162,1600
results/raw/main/uniform_s72_greedy_seed2.json,uniform,72,greedy,False,2,594048,9.750,True,6.72683,87231,1601
results/raw/main/uniform_s72_greedy_seed2.json,uniform,72,greedy,False,2,609280,10.000,True,6.75236,87620,1607
results/raw/main/uniform_s72_greedy_seed2.json,uniform,72,greedy,False,2,624512,10.250,True,6.7309,87293,1602
results/raw/main/uniform_s72_greedy_seed2.json,uniform,72,greedy,False,2,639744,10.500,True,6.71048,86982,1597
results/raw/main/uniform_s72_greedy_seed2.json,uniform,72,greedy,False,2,654976,10.750,True,6.63406,85818,1579
results/raw/main/uniform_s72_greedy_seed2.json,uniform,72,greedy,False,2,670208,11.000,True,6.67673,86468,1589
results/raw/main/uniform_s72_greedy_seed2.json,uniform,72,greedy,False,2,685440,11.250,True,6.72702,87234,1601
results/raw/main/uniform_s72_greedy_seed2.json,uniform,72,greedy,False,2,700672,11.500,True,6.70135,86843,1595
results/raw/main/uniform_s72_greedy_seed2.json,uniform,72,greedy,False,2,715904,11.750,True,6.70621,86917,1596
results/raw/main/uniform_s72_greedy_seed2.json,uniform,72,greedy,False,2,731136,12.000,True,6.73116,87297,1602
results/raw/main/uniform_s72_greedy_seed3.json,uniform,72,greedy,False,3,15232,0.250,False,1.83782,63808,1164
results/raw/main/uniform_s72_greedy_seed3.json,uniform,72,greedy,False,3,30464,0.500,False,6.72643,87225,1601
results/raw/main/uniform_s72_greedy_seed3.json,uniform,72,greedy,False,3,45696,0.750,False,6.69374,86727,1593
results/raw/main/uniform_s72_greedy_seed3.json,uniform,72,greedy,False,3,60928,1.000,False,6.73523,87359,1603
results/raw/main/uniform_s72_greedy_seed3.json,uniform,72,greedy,False,3,76160,1.250,False,6.70155,86846,1595
results/raw/main/uniform_s72_greedy_seed3.json,uniform,72,greedy,False,3,91392,1.500,False,6.72663,87228,1601
results/raw/main/uniform_s72_greedy_seed3.json,uniform,72,greedy,False,3,106624,1.750,False,6.70621,86917,1596
results/raw/main/uniform_s72_greedy_seed3.json,uniform,72,greedy,False,3,121856,2.000,False,6.76018,87739,1609
results/raw/main/uniform_s72_greedy_seed3.json,uniform,72,greedy,False,3,137088,2.250,False,6.71475,87047,1598
results/raw/main/uniform_s72_greedy_seed3.json,uniform,72,greedy,False,3,152320,2.500,False,6.70595,86913,1596
results/raw/main/uniform_s72_greedy_seed3.json,uniform,72,greedy,False,3,167552,2.750,False,6.7395,87424,1604
results/raw/main/uniform_s72_greedy_seed3.json,uniform,72,greedy,False,3,182784,3.000,False,6.76037,87742,1609
results/raw/main/uniform_s72_greedy_seed3.json,uniform,72,greedy,False,3,198016,3.250,False,6.71822,87100,1599
results/raw/main/uniform_s72_greedy_seed3.json,uniform,72,greedy,False,3,213248,3.500,False,6.71002,86975,1597
results/raw/main/uniform_s72_greedy_seed3.json,uniform,72,greedy,False,3,228480,3.750,False,6.69347,86723,1593
results/raw/main/uniform_s72_greedy_seed3.json,uniform,72,greedy,False,3,243712,4.000,False,6.70569,86909,1596
results/raw/main/uniform_s72_greedy_seed3.json,uniform,72,greedy,False,3,258944,4.250,True,6.76891,87872,1611
results/raw/main/uniform_s72_greedy_seed3.json,uniform,72,greedy,False,3,274176,4.500,True,6.72275,87169,1600
results/raw/main/uniform_s72_greedy_seed3.json,uniform,72,greedy,False,3,289408,4.750,True,6.69367,86726,1593
results/raw/main/uniform_s72_greedy_seed3.json,uniform,72,greedy,False,3,304640,5.000,True,6.7393,87421,1604
results/raw/main/uniform_s72_greedy_seed3.json,uniform,72,greedy,False,3,319872,5.250,True,6.71402,87036,1598
results/raw/main/uniform_s72_greedy_seed3.json,uniform,72,greedy,False,3,335104,5.500,True,6.76044,87743,1609
results/raw/main/uniform_s72_greedy_seed3.json,uniform,72,greedy,False,3,350336,5.750,True,6.70207,86854,1595
results/raw/main/uniform_s72_greedy_seed3.json,uniform,72,greedy,False,3,365568,6.000,True,6.70129,86842,1595
results/raw/main/uniform_s72_greedy_seed3.json,uniform,72,greedy,False,3,380800,6.250,True,6.66859,86344,1587
results/raw/main/uniform_s72_greedy_seed3.json,uniform,72,greedy,False,3,396032,6.500,True,6.7351,87357,1603
results/raw/main/uniform_s72_greedy_seed3.json,uniform,72,greedy,False,3,411264,6.750,True,6.70148,86845,1595
results/raw/main/uniform_s72_greedy_seed3.json,uniform,72,greedy,False,3,426496,7.000,True,6.70181,86850,1595
results/raw/main/uniform_s72_greedy_seed3.json,uniform,72,greedy,False,3,441728,7.250,True,6.76477,87809,1610
results/raw/main/uniform_s72_greedy_seed3.json,uniform,72,greedy,False,3,456960,7.500,True,6.70181,86850,1595
results/raw/main/uniform_s72_greedy_seed3.json,uniform,72,greedy,False,3,472192,7.750,True,6.72249,87165,1600
results/raw/main/uniform_s72_greedy_seed3.json,uniform,72,greedy,False,3,487424,8.000,True,6.68093,86532,1590
results/raw/main/uniform_s72_greedy_seed3.json,uniform,72,greedy,False,3,502656,8.250,True,6.73057,87288,1602
results/raw/main/uniform_s72_greedy_seed3.json,uniform,72,greedy,False,3,517888,8.500,True,6.72709,87235,1601
results/raw/main/uniform_s72_greedy_seed3.json,uniform,72,greedy,False,3,533120,8.750,True,6.71442,87042,1598
results/raw/main/uniform_s72_greedy_seed3.json,uniform,72,greedy,False,3,548352,9.000,True,6.7479,87552,1606
results/raw/main/uniform_s72_greedy_seed3.json,uniform,72,greedy,False,3,563584,9.250,True,6.74357,87486,1605
results/raw/main/uniform_s72_greedy_seed3.json,uniform,72,greedy,False,3,578816,9.500,True,6.69768,86787,1594
results/raw/main/uniform_s72_greedy_seed3.json,uniform,72,greedy,False,3,594048,9.750,True,6.70562,86908,1596
results/raw/main/uniform_s72_greedy_seed3.json,uniform,72,greedy,False,3,609280,10.000,True,6.71415,87038,1598
results/raw/main/uniform_s72_greedy_seed3.json,uniform,72,greedy,False,3,624512,10.250,True,6.74842,87560,1606
results/raw/main/uniform_s72_greedy_seed3.json,uniform,72,greedy,False,3,639744,10.500,True,6.75591,87674,1608
results/raw/main/uniform_s72_greedy_seed3.json,uniform,72,greedy,False,3,654976,10.750,True,6.69354,86724,1593
results/raw/main/uniform_s72_greedy_seed3.json,uniform,72,greedy,False,3,670208,11.000,True,6.66347,86266,1586
results/raw/main/uniform_s72_greedy_seed3.json,uniform,72,greedy,False,3,685440,11.250,True,6.71015,86977,1597
results/raw/main/uniform_s72_greedy_seed3.json,uniform,72,greedy,False,3,700672,11.500,True,6.70601,86914,1596
results/raw/main/uniform_s72_greedy_seed3.json,uniform,72,greedy,False,3,715904,11.750,True,6.69774,86788,1594
results/raw/main/uniform_s72_greedy_seed3.json,uniform,72,greedy,False,3,731136,12.000,True,6.68901,86655,1592
results/raw/main/uniform_s72_greedy_seed4.json,uniform,72,greedy,False,4,15232,0.250,False,1.83277,63424,1158
results/raw/main/uniform_s72_greedy_seed4.json,uniform,72,greedy,False,4,30464,0.500,False,6.70569,86909,1596
results/raw/main/uniform_s72_greedy_seed4.json,uniform,72,greedy,False,4,45696,0.750,False,6.69354,86724,1593
results/raw/main/uniform_s72_greedy_seed4.json,uniform,72,greedy,False,4,60928,1.000,False,6.70569,86909,1596
results/raw/main/uniform_s72_greedy_seed4.json,uniform,72,greedy,False,4,76160,1.250,False,6.70135,86843,1595
results/raw/main/uniform_s72_greedy_seed4.json,uniform,72,greedy,False,4,91392,1.500,False,6.63472,85828,1579
results/raw/main/uniform_s72_greedy_seed4.json,uniform,72,greedy,False,4,106624,1.750,False,6.68074,86529,1590
results/raw/main/uniform_s72_greedy_seed4.json,uniform,72,greedy,False,4,121856,2.000,False,6.74337,87483,1605
results/raw/main/uniform_s72_greedy_seed4.json,uniform,72,greedy,False,4,137088,2.250,False,6.69774,86788,1594
results/raw/main/uniform_s72_greedy_seed4.json,uniform,72,greedy,False,4,152320,2.500,False,6.67627,86461,1589
results/raw/main/uniform_s72_greedy_seed4.json,uniform,72,greedy,False,4,167552,2.750,False,6.7481,87555,1606
results/raw/main/uniform_s72_greedy_seed4.json,uniform,72,greedy,False,4,182784,3.000,False,6.71448,87043,1598
results/raw/main/uniform_s72_greedy_seed4.json,uniform,72,greedy,False,4,198016,3.250,False,6.72262,87167,1600
results/raw/main/uniform_s72_greedy_seed4.json,uniform,72,greedy,False,4,213248,3.500,False,6.6466,86009,1582
results/raw/main/uniform_s72_greedy_seed4.json,uniform,72,greedy,False,4,228480,3.750,False,6.67673,86468,1589
results/raw/main/uniform_s72_greedy_seed4.json,uniform,72,greedy,False,4,243712,4.000,False,6.68487,86592,1591
results/raw/main/uniform_s72_greedy_seed4.json,uniform,72,greedy,False,4,258944,4.250,True,6.72282,87170,1600
results/raw/main/uniform_s72_greedy_seed4.json,uniform,72,greedy,False,4,274176,4.500,True,6.67194,86395,1588
results/raw/main/uniform_s72_greedy_seed4.json,uniform,72,greedy,False,4,289408,4.750,True,6.72722,87237,1601
results/raw/main/uniform_s72_greedy_seed4.json,uniform,72,greedy,False,4,304640,5.000,True,6.73523,87359,1603
results/raw/main/uniform_s72_greedy_seed4.json,uniform,72,greedy,False,4,319872,5.250,True,6.71862,87106,1599
results/raw/main/uniform_s72_greedy_seed4.json,uniform,72,greedy,False,4,335104,5.500,True,6.70588,86912,1596
results/raw/main/uniform_s72_greedy_seed4.json,uniform,72,greedy,False,4,350336,5.750,True,6.71409,87037,1598
results/raw/main/uniform_s72_greedy_seed4.json,uniform,72,greedy,False,4,365568,6.000,True,6.69328,86720,1593
results/raw/main/uniform_s72_greedy_seed4.json,uniform,72,greedy,False,4,380800,6.250,True,6.75617,87678,1608
results/raw/main/uniform_s72_greedy_seed4.json,uniform,72,greedy,False,4,396032,6.500,True,6.74363,87487,1605
results/raw/main/uniform_s72_greedy_seed4.json,uniform,72,greedy,False,4,411264,6.750,True,6.74409,87494,1605
results/raw/main/uniform_s72_greedy_seed4.json,uniform,72,greedy,False,4,426496,7.000,True,6.70575,86910,1596
results/raw/main/uniform_s72_greedy_seed4.json,uniform,72,greedy,False,4,441728,7.250,True,6.63045,85763,1578
results/raw/main/uniform_s72_greedy_seed4.json,uniform,72,greedy,False,4,456960,7.500,True,6.76858,87867,1611
results/raw/main/uniform_s72_greedy_seed4.json,uniform,72,greedy,False,4,472192,7.750,True,6.70207,86854,1595
results/raw/main/uniform_s72_greedy_seed4.json,uniform,72,greedy,False,4,487424,8.000,True,6.70135,86843,1595
results/raw/main/uniform_s72_greedy_seed4.json,uniform,72,greedy,False,4,502656,8.250,True,6.681,86533,1590
results/raw/main/uniform_s72_greedy_seed4.json,uniform,72,greedy,False,4,517888,8.500,True,6.68441,86585,1591
results/raw/main/uniform_s72_greedy_seed4.json,uniform,72,greedy,False,4,533120,8.750,True,6.74396,87492,1605
results/raw/main/uniform_s72_greedy_seed4.json,uniform,72,greedy,False,4,548352,9.000,True,6.69715,86779,1594
results/raw/main/uniform_s72_greedy_seed4.json,uniform,72,greedy,False,4,563584,9.250,True,6.73969,87427,1604
results/raw/main/uniform_s72_greedy_seed4.json,uniform,72,greedy,False,4,578816,9.500,True,6.72262,87167,1600
results/raw/main/uniform_s72_greedy_seed4.json,uniform,72,greedy,False,4,594048,9.750,True,6.70608,86915,1596
results/raw/main/uniform_s72_greedy_seed4.json,uniform,72,greedy,False,4,609280,10.000,True,6.73122,87298,1602
results/raw/main/uniform_s72_greedy_seed4.json,uniform,72,greedy,False,4,624512,10.250,True,6.73063,87289,1602
results/raw/main/uniform_s72_greedy_seed4.json,uniform,72,greedy,False,4,639744,10.500,True,6.71435,87041,1598
results/raw/main/uniform_s72_greedy_seed4.json,uniform,72,greedy,False,4,654976,10.750,True,6.74363,87487,1605
results/raw/main/uniform_s72_greedy_seed4.json,uniform,72,greedy,False,4,670208,11.000,True,6.7437,87488,1605
results/raw/main/uniform_s72_greedy_seed4.json,uniform,72,greedy,False,4,685440,11.250,True,6.70614,86916,1596
results/raw/main/uniform_s72_greedy_seed4.json,uniform,72,greedy,False,4,700672,11.500,True,6.67627,86461,1589
results/raw/main/uniform_s72_greedy_seed4.json,uniform,72,greedy,False,4,715904,11.750,True,6.70188,86851,1595
results/raw/main/uniform_s72_greedy_seed4.json,uniform,72,greedy,False,4,731136,12.000,True,6.71862,87106,1599
results/raw/main/uniform_s72_greedy_seed5.json,uniform,72,greedy,False,5,15232,0.250,False,1.8395,63936,1166
results/raw/main/uniform_s72_greedy_seed5.json,uniform,72,greedy,False,5,30464,0.500,False,6.7437,87488,1605
results/raw/main/uniform_s72_greedy_seed5.json,uniform,72,greedy,False,5,45696,0.750,False,6.74764,87548,1606
results/raw/main/uniform_s72_greedy_seed5.json,uniform,72,greedy,False,5,60928,1.000,False,6.69341,86722,1593
results/raw/main/uniform_s72_greedy_seed5.json,uniform,72,greedy,False,5,76160,1.250,False,6.73969,87427,1604
results/raw/main/uniform_s72_greedy_seed5.json,uniform,72,greedy,False,5,91392,1.500,False,6.72643,87225,1601
results/raw/main/uniform_s72_greedy_seed5.json,uniform,72,greedy,False,5,106624,1.750,False,6.64739,86021,1582
results/raw/main/uniform_s72_greedy_seed5.json,uniform,72,greedy,False,5,121856,2.000,False,6.78545,88124,1615
results/raw/main/uniform_s72_greedy_seed5.json,uniform,72,greedy,False,5,137088,2.250,False,6.68921,86658,1592
results/raw/main/uniform_s72_greedy_seed5.json,uniform,72,greedy,False,5,152320,2.500,False,6.71028,86979,1597
results/raw/main/uniform_s72_greedy_seed5.json,uniform,72,greedy,False,5,167552,2.750,False,6.65546,86144,1584
results/raw/main/uniform_s72_greedy_seed5.json,uniform,72,greedy,False,5,182784,3.000,False,6.67608,86458,1589
results/raw/main/uniform_s72_greedy_seed5.json,uniform,72,greedy,False,5,198016,3.250,False,6.70162,86847,1595
results/raw/main/uniform_s72_greedy_seed5.json,uniform,72,greedy,False,5,213248,3.500,False,6.70181,86850,1595
results/raw/main/uniform_s72_greedy_seed5.json,uniform,72,greedy,False,5,228480,3.750,False,6.67673,86468,1589
results/raw/main/uniform_s72_greedy_seed5.json,uniform,72,greedy,False,5,243712,4.000,False,6.70989,86973,1597
results/raw/main/uniform_s72_greedy_seed5.json,uniform,72,greedy,False,5,258944,4.250,True,6.72709,87235,1601
results/raw/main/uniform_s72_greedy_seed5.json,uniform,72,greedy,False,5,274176,4.500,True,6.70601,86914,1596
results/raw/main/uniform_s72_greedy_seed5.json,uniform,72,greedy,False,5,289408,4.750,True,6.69728,86781,1594
results/raw/main/uniform_s72_greedy_seed5.json,uniform,72,greedy,False,5,304640,5.000,True,6.69728,86781,1594
results/raw/main/uniform_s72_greedy_seed5.json,uniform,72,greedy,False,5,319872,5.250,True,6.70207,86854,1595
results/raw/main/uniform_s72_greedy_seed5.json,uniform,72,greedy,False,5,335104,5.500,True,6.72256,87166,1600
results/raw/main/uniform_s72_greedy_seed5.json,uniform,72,greedy,False,5,350336,5.750,True,6.73109,87296,1602
results/raw/main/uniform_s72_greedy_seed5.json,uniform,72,greedy,False,5,365568,6.000,True,6.73923,87420,1604
results/raw/main/uniform_s72_greedy_seed5.json,uniform,72,greedy,False,5,380800,6.250,True,6.70608,86915,1596
results/raw/main/uniform_s72_greedy_seed5.json,uniform,72,greedy,False,5,396032,6.500,True,6.78138,88062,1614
results/raw/main/uniform_s72_greedy_seed5.json,uniform,72,greedy,False,5,411264,6.750,True,6.62205,85635,1576
results/raw/main/uniform_s72_greedy_seed5.json,uniform,72,greedy,False,5,426496,7.000,True,6.70142,86844,1595
results/raw/main/uniform_s72_greedy_seed5.json,uniform,72,greedy,False,5,441728,7.250,True,6.71455,87044,1598
results/raw/main/uniform_s72_greedy_seed5.json,uniform,72,greedy,False,5,456960,7.500,True,6.74803,87554,1606
results/raw/main/uniform_s72_greedy_seed5.json,uniform,72,greedy,False,5,472192,7.750,True,6.70582,86911,1596
results/raw/main/uniform_s72_greedy_seed5.json,uniform,72,greedy,False,5,487424,8.000,True,6.68481,86591,1591
results/raw/main/uniform_s72_greedy_seed5.json,uniform,72,greedy,False,5,502656,8.250,True,6.71396,87035,1598
results/raw/main/uniform_s72_greedy_seed5.json,uniform,72,greedy,False,5,517888,8.500,True,6.78585,88130,1615
results/raw/main/uniform_s72_greedy_seed5.json,uniform,72,greedy,False,5,533120,8.750,True,6.73963,87426,1604
results/raw/main/uniform_s72_greedy_seed5.json,uniform,72,greedy,False,5,548352,9.000,True,6.73122,87298,1602
results/raw/main/uniform_s72_greedy_seed5.json,uniform,72,greedy,False,5,563584,9.250,True,6.71409,87037,1598
results/raw/main/uniform_s72_greedy_seed5.json,uniform,72,greedy,False,5,578816,9.500,True,6.75197,87614,1607
results/raw/main/uniform_s72_greedy_seed5.json,uniform,72,greedy,False,5,594048,9.750,True,6.78138,88062,1614
results/raw/main/uniform_s72_greedy_seed5.json,uniform,72,greedy,False,5,609280,10.000,True,6.74383,87490,1605
results/raw/main/uniform_s72_greedy_seed5.json,uniform,72,greedy,False,5,624512,10.250,True,6.66846,86342,1587
results/raw/main/uniform_s72_greedy_seed5.json,uniform,72,greedy,False,5,639744,10.500,True,6.75617,87678,1608
results/raw/main/uniform_s72_greedy_seed5.json,uniform,72,greedy,False,5,654976,10.750,True,6.65126,86080,1583
results/raw/main/uniform_s72_greedy_seed5.json,uniform,72,greedy,False,5,670208,11.000,True,6.664,86274,1586
results/raw/main/uniform_s72_greedy_seed5.json,uniform,72,greedy,False,5,685440,11.250,True,6.72256,87166,1600
results/raw/main/uniform_s72_greedy_seed5.json,uniform,72,greedy,False,5,700672,11.500,True,6.69328,86720,1593
results/raw/main/uniform_s72_greedy_seed5.json,uniform,72,greedy,False,5,715904,11.750,True,6.69761,86786,1594
results/raw/main/uniform_s72_greedy_seed5.json,uniform,72,greedy,False,5,731136,12.000,True,6.71796,87096,1599
results/raw/model/uniform_s128_fifo_single_seed1.json,uniform,128,fifo,True,1,14336,0.250,False,1.40972,29369,556
results/raw/model/uniform_s128_fifo_single_seed1.json,uniform,128,fifo,True,1,28672,0.500,False,4.15158,45181,930
results/raw/model/uniform_s128_fifo_single_seed1.json,uniform,128,fifo,True,1,43008,0.750,False,4.18304,45632,937
results/raw/model/uniform_s128_fifo_single_seed1.json,uniform,128,fifo,True,1,57344,1.000,False,4.21491,46089,944
results/raw/model/uniform_s128_fifo_single_seed1.json,uniform,128,fifo,True,1,71680,1.250,False,4.241,46463,950
results/raw/model/uniform_s128_fifo_single_seed1.json,uniform,128,fifo,True,1,86016,1.500,False,4.27128,46897,957
results/raw/model/uniform_s128_fifo_single_seed1.json,uniform,128,fifo,True,1,100352,1.750,False,4.20592,45960,942
results/raw/model/uniform_s128_fifo_single_seed1.json,uniform,128,fifo,True,1,114688,2.000,False,4.2237,46215,946
results/raw/model/uniform_s128_fifo_single_seed1.json,uniform,128,fifo,True,1,129024,2.250,False,4.19964,45870,941
results/raw/model/uniform_s128_fifo_single_seed1.json,uniform,128,fifo,True,1,143360,2.500,False,4.19734,45837,940
results/raw/model/uniform_s128_fifo_single_seed1.json,uniform,128,fifo,True,1,157696,2.750,False,4.2094,46010,943
results/raw/model/uniform_s128_fifo_single_seed1.json,uniform,128,fifo,True,1,172032,3.000,False,4.22775,46273,947
results/raw/model/uniform_s128_fifo_single_seed1.json,uniform,128,fifo,True,1,186368,3.250,False,4.20585,45959,942
results/raw/model/uniform_s128_fifo_single_seed1.json,uniform,128,fifo,True,1,200704,3.500,False,4.23689,46404,949
results/raw/model/uniform_s128_fifo_single_seed1.json,uniform,128,fifo,True,1,215040,3.750,False,4.23619,46394,949
results/raw/model/uniform_s128_fifo_single_seed1.json,uniform,128,fifo,True,1,229376,4.000,False,4.20117,45892,941
results/raw/model/uniform_s128_fifo_single_seed1.json,uniform,128,fifo,True,1,243712,4.250,True,4.22259,46199,946
results/raw/model/uniform_s128_fifo_single_seed1.json,uniform,128,fifo,True,1,258048,4.500,True,4.22775,46273,947
results/raw/model/uniform_s128_fifo_single_seed1.json,uniform,128,fifo,True,1,272384,4.750,True,4.21896,46147,945
results/raw/model/uniform_s128_fifo_single_seed1.json,uniform,128,fifo,True,1,286720,5.000,True,4.22712,46264,947
results/raw/model/uniform_s128_fifo_single_seed1.json,uniform,128,fifo,True,1,301056,5.250,True,4.1882,45706,938
results/raw/model/uniform_s128_fifo_single_seed1.json,uniform,128,fifo,True,1,315392,5.500,True,4.23186,46332,948
results/raw/model/uniform_s128_fifo_single_seed1.json,uniform,128,fifo,True,1,329728,5.750,True,4.22335,46210,946
results/raw/model/uniform_s128_fifo_single_seed1.json,uniform,128,fifo,True,1,344064,6.000,True,4.1958,45815,940
results/raw/model/uniform_s128_fifo_single_seed1.json,uniform,128,fifo,True,1,358400,6.250,True,4.18862,45712,938
results/raw/model/uniform_s128_fifo_single_seed1.json,uniform,128,fifo,True,1,372736,6.500,True,4.20933,46009,943
results/raw/model/uniform_s128_fifo_single_seed1.json,uniform,128,fifo,True,1,387072,6.750,True,4.21826,46137,945
results/raw/model/uniform_s128_fifo_single_seed1.json,uniform,128,fifo,True,1,401408,7.000,True,4.21868,46143,945
results/raw/model/uniform_s128_fifo_single_seed1.json,uniform,128,fifo,True,1,415744,7.250,True,4.23263,46343,948
results/raw/model/uniform_s128_fifo_single_seed1.json,uniform,128,fifo,True,1,430080,7.500,True,4.19176,45757,939
results/raw/model/uniform_s128_fifo_single_seed1.json,uniform,128,fifo,True,1,444416,7.750,True,4.25028,46596,952
results/raw/model/uniform_s128_fifo_single_seed1.json,uniform,128,fifo,True,1,458752,8.000,True,4.18324,45635,937
results/raw/model/uniform_s128_fifo_single_seed1.json,uniform,128,fifo,True,1,473088,8.250,True,4.24937,46583,952
results/raw/model/uniform_s128_fifo_single_seed1.json,uniform,128,fifo,True,1,487424,8.500,True,4.25481,46661,953
results/raw/model/uniform_s128_fifo_single_seed1.json,uniform,128,fifo,True,1,501760,8.750,True,4.20989,46017,943
results/raw/model/uniform_s128_fifo_single_seed1.json,uniform,128,fifo,True,1,516096,9.000,True,4.22803,46277,947
results/raw/model/uniform_s128_fifo_single_seed1.json,uniform,128,fifo,True,1,530432,9.250,True,4.20047,45882,941
results/raw/model/uniform_s128_fifo_single_seed1.json,uniform,128,fifo,True,1,544768,9.500,True,4.17006,45446,934
results/raw/model/uniform_s128_fifo_single_seed1.json,uniform,128,fifo,True,1,559104,9.750,True,4.18304,45632,937
results/raw/model/uniform_s128_fifo_single_seed1.json,uniform,128,fifo,True,1,573440,10.000,True,4.19629,45822,940
results/raw/model/uniform_s128_fifo_single_seed1.json,uniform,128,fifo,True,1,587776,10.250,True,4.20473,45943,942
results/raw/model/uniform_s128_fifo_single_seed1.json,uniform,128,fifo,True,1,602112,10.500,True,4.19671,45828,940
results/raw/model/uniform_s128_fifo_single_seed1.json,uniform,128,fifo,True,1,616448,10.750,True,4.20543,45953,942
results/raw/model/uniform_s128_fifo_single_seed1.json,uniform,128,fifo,True,1,630784,11.000,True,4.19252,45768,939
results/raw/model/uniform_s128_fifo_single_seed1.json,uniform,128,fifo,True,1,645120,11.250,True,4.21812,46135,945
results/raw/model/uniform_s128_fifo_single_seed1.json,uniform,128,fifo,True,1,659456,11.500,True,4.24616,46537,951
results/raw/model/uniform_s128_fifo_single_seed1.json,uniform,128,fifo,True,1,673792,11.750,True,4.20466,45942,942
results/raw/model/uniform_s128_fifo_single_seed1.json,uniform,128,fifo,True,1,688128,12.000,True,4.18736,45694,938
results/raw/model/uniform_s128_fifo_single_seed2.json,uniform,128,fifo,True,2,14336,0.250,False,1.41069,29438,557
results/raw/model/uniform_s128_fifo_single_seed2.json,uniform,128,fifo,True,2,28672,0.500,False,4.12068,44738,923
results/raw/model/uniform_s128_fifo_single_seed2.json,uniform,128,fifo,True,2,43008,0.750,False,4.24965,46587,952
results/raw/model/uniform_s128_fifo_single_seed2.json,uniform,128,fifo,True,2,57344,1.000,False,4.19524,45807,940
results/raw/model/uniform_s128_fifo_single_seed2.json,uniform,128,fifo,True,2,71680,1.250,False,4.23305,46349,948
results/raw/model/uniform_s128_fifo_single_seed2.json,uniform,128,fifo,True,2,86016,1.500,False,4.20494,45946,942
results/raw/model/uniform_s128_fifo_single_seed2.json,uniform,128,fifo,True,2,100352,1.750,False,4.21066,46028,943
results/raw/model/uniform_s128_fifo_single_seed2.json,uniform,128,fifo,True,2,114688,2.000,False,4.24512,46522,951
results/raw/model/uniform_s128_fifo_single_seed2.json,uniform,128,fifo,True,2,129024,2.250,False,4.19608,45819,940
results/raw/model/uniform_s128_fifo_single_seed2.json,uniform,128,fifo,True,2,143360,2.500,False,4.20571,45957,942
results/raw/model/uniform_s128_fifo_single_seed2.json,uniform,128,fifo,True,2,157696,2.750,False,4.20968,46014,943
results/raw/model/uniform_s128_fifo_single_seed2.json,uniform,128,fifo,True,2,172032,3.000,False,4.23291,46347,948
results/raw/model/uniform_s128_fifo_single_seed2.json,uniform,128,fifo,True,2,186368,3.250,False,4.19608,45819,940
results/raw/model/uniform_s128_fifo_single_seed2.json,uniform,128,fifo,True,2,200704,3.500,False,4.16964,45440,934
results/raw/model/uniform_s128_fifo_single_seed2.json,uniform,128,fifo,True,2,215040,3.750,False,4.21373,46072,944
results/raw/model/uniform_s128_fifo_single_seed2.json,uniform,128,fifo,True,2,229376,4.000,False,4.20557,45955,942
results/raw/model/uniform_s128_fifo_single_seed2.json,uniform,128,fifo,True,2,243712,4.250,True,4.21889,46146,945
results/raw/model/uniform_s128_fifo_single_seed2.json,uniform,128,fifo,True,2,258048,4.500,True,4.24595,46534,951
results/raw/model/uniform_s128_fifo_single_seed2.json,uniform,128,fifo,True,2,272384,4.750,True,4.21443,46082,944
results/raw/model/uniform_s128_fifo_single_seed2.json,uniform,128,fifo,True,2,286720,5.000,True,4.22314,46207,946
results/raw/model/uniform_s128_fifo_single_seed2.json,uniform,128,fifo,True,2,301056,5.250,True,4.21875,46144,945
results/raw/model/uniform_s128_fifo_single_seed2.json,uniform,128,fifo,True,2,315392,5.500,True,4.2228,46202,946
results/raw/model/uniform_s128_fifo_single_seed2.json,uniform,128,fifo,True,2,329728,5.750,True,4.17836,45565,936
results/raw/model/uniform_s128_fifo_single_seed2.json,uniform,128,fifo,True,2,344064,6.000,True,4.24526,46524,951
results/raw/model/uniform_s128_fifo_single_seed2.json,uniform,128,fifo,True,2,358400,6.250,True,4.24128,46467,950
results/raw/model/uniform_s128_fifo_single_seed2.json,uniform,128,fifo,True,2,372736,6.500,True,4.2373,46410,949
results/raw/model/uniform_s128_fifo_single_seed2.json,uniform,128,fifo,True,2,387072,6.750,True,4.20487,45945,942
results/raw/model/uniform_s128_fifo_single_seed2.json,uniform,128,fifo,True,2,401408,7.000,True,4.232,46334,948
results/raw/model/uniform_s128_fifo_single_seed2.json,uniform,128,fifo,True,2,415744,7.250,True,4.20996,46018,943
results/raw/model/uniform_s128_fifo_single_seed2.json,uniform,128,fifo,True,2,430080,7.500,True,4.23633,46396,949
results/raw/model/uniform_s128_fifo_single_seed2.json,uniform,128,fifo,True,2,444416,7.750,True,4.18778,45700,938
results/raw/model/uniform_s128_fifo_single_seed2.json,uniform,128,fifo,True,2,458752,8.000,True,4.20054,45883,941
results/raw/model/uniform_s128_fifo_single_seed2.json,uniform,128,fifo,True,2,473088,8.250,True,4.22859,46285,947
results/raw/model/uniform_s128_fifo_single_seed2.json,uniform,128,fifo,True,2,487424,8.500,True,4.22259,46199,946
results/raw/model/uniform_s128_fifo_single_seed2.json,uniform,128,fifo,True,2,501760,8.750,True,4.19636,45823,940
results/raw/model/uniform_s128_fifo_single_seed2.json,uniform,128,fifo,True,2,516096,9.000,True,4.22363,46214,946
results/raw/model/uniform_s128_fifo_single_seed2.json,uniform,128,fifo,True,2,530432,9.250,True,4.23689,46404,949
results/raw/model/uniform_s128_fifo_single_seed2.json,uniform,128,fifo,True,2,544768,9.500,True,4.23563,46386,949
results/raw/model/uniform_s128_fifo_single_seed2.json,uniform,128,fifo,True,2,559104,9.750,True,4.23263,46343,948
results/raw/model/uniform_s128_fifo_single_seed2.json,uniform,128,fifo,True,2,573440,10.000,True,4.22363,46214,946
results/raw/model/uniform_s128_fifo_single_seed2.json,uniform,128,fifo,True,2,587776,10.250,True,4.2228,46202,946
results/raw/model/uniform_s128_fifo_single_seed2.json,uniform,128,fifo,True,2,602112,10.500,True,4.19685,45830,940
results/raw/model/uniform_s128_fifo_single_seed2.json,uniform,128,fifo,True,2,616448,10.750,True,4.2493,46582,952
results/raw/model/uniform_s128_fifo_single_seed2.json,uniform,128,fifo,True,2,630784,11.000,True,4.24093,46462,950
results/raw/model/uniform_s128_fifo_single_seed2.json,uniform,128,fifo,True,2,645120,11.250,True,4.22761,46271,947
results/raw/model/uniform_s128_fifo_single_seed2.json,uniform,128,fifo,True,2,659456,11.500,True,4.22782,46274,947
results/raw/model/uniform_s128_fifo_single_seed2.json,uniform,128,fifo,True,2,673792,11.750,True,4.14718,45118,929
results/raw/model/uniform_s128_fifo_single_seed2.json,uniform,128,fifo,True,2,688128,12.000,True,4.25956,46729,954
results/raw/model/uniform_s128_fifo_single_seed3.json,uniform,128,fifo,True,3,14336,0.250,False,1.42044,30137,568
results/raw/model/uniform_s128_fifo_single_seed3.json,uniform,128,fifo,True,3,28672,0.500,False,4.14697,45115,929
results/raw/model/uniform_s128_fifo_single_seed3.json,uniform,128,fifo,True,3,43008,0.750,False,4.15709,45260,931
results/raw/model/uniform_s128_fifo_single_seed3.json,uniform,128,fifo,True,3,57344,1.000,False,4.21875,46144,945
results/raw/model/uniform_s128_fifo_single_seed3.json,uniform,128,fifo,True,3,71680,1.250,False,4.20933,46009,943
results/raw/model/uniform_s128_fifo_single_seed3.json,uniform,128,fifo,True,3,86016,1.500,False,4.22775,46273,947
results/raw/model/uniform_s128_fifo_single_seed3.json,uniform,128,fifo,True,3,100352,1.750,False,4.24547,46527,951
results/raw/model/uniform_s128_fifo_single_seed3.json,uniform,128,fifo,True,3,114688,2.000,False,4.2101,46020,943
results/raw/model/uniform_s128_fifo_single_seed3.json,uniform,128,fifo,True,3,129024,2.250,False,4.1921,45762,939
results/raw/model/uniform_s128_fifo_single_seed3.json,uniform,128,fifo,True,3,143360,2.500,False,4.24086,46461,950
results/raw/model/uniform_s128_fifo_single_seed3.json,uniform,128,fifo,True,3,157696,2.750,False,4.22231,46195,946
results/raw/model/uniform_s128_fifo_single_seed3.json,uniform,128,fifo,True,3,172032,3.000,False,4.22377,46216,946
results/raw/model/uniform_s128_fifo_single_seed3.json,uniform,128,fifo,True,3,186368,3.250,False,4.21408,46077,944
results/raw/model/uniform_s128_fifo_single_seed3.json,uniform,128,fifo,True,3,200704,3.500,False,4.24156,46471,950
results/raw/model/uniform_s128_fifo_single_seed3.json,uniform,128,fifo,True,3,215040,3.750,False,4.17864,45569,936
results/raw/model/uniform_s128_fifo_single_seed3.json,uniform,128,fifo,True,3,229376,4.000,False,4.22273,46201,946
results/raw/model/uniform_s128_fifo_single_seed3.json,uniform,128,fifo,True,3,243712,4.250,True,4.24065,46458,950
results/raw/model/uniform_s128_fifo_single_seed3.json,uniform,128,fifo,True,3,258048,4.500,True,4.21052,46026,943
results/raw/model/uniform_s128_fifo_single_seed3.json,uniform,128,fifo,True,3,272384,4.750,True,4.22356,46213,946
results/raw/model/uniform_s128_fifo_single_seed3.json,uniform,128,fifo,True,3,286720,5.000,True,4.19643,45824,940
results/raw/model/uniform_s128_fifo_single_seed3.json,uniform,128,fifo,True,3,301056,5.250,True,4.2583,46711,954
results/raw/model/uniform_s128_fifo_single_seed3.json,uniform,128,fifo,True,3,315392,5.500,True,4.17927,45578,936
results/raw/model/uniform_s128_fifo_single_seed3.json,uniform,128,fifo,True,3,329728,5.750,True,4.24003,46449,950
results/raw/model/uniform_s128_fifo_single_seed3.json,uniform,128,fifo,True,3,344064,6.000,True,4.21512,46092,944
results/raw/model/uniform_s128_fifo_single_seed3.json,uniform,128,fifo,True,3,358400,6.250,True,4.20075,45886,941
results/raw/model/uniform_s128_fifo_single_seed3.json,uniform,128,fifo,True,3,372736,6.500,True,4.23207,46335,948
results/raw/model/uniform_s128_fifo_single_seed3.json,uniform,128,fifo,True,3,387072,6.750,True,4.23172,46330,948
results/raw/model/uniform_s128_fifo_single_seed3.json,uniform,128,fifo,True,3,401408,7.000,True,4.19713,45834,940
results/raw/model/uniform_s128_fifo_single_seed3.json,uniform,128,fifo,True,3,415744,7.250,True,4.24023,46452,950
results/raw/model/uniform_s128_fifo_single_seed3.json,uniform,128,fifo,True,3,430080,7.500,True,4.20619,45964,942
results/raw/model/uniform_s128_fifo_single_seed3.json,uniform,128,fifo,True,3,444416,7.750,True,4.2011,45891,941
results/raw/model/uniform_s128_fifo_single_seed3.json,uniform,128,fifo,True,3,458752,8.000,True,4.19587,45816,940
results/raw/model/uniform_s128_fifo_single_seed3.json,uniform,128,fifo,True,3,473088,8.250,True,4.19601,45818,940
results/raw/model/uniform_s128_fifo_single_seed3.json,uniform,128,fifo,True,3,487424,8.500,True,4.17836,45565,936
results/raw/model/uniform_s128_fifo_single_seed3.json,uniform,128,fifo,True,3,501760,8.750,True,4.23242,46340,948
results/raw/model/uniform_s128_fifo_single_seed3.json,uniform,128,fifo,True,3,516096,9.000,True,4.22314,46207,946
results/raw/model/uniform_s128_fifo_single_seed3.json,uniform,128,fifo,True,3,530432,9.250,True,4.22761,46271,947
results/raw/model/uniform_s128_fifo_single_seed3.json,uniform,128,fifo,True,3,544768,9.500,True,4.19636,45823,940
results/raw/model/uniform_s128_fifo_single_seed3.json,uniform,128,fifo,True,3,559104,9.750,True,4.23758,46414,949
results/raw/model/uniform_s128_fifo_single_seed3.json,uniform,128,fifo,True,3,573440,10.000,True,4.19643,45824,940
results/raw/model/uniform_s128_fifo_single_seed3.json,uniform,128,fifo,True,3,587776,10.250,True,4.21875,46144,945
results/raw/model/uniform_s128_fifo_single_seed3.json,uniform,128,fifo,True,3,602112,10.500,True,4.21882,46145,945
results/raw/model/uniform_s128_fifo_single_seed3.json,uniform,128,fifo,True,3,616448,10.750,True,4.24449,46513,951
results/raw/model/uniform_s128_fifo_single_seed3.json,uniform,128,fifo,True,3,630784,11.000,True,4.2191,46149,945
results/raw/model/uniform_s128_fifo_single_seed3.json,uniform,128,fifo,True,3,645120,11.250,True,4.21038,46024,943
results/raw/model/uniform_s128_fifo_single_seed3.json,uniform,128,fifo,True,3,659456,11.500,True,4.20905,46005,943
results/raw/model/uniform_s128_fifo_single_seed3.json,uniform,128,fifo,True,3,673792,11.750,True,4.20557,45955,942
results/raw/model/uniform_s128_fifo_single_seed3.json,uniform,128,fifo,True,3,688128,12.000,True,4.19685,45830,940
results/raw/model/uniform_s128_greedy_single_seed1.json,uniform,128,greedy,True,1,14336,0.250,False,1.29731,21311,430
results/raw/model/uniform_s128_greedy_single_seed1.json,uniform,128,greedy,True,1,28672,0.500,False,3.99051,42872,894
results/raw/model/uniform_s128_greedy_single_seed1.json,uniform,128,greedy,True,1,43008,0.750,False,4.00035,43013,896
results/raw/model/uniform_s128_greedy_single_seed1.json,uniform,128,greedy,True,1,57344,1.000,False,3.99958,43002,896
results/raw/model/uniform_s128_greedy_single_seed1.json,uniform,128,greedy,True,1,71680,1.250,False,3.98626,42811,893
results/raw/model/uniform_s128_greedy_single_seed1.json,uniform,128,greedy,True,1,86016,1.500,False,3.97356,42629,890
results/raw/model/uniform_s128_greedy_single_seed1.json,uniform,128,greedy,True,1,100352,1.750,False,3.97294,42620,890
results/raw/model/uniform_s128_greedy_single_seed1.json,uniform,128,greedy,True,1,114688,2.000,False,3.97328,42625,890
results/raw/model/uniform_s128_greedy_single_seed1.json,uniform,128,greedy,True,1,129024,2.250,False,3.96422,42495,888
results/raw/model/uniform_s128_greedy_single_seed1.json,uniform,128,greedy,True,1,143360,2.500,False,3.96973,42574,889
results/raw/model/uniform_s128_greedy_single_seed1.json,uniform,128,greedy,True,1,157696,2.750,False,3.95947,42427,887
results/raw/model/uniform_s128_greedy_single_seed1.json,uniform,128,greedy,True,1,172032,3.000,False,3.97314,42623,890
results/raw/model/uniform_s128_greedy_single_seed1.json,uniform,128,greedy,True,1,186368,3.250,False,3.98221,42753,892
results/raw/model/uniform_s128_greedy_single_seed1.json,uniform,128,greedy,True,1,200704,3.500,False,3.95947,42427,887
results/raw/model/uniform_s128_greedy_single_seed1.json,uniform,128,greedy,True,1,215040,3.750,False,3.96917,42566,889
results/raw/model/uniform_s128_greedy_single_seed1.json,uniform,128,greedy,True,1,229376,4.000,False,3.9684,42555,889
results/raw/model/uniform_s128_greedy_single_seed1.json,uniform,128,greedy,True,1,243712,4.250,True,3.95543,42369,886
results/raw/model/uniform_s128_greedy_single_seed1.json,uniform,128,greedy,True,1,258048,4.500,True,3.98249,42757,892
results/raw/model/uniform_s128_greedy_single_seed1.json,uniform,128,greedy,True,1,272384,4.750,True,3.98675,42818,893
results/raw/model/uniform_s128_greedy_single_seed1.json,uniform,128,greedy,True,1,286720,5.000,True,3.98152,42743,892
results/raw/model/uniform_s128_greedy_single_seed1.json,uniform,128,greedy,True,1,301056,5.250,True,3.97356,42629,890
results/raw/model/uniform_s128_greedy_single_seed1.json,uniform,128,greedy,True,1,315392,5.500,True,3.96017,42437,887
results/raw/model/uniform_s128_greedy_single_seed1.json,uniform,128,greedy,True,1,329728,5.750,True,3.97719,42681,891
results/raw/model/uniform_s128_greedy_single_seed1.json,uniform,128,greedy,True,1,344064,6.000,True,4.01283,43192,899
results/raw/model/uniform_s128_greedy_single_seed1.json,uniform,128,greedy,True,1,358400,6.250,True,3.96498,42506,888
results/raw/model/uniform_s128_greedy_single_seed1.json,uniform,128,greedy,True,1,372736,6.500,True,3.99491,42935,895
results/raw/model/uniform_s128_greedy_single_seed1.json,uniform,128,greedy,True,1,387072,6.750,True,3.97796,42692,891
results/raw/model/uniform_s128_greedy_single_seed1.json,uniform,128,greedy,True,1,401408,7.000,True,4.00439,43071,897
results/raw/model/uniform_s128_greedy_single_seed1.json,uniform,128,greedy,True,1,415744,7.250,True,3.98703,42822,893
results/raw/model/uniform_s128_greedy_single_seed1.json,uniform,128,greedy,True,1,430080,7.500,True,3.98654,42815,893
results/raw/model/uniform_s128_greedy_single_seed1.json,uniform,128,greedy,True,1,444416,7.750,True,4.00844,43129,898
results/raw/model/uniform_s128_greedy_single_seed1.json,uniform,128,greedy,True,1,458752,8.000,True,3.95543,42369,886
results/raw/model/uniform_s128_greedy_single_seed1.json,uniform,128,greedy,True,1,473088,8.250,True,3.97391,42634,890
results/raw/model/uniform_s128_greedy_single_seed1.json,uniform,128,greedy,True,1,487424,8.500,True,3.9684,42555,889
results/raw/model/uniform_s128_greedy_single_seed1.json,uniform,128,greedy,True,1,501760,8.750,True,3.98172,42746,892
results/raw/model/uniform_s128_greedy_single_seed1.json,uniform,128,greedy,True,1,516096,9.000,True,3.96896,42563,889
results/raw/model/uniform_s128_greedy_single_seed1.json,uniform,128,greedy,True,1,530432,9.250,True,3.93792,42118,882
results/raw/model/uniform_s128_greedy_single_seed1.json,uniform,128,greedy,True,1,544768,9.500,True,3.98138,42741,892
results/raw/model/uniform_s128_greedy_single_seed1.json,uniform,128,greedy,True,1,559104,9.750,True,3.9511,42307,885
results/raw/model/uniform_s128_greedy_single_seed1.json,uniform,128,greedy,True,1,573440,10.000,True,3.99574,42947,895
results/raw/model/uniform_s128_greedy_single_seed1.json,uniform,128,greedy,True,1,587776,10.250,True,3.98221,42753,892
results/raw/model/uniform_s128_greedy_single_seed1.json,uniform,128,greedy,True,1,602112,10.500,True,3.98165,42745,892
results/raw/model/uniform_s128_greedy_single_seed1.json,uniform,128,greedy,True,1,616448,10.750,True,3.97803,42693,891
results/raw/model/uniform_s128_greedy_single_seed1.json,uniform,128,greedy,True,1,630784,11.000,True,3.96938,42569,889
results/raw/model/uniform_s128_greedy_single_seed1.json,uniform,128,greedy,True,1,645120,11.250,True,4.00837,43128,898
results/raw/model/uniform_s128_greedy_single_seed1.json,uniform,128,greedy,True,1,659456,11.500,True,3.97789,42691,891
results/raw/model/uniform_s128_greedy_single_seed1.json,uniform,128,greedy,True,1,673792,11.750,True,3.96373,42488,888
results/raw/model/uniform_s128_greedy_single_seed1.json,uniform,128,greedy,True,1,688128,12.000,True,3.94252,42184,883
results/raw/model/uniform_s128_greedy_single_seed2.json,uniform,128,greedy,True,2,14336,0.250,False,1.29985,21493,433
results/raw/model/uniform_s128_greedy_single_seed2.json,uniform,128,greedy,True,2,28672,0.500,False,3.99588,42949,895
results/raw/model/uniform_s128_greedy_single_seed2.json,uniform,128,greedy,True,2,43008,0.750,False,3.98221,42753,892
results/raw/model/uniform_s128_greedy_single_seed2.json,uniform,128,greedy,True,2,57344,1.000,False,3.99037,42870,894
results/raw/model/uniform_s128_greedy_single_seed2.json,uniform,128,greedy,True,2,71680,1.250,False,3.98703,42822,893
results/raw/model/uniform_s128_greedy_single_seed2.json,uniform,128,greedy,True,2,86016,1.500,False,4.00879,43134,898
results/raw/model/uniform_s128_greedy_single_seed2.json,uniform,128,greedy,True,2,100352,1.750,False,3.97747,42685,891
results/raw/model/uniform_s128_greedy_single_seed2.json,uniform,128,greedy,True,2,114688,2.000,False,3.96024,42438,887
results/raw/model/uniform_s128_greedy_single_seed2.json,uniform,128,greedy,True,2,129024,2.250,False,3.97775,42689,891
results/raw/model/uniform_s128_greedy_single_seed2.json,uniform,128,greedy,True,2,143360,2.500,False,3.97321,42624,890
results/raw/model/uniform_s128_greedy_single_seed2.json,uniform,128,greedy,True,2,157696,2.750,False,3.99135,42884,894
results/raw/model/uniform_s128_greedy_single_seed2.json,uniform,128,greedy,True,2,172032,3.000,False,4.0037,43061,897
results/raw/model/uniform_s128_greedy_single_seed2.json,uniform,128,greedy,True,2,186368,3.250,False,4.0143,43213,899
results/raw/model/uniform_s128_greedy_single_seed2.json,uniform,128,greedy,True,2,200704,3.500,False,3.9465,42241,884
results/raw/model/uniform_s128_greedy_single_seed2.json,uniform,128,greedy,True,2,215040,3.750,False,3.97217,42609,890
results/raw/model/uniform_s128_greedy_single_seed2.json,uniform,128,greedy,True,2,229376,4.000,False,3.95117,42308,885
results/raw/model/uniform_s128_greedy_single_seed2.json,uniform,128,greedy,True,2,243712,4.250,True,3.96917,42566,889
results/raw/model/uniform_s128_greedy_single_seed2.json,uniform,128,greedy,True,2,258048,4.500,True,3.97259,42615,890
results/raw/model/uniform_s128_greedy_single_seed2.json,uniform,128,greedy,True,2,272384,4.750,True,3.95585,42375,886
results/raw/model/uniform_s128_greedy_single_seed2.json,uniform,128,greedy,True,2,286720,5.000,True,3.96889,42562,889
results/raw/model/uniform_s128_greedy_single_seed2.json,uniform,128,greedy,True,2,301056,5.250,True,3.99581,42948,895
results/raw/model/uniform_s128_greedy_single_seed2.json,uniform,128,greedy,True,2,315392,5.500,True,3.97726,42682,891
results/raw/model/uniform_s128_greedy_single_seed2.json,uniform,128,greedy,True,2,329728,5.750,True,3.98221,42753,892
results/raw/model/uniform_s128_greedy_single_seed2.json,uniform,128,greedy,True,2,344064,6.000,True,3.96429,42496,888
results/raw/model/uniform_s128_greedy_single_seed2.json,uniform,128,greedy,True,2,358400,6.250,True,3.98689,42820,893
results/raw/model/uniform_s128_greedy_single_seed2.json,uniform,128,greedy,True,2,372736,6.500,True,3.97252,42614,890
results/raw/model/uniform_s128_greedy_single_seed2.json,uniform,128,greedy,True,2,387072,6.750,True,3.97314,42623,890
results/raw/model/uniform_s128_greedy_single_seed2.json,uniform,128,greedy,True,2,401408,7.000,True,4.00028,43012,896
results/raw/model/uniform_s128_greedy_single_seed2.json,uniform,128,greedy,True,2,415744,7.250,True,4.00928,43141,898
results/raw/model/uniform_s128_greedy_single_seed2.json,uniform,128,greedy,True,2,430080,7.500,True,3.95473,42359,886
results/raw/model/uniform_s128_greedy_single_seed2.json,uniform,128,greedy,True,2,444416,7.750,True,3.96924,42567,889
results/raw/model/uniform_s128_greedy_single_seed2.json,uniform,128,greedy,True,2,458752,8.000,True,3.96847,42556,889
results/raw/model/uniform_s128_greedy_single_seed2.json,uniform,128,greedy,True,2,473088,8.250,True,3.97803,42693,891
results/raw/model/uniform_s128_greedy_single_seed2.json,uniform,128,greedy,True,2,487424,8.500,True,3.98207,42751,892
results/raw/model/uniform_s128_greedy_single_seed2.json,uniform,128,greedy,True,2,501760,8.750,True,3.98619,42810,893
results/raw/model/uniform_s128_greedy_single_seed2.json,uniform,128,greedy,True,2,516096,9.000,True,3.9873,42826,893
results/raw/model/uniform_s128_greedy_single_seed2.json,uniform,128,greedy,True,2,530432,9.250,True,3.96819,42552,889
results/raw/model/uniform_s128_greedy_single_seed2.json,uniform,128,greedy,True,2,544768,9.500,True,3.94692,42247,884
results/raw/model/uniform_s128_greedy_single_seed2.json,uniform,128,greedy,True,2,559104,9.750,True,4.02204,43324,901
results/raw/model/uniform_s128_greedy_single_seed2.json,uniform,128,greedy,True,2,573440,10.000,True,3.99533,42941,895
results/raw/model/uniform_s128_greedy_single_seed2.json,uniform,128,greedy,True,2,587776,10.250,True,3.96847,42556,889
results/raw/model/uniform_s128_greedy_single_seed2.json,uniform,128,greedy,True,2,602112,10.500,True,3.95089,42304,885
results/raw/model/uniform_s128_greedy_single_seed2.json,uniform,128,greedy,True,2,616448,10.750,True,3.98312,42766,892
results/raw/model/uniform_s128_greedy_single_seed2.json,uniform,128,greedy,True,2,630784,11.000,True,4.00851,43130,898
results/raw/model/uniform_s128_greedy_single_seed2.json,uniform,128,greedy,True,2,645120,11.250,True,3.96833,42554,889
results/raw/model/uniform_s128_greedy_single_seed2.json,uniform,128,greedy,True,2,659456,11.500,True,4.00084,43020,896
results/raw/model/uniform_s128_greedy_single_seed2.json,uniform,128,greedy,True,2,673792,11.750,True,3.94182,42174,883
results/raw/model/uniform_s128_greedy_single_seed2.json,uniform,128,greedy,True,2,688128,12.000,True,3.96401,42492,888
results/raw/model/uniform_s128_greedy_single_seed3.json,uniform,128,greedy,True,3,14336,0.250,False,1.29901,21433,432
results/raw/model/uniform_s128_greedy_single_seed3.json,uniform,128,greedy,True,3,28672,0.500,False,3.99079,42876,894
results/raw/model/uniform_s128_greedy_single_seed3.json,uniform,128,greedy,True,3,43008,0.750,False,3.94685,42246,884
results/raw/model/uniform_s128_greedy_single_seed3.json,uniform,128,greedy,True,3,57344,1.000,False,4.00377,43062,897
results/raw/model/uniform_s128_greedy_single_seed3.json,uniform,128,greedy,True,3,71680,1.250,False,3.96959,42572,889
results/raw/model/uniform_s128_greedy_single_seed3.json,uniform,128,greedy,True,3,86016,1.500,False,3.97273,42617,890
results/raw/model/uniform_s128_greedy_single_seed3.json,uniform,128,greedy,True,3,100352,1.750,False,3.98696,42821,893
results/raw/model/uniform_s128_greedy_single_seed3.json,uniform,128,greedy,True,3,114688,2.000,False,3.97314,42623,890
results/raw/model/uniform_s128_greedy_single_seed3.json,uniform,128,greedy,True,3,129024,2.250,False,3.96889,42562,889
results/raw/model/uniform_s128_greedy_single_seed3.json,uniform,128,greedy,True,3,143360,2.500,False,4.009,43137,898
results/raw/model/uniform_s128_greedy_single_seed3.json,uniform,128,greedy,True,3,157696,2.750,False,4.01318,43197,899
results/raw/model/uniform_s128_greedy_single_seed3.json,uniform,128,greedy,True,3,172032,3.000,False,3.98682,42819,893
results/raw/model/uniform_s128_greedy_single_seed3.json,uniform,128,greedy,True,3,186368,3.250,False,3.98235,42755,892
results/raw/model/uniform_s128_greedy_single_seed3.json,uniform,128,greedy,True,3,200704,3.500,False,3.99003,42865,894
results/raw/model/uniform_s128_greedy_single_seed3.json,uniform,128,greedy,True,3,215040,3.750,False,3.96066,42444,887
results/raw/model/uniform_s128_greedy_single_seed3.json,uniform,128,greedy,True,3,229376,4.000,False,3.99051,42872,894
results/raw/model/uniform_s128_greedy_single_seed3.json,uniform,128,greedy,True,3,243712,4.250,True,3.97775,42689,891
results/raw/model/uniform_s128_greedy_single_seed3.json,uniform,128,greedy,True,3,258048,4.500,True,3.97356,42629,890
results/raw/model/uniform_s128_greedy_single_seed3.json,uniform,128,greedy,True,3,272384,4.750,True,3.97259,42615,890
results/raw/model/uniform_s128_greedy_single_seed3.json,uniform,128,greedy,True,3,286720,5.000,True,3.98675,42818,893
results/raw/model/uniform_s128_greedy_single_seed3.json,uniform,128,greedy,True,3,301056,5.250,True,3.99979,43005,896
results/raw/model/uniform_s128_greedy_single_seed3.json,uniform,128,greedy,True,3,315392,5.500,True,3.98277,42761,892
results/raw/model/uniform_s128_greedy_single_seed3.json,uniform,128,greedy,True,3,329728,5.750,True,3.9954,42942,895
results/raw/model/uniform_s128_greedy_single_seed3.json,uniform,128,greedy,True,3,344064,6.000,True,3.98193,42749,892
results/raw/model/uniform_s128_greedy_single_seed3.json,uniform,128,greedy,True,3,358400,6.250,True,3.97349,42628,890
results/raw/model/uniform_s128_greedy_single_seed3.json,uniform,128,greedy,True,3,372736,6.500,True,3.98682,42819,893
results/raw/model/uniform_s128_greedy_single_seed3.json,uniform,128,greedy,True,3,387072,6.750,True,3.98221,42753,892
results/raw/model/uniform_s128_greedy_single_seed3.json,uniform,128,greedy,True,3,401408,7.000,True,4.00893,43136,898
results/raw/model/uniform_s128_greedy_single_seed3.json,uniform,128,greedy,True,3,415744,7.250,True,4.01772,43262,900
results/raw/model/uniform_s128_greedy_single_seed3.json,uniform,128,greedy,True,3,430080,7.500,True,4.00921,43140,898
results/raw/model/uniform_s128_greedy_single_seed3.json,uniform,128,greedy,True,3,444416,7.750,True,4.01758,43260,900
results/raw/model/uniform_s128_greedy_single_seed3.json,uniform,128,greedy,True,3,458752,8.000,True,4.00453,43073,897
results/raw/model/uniform_s128_greedy_single_seed3.json,uniform,128,greedy,True,3,473088,8.250,True,3.97252,42614,890
results/raw/model/uniform_s128_greedy_single_seed3.json,uniform,128,greedy,True,3,487424,8.500,True,3.99177,42890,894
results/raw/model/uniform_s128_greedy_single_seed3.json,uniform,128,greedy,True,3,501760,8.750,True,3.96875,42560,889
results/raw/model/uniform_s128_greedy_single_seed3.json,uniform,128,greedy,True,3,516096,9.000,True,3.95027,42295,885
results/raw/model/uniform_s128_greedy_single_seed3.json,uniform,128,greedy,True,3,530432,9.250,True,3.98214,42752,892
results/raw/model/uniform_s128_greedy_single_seed3.json,uniform,128,greedy,True,3,544768,9.500,True,3.96875,42560,889
results/raw/model/uniform_s128_greedy_single_seed3.json,uniform,128,greedy,True,3,559104,9.750,True,3.98256,42758,892
results/raw/model/uniform_s128_greedy_single_seed3.json,uniform,128,greedy,True,3,573440,10.000,True,3.98682,42819,893
results/raw/model/uniform_s128_greedy_single_seed3.json,uniform,128,greedy,True,3,587776,10.250,True,3.97307,42622,890
results/raw/model/uniform_s128_greedy_single_seed3.json,uniform,128,greedy,True,3,602112,10.500,True,3.98172,42746,892
results/raw/model/uniform_s128_greedy_single_seed3.json,uniform,128,greedy,True,3,616448,10.750,True,3.98249,42757,892
results/raw/model/uniform_s128_greedy_single_seed3.json,uniform,128,greedy,True,3,630784,11.000,True,3.99135,42884,894
results/raw/model/uniform_s128_greedy_single_seed3.json,uniform,128,greedy,True,3,645120,11.250,True,3.97719,42681,891
results/raw/model/uniform_s128_greedy_single_seed3.json,uniform,128,greedy,True,3,659456,11.500,True,3.97328,42625,890
results/raw/model/uniform_s128_greedy_single_seed3.json,uniform,128,greedy,True,3,673792,11.750,True,3.97796,42692,891
results/raw/model/uniform_s128_greedy_single_seed3.json,uniform,128,greedy,True,3,688128,12.000,True,3.98145,42742,892
results/raw/model/uniform_s224_fifo_single_seed1.json,uniform,224,fifo,True,1,12800,0.250,False,1.0,0,0
results/raw/model/uniform_s224_fifo_single_seed1.json,uniform,224,fifo,True,1,25600,0.500,False,2.89453,24250,556
results/raw/model/uniform_s224_fifo_single_seed1.json,uniform,224,fifo,True,1,38400,0.750,False,2.33484,17086,467
results/raw/model/uniform_s224_fifo_single_seed1.json,uniform,224,fifo,True,1,51200,1.000,False,2.54906,19828,510
results/raw/model/uniform_s224_fifo_single_seed1.json,uniform,224,fifo,True,1,64000,1.250,False,2.48531,19012,497
results/raw/model/uniform_s224_fifo_single_seed1.json,uniform,224,fifo,True,1,76800,1.500,False,2.4893,19063,498
results/raw/model/uniform_s224_fifo_single_seed1.json,uniform,224,fifo,True,1,89600,1.750,False,2.47688,18904,495
results/raw/model/uniform_s224_fifo_single_seed1.json,uniform,224,fifo,True,1,102400,2.000,False,2.48469,19004,497
results/raw/model/uniform_s224_fifo_single_seed1.json,uniform,224,fifo,True,1,115200,2.250,False,2.50375,19248,501
results/raw/model/uniform_s224_fifo_single_seed1.json,uniform,224,fifo,True,1,128000,2.500,False,2.49602,19149,499
results/raw/model/uniform_s224_fifo_single_seed1.json,uniform,224,fifo,True,1,140800,2.750,False,2.49445,19129,499
results/raw/model/uniform_s224_fifo_single_seed1.json,uniform,224,fifo,True,1,153600,3.000,False,2.48969,19068,498
results/raw/model/uniform_s224_fifo_single_seed1.json,uniform,224,fifo,True,1,166400,3.250,False,2.48547,19014,497
results/raw/model/uniform_s224_fifo_single_seed1.json,uniform,224,fifo,True,1,179200,3.500,False,2.505,19264,501
results/raw/model/uniform_s224_fifo_single_seed1.json,uniform,224,fifo,True,1,192000,3.750,False,2.48992,19071,498
results/raw/model/uniform_s224_fifo_single_seed1.json,uniform,224,fifo,True,1,204800,4.000,False,2.46539,18757,493
results/raw/model/uniform_s224_fifo_single_seed1.json,uniform,224,fifo,True,1,217600,4.250,True,2.47867,18927,496
results/raw/model/uniform_s224_fifo_single_seed1.json,uniform,224,fifo,True,1,230400,4.500,True,2.48641,19026,497
results/raw/model/uniform_s224_fifo_single_seed1.json,uniform,224,fifo,True,1,243200,4.750,True,2.49883,19185,500
results/raw/model/uniform_s224_fifo_single_seed1.json,uniform,224,fifo,True,1,256000,5.000,True,2.49063,19080,498
results/raw/model/uniform_s224_fifo_single_seed1.json,uniform,224,fifo,True,1,268800,5.250,True,2.48117,18959,496
results/raw/model/uniform_s224_fifo_single_seed1.json,uniform,224,fifo,True,1,281600,5.500,True,2.50773,19299,502
results/raw/model/uniform_s224_fifo_single_seed1.json,uniform,224,fifo,True,1,294400,5.750,True,2.4918,19095,498
results/raw/model/uniform_s224_fifo_single_seed1.json,uniform,224,fifo,True,1,307200,6.000,True,2.47852,18925,496
results/raw/model/uniform_s224_fifo_single_seed1.json,uniform,224,fifo,True,1,320000,6.250,True,2.48039,18949,496
results/raw/model/uniform_s224_fifo_single_seed1.json,uniform,224,fifo,True,1,332800,6.500,True,2.49016,19074,498
results/raw/model/uniform_s224_fifo_single_seed1.json,uniform,224,fifo,True,1,345600,6.750,True,2.49477,19133,499
results/raw/model/uniform_s224_fifo_single_seed1.json,uniform,224,fifo,True,1,358400,7.000,True,2.48055,18951,496
results/raw/model/uniform_s224_fifo_single_seed1.json,uniform,224,fifo,True,1,371200,7.250,True,2.49055,19079,498
results/raw/model/uniform_s224_fifo_single_seed1.json,uniform,224,fifo,True,1,384000,7.500,True,2.495,19136,499
results/raw/model/uniform_s224_fifo_single_seed1.json,uniform,224,fifo,True,1,396800,7.750,True,2.49406,19124,499
results/raw/model/uniform_s224_fifo_single_seed1.json,uniform,224,fifo,True,1,409600,8.000,True,2.4993,19191,500
results/raw/model/uniform_s224_fifo_single_seed1.json,uniform,224,fifo,True,1,422400,8.250,True,2.48055,18951,496
results/raw/model/uniform_s224_fifo_single_seed1.json,uniform,224,fifo,True,1,435200,8.500,True,2.46016,18690,492
results/raw/model/uniform_s224_fifo_single_seed1.json,uniform,224,fifo,True,1,448000,8.750,True,2.51094,19340,502
results/raw/model/uniform_s224_fifo_single_seed1.json,uniform,224,fifo,True,1,460800,9.000,True,2.48406,18996,497
results/raw/model/uniform_s224_fifo_single_seed1.json,uniform,224,fifo,True,1,473600,9.250,True,2.50492,19263,501
results/raw/model/uniform_s224_fifo_single_seed1.json,uniform,224,fifo,True,1,486400,9.500,True,2.49031,19076,498
results/raw/model/uniform_s224_fifo_single_seed1.json,uniform,224,fifo,True,1,499200,9.750,True,2.49961,19195,500
results/raw/model/uniform_s224_fifo_single_seed1.json,uniform,224,fifo,True,1,512000,10.000,True,2.49156,19092,498
results/raw/model/uniform_s224_fifo_single_seed1.json,uniform,224,fifo,True,1,524800,10.250,True,2.47328,18858,495
results/raw/model/uniform_s224_fifo_single_seed1.json,uniform,224,fifo,True,1,537600,10.500,True,2.49094,19084,498
results/raw/model/uniform_s224_fifo_single_seed1.json,uniform,224,fifo,True,1,550400,10.750,True,2.48945,19065,498
results/raw/model/uniform_s224_fifo_single_seed1.json,uniform,224,fifo,True,1,563200,11.000,True,2.49,19072,498
results/raw/model/uniform_s224_fifo_single_seed1.json,uniform,224,fifo,True,1,576000,11.250,True,2.50945,19321,502
results/raw/model/uniform_s224_fifo_single_seed1.json,uniform,224,fifo,True,1,588800,11.500,True,2.50516,19266,501
results/raw/model/uniform_s224_fifo_single_seed1.json,uniform,224,fifo,True,1,601600,11.750,True,2.48109,18958,496
results/raw/model/uniform_s224_fifo_single_seed1.json,uniform,224,fifo,True,1,614400,12.000,True,2.48383,18993,497
results/raw/model/uniform_s224_fifo_single_seed2.json,uniform,224,fifo,True,2,12800,0.250,False,1.0,0,0
results/raw/model/uniform_s224_fifo_single_seed2.json,uniform,224,fifo,True,2,25600,0.500,False,2.9193,24567,561
results/raw/model/uniform_s224_fifo_single_seed2.json,uniform,224,fifo,True,2,38400,0.750,False,2.36492,17471,473
results/raw/model/uniform_s224_fifo_single_seed2.json,uniform,224,fifo,True,2,51200,1.000,False,2.5157,19401,503
results/raw/model/uniform_s224_fifo_single_seed2.json,uniform,224,fifo,True,2,64000,1.250,False,2.47438,18872,495
results/raw/model/uniform_s224_fifo_single_seed2.json,uniform,224,fifo,True,2,76800,1.500,False,2.50008,19201,500
results/raw/model/uniform_s224_fifo_single_seed2.json,uniform,224,fifo,True,2,89600,1.750,False,2.47414,18869,495
results/raw/model/uniform_s224_fifo_single_seed2.json,uniform,224,fifo,True,2,102400,2.000,False,2.50625,19280,501
results/raw/model/uniform_s224_fifo_single_seed2.json,uniform,224,fifo,True,2,115200,2.250,False,2.50445,19257,501
results/raw/model/uniform_s224_fifo_single_seed2.json,uniform,224,fifo,True,2,128000,2.500,False,2.46984,18814,494
results/raw/model/uniform_s224_fifo_single_seed2.json,uniform,224,fifo,True,2,140800,2.750,False,2.50523,19267,501
results/raw/model/uniform_s224_fifo_single_seed2.json,uniform,224,fifo,True,2,153600,3.000,False,2.48516,19010,497
results/raw/model/uniform_s224_fifo_single_seed2.json,uniform,224,fifo,True,2,166400,3.250,False,2.47383,18865,495
results/raw/model/uniform_s224_fifo_single_seed2.json,uniform,224,fifo,True,2,179200,3.500,False,2.48555,19015,497
results/raw/model/uniform_s224_fifo_single_seed2.json,uniform,224,fifo,True,2,192000,3.750,False,2.49477,19133,499
results/raw/model/uniform_s224_fifo_single_seed2.json,uniform,224,fifo,True,2,204800,4.000,False,2.48516,19010,497
results/raw/model/uniform_s224_fifo_single_seed2.json,uniform,224,fifo,True,2,217600,4.250,True,2.46484,18750,493
results/raw/model/uniform_s224_fifo_single_seed2.json,uniform,224,fifo,True,2,230400,4.500,True,2.52469,19516,505
results/raw/model/uniform_s224_fifo_single_seed2.json,uniform,224,fifo,True,2,243200,4.750,True,2.47672,18902,495
results/raw/model/uniform_s224_fifo_single_seed2.json,uniform,224,fifo,True,2,256000,5.000,True,2.49984,19198,500
results/raw/model/uniform_s224_fifo_single_seed2.json,uniform,224,fifo,True,2,268800,5.250,True,2.49953,19194,500
results/raw/model/uniform_s224_fifo_single_seed2.json,uniform,224,fifo,True,2,281600,5.500,True,2.46539,18757,493
results/raw/model/uniform_s224_fifo_single_seed2.json,uniform,224,fifo,True,2,294400,5.750,True,2.48906,19060,498
results/raw/model/uniform_s224_fifo_single_seed2.json,uniform,224,fifo,True,2,307200,6.000,True,2.48547,19014,497
results/raw/model/uniform_s224_fifo_single_seed2.json,uniform,224,fifo,True,2,320000,6.250,True,2.48,18944,496
results/raw/model/uniform_s224_fifo_single_seed2.json,uniform,224,fifo,True,2,332800,6.500,True,2.49398,19123,499
results/raw/model/uniform_s224_fifo_single_seed2.json,uniform,224,fifo,True,2,345600,6.750,True,2.49523,19139,499
results/raw/model/uniform_s224_fifo_single_seed2.json,uniform,224,fifo,True,2,358400,7.000,True,2.46594,18764,493
results/raw/model/uniform_s224_fifo_single_seed2.json,uniform,224,fifo,True,2,371200,7.250,True,2.505,19264,501
results/raw/model/uniform_s224_fifo_single_seed2.json,uniform,224,fifo,True,2,384000,7.500,True,2.48047,18950,496
results/raw/model/uniform_s224_fifo_single_seed2.json,uniform,224,fifo,True,2,396800,7.750,True,2.51437,19384,503
results/raw/model/uniform_s224_fifo_single_seed2.json,uniform,224,fifo,True,2,409600,8.000,True,2.49531,19140,499
results/raw/model/uniform_s224_fifo_single_seed2.json,uniform,224,fifo,True,2,422400,8.250,True,2.49406,19124,499
results/raw/model/uniform_s224_fifo_single_seed2.json,uniform,224,fifo,True,2,435200,8.500,True,2.50937,19320,502
results/raw/model/uniform_s224_fifo_single_seed2.json,uniform,224,fifo,True,2,448000,8.750,True,2.4857,19017,497
results/raw/model/uniform_s224_fifo_single_seed2.json,uniform,224,fifo,True,2,460800,9.000,True,2.48055,18951,496
results/raw/model/uniform_s224_fifo_single_seed2.json,uniform,224,fifo,True,2,473600,9.250,True,2.49023,19075,498
results/raw/model/uniform_s224_fifo_single_seed2.json,uniform,224,fifo,True,2,486400,9.500,True,2.49484,19134,499
results/raw/model/uniform_s224_fifo_single_seed2.json,uniform,224,fifo,True,2,499200,9.750,True,2.49961,19195,500
results/raw/model/uniform_s224_fifo_single_seed2.json,uniform,224,fifo,True,2,512000,10.000,True,2.47102,18829,494
results/raw/model/uniform_s224_fifo_single_seed2.json,uniform,224,fifo,True,2,524800,10.250,True,2.47477,18877,495
results/raw/model/uniform_s224_fifo_single_seed2.json,uniform,224,fifo,True,2,537600,10.500,True,2.49,19072,498
results/raw/model/uniform_s224_fifo_single_seed2.json,uniform,224,fifo,True,2,550400,10.750,True,2.47836,18923,496
results/raw/model/uniform_s224_fifo_single_seed2.json,uniform,224,fifo,True,2,563200,11.000,True,2.49523,19139,499
results/raw/model/uniform_s224_fifo_single_seed2.json,uniform,224,fifo,True,2,576000,11.250,True,2.50602,19277,501
results/raw/model/uniform_s224_fifo_single_seed2.json,uniform,224,fifo,True,2,588800,11.500,True,2.49461,19131,499
results/raw/model/uniform_s224_fifo_single_seed2.json,uniform,224,fifo,True,2,601600,11.750,True,2.50062,19208,500
results/raw/model/uniform_s224_fifo_single_seed2.json,uniform,224,fifo,True,2,614400,12.000,True,2.46398,18739,493
results/raw/model/uniform_s224_fifo_single_seed3.json,uniform,224,fifo,True,3,12800,0.250,False,1.0,0,0
results/raw/model/uniform_s224_fifo_single_seed3.json,uniform,224,fifo,True,3,25600,0.500,False,2.95297,24998,568
results/raw/model/uniform_s224_fifo_single_seed3.json,uniform,224,fifo,True,3,38400,0.750,False,2.3307,17033,466
results/raw/model/uniform_s224_fifo_single_seed3.json,uniform,224,fifo,True,3,51200,1.000,False,2.54609,19790,509
results/raw/model/uniform_s224_fifo_single_seed3.json,uniform,224,fifo,True,3,64000,1.250,False,2.46789,18789,494
results/raw/model/uniform_s224_fifo_single_seed3.json,uniform,224,fifo,True,3,76800,1.500,False,2.52125,19472,504
results/raw/model/uniform_s224_fifo_single_seed3.json,uniform,224,fifo,True,3,89600,1.750,False,2.47602,18893,495
results/raw/model/uniform_s224_fifo_single_seed3.json,uniform,224,fifo,True,3,102400,2.000,False,2.46984,18814,494
results/raw/model/uniform_s224_fifo_single_seed3.json,uniform,224,fifo,True,3,115200,2.250,False,2.49523,19139,499
results/raw/model/uniform_s224_fifo_single_seed3.json,uniform,224,fifo,True,3,128000,2.500,False,2.48438,19000,497
results/raw/model/uniform_s224_fifo_single_seed3.json,uniform,224,fifo,True,3,140800,2.750,False,2.49344,19116,499
results/raw/model/uniform_s224_fifo_single_seed3.json,uniform,224,fifo,True,3,153600,3.000,False,2.48617,19023,497
results/raw/model/uniform_s224_fifo_single_seed3.json,uniform,224,fifo,True,3,166400,3.250,False,2.48852,19053,498
results/raw/model/uniform_s224_fifo_single_seed3.json,uniform,224,fifo,True,3,179200,3.500,False,2.49187,19096,498
results/raw/model/uniform_s224_fifo_single_seed3.json,uniform,224,fifo,True,3,192000,3.750,False,2.49406,19124,499
results/raw/model/uniform_s224_fifo_single_seed3.json,uniform,224,fifo,True,3,204800,4.000,False,2.48062,18952,496
results/raw/model/uniform_s224_fifo_single_seed3.json,uniform,224,fifo,True,3,217600,4.250,True,2.50047,19206,500
results/raw/model/uniform_s224_fifo_single_seed3.json,uniform,224,fifo,True,3,230400,4.500,True,2.48477,19005,497
results/raw/model/uniform_s224_fifo_single_seed3.json,uniform,224,fifo,True,3,243200,4.750,True,2.48898,19059,498
results/raw/model/uniform_s224_fifo_single_seed3.json,uniform,224,fifo,True,3,256000,5.000,True,2.50633,19281,501
results/raw/model/uniform_s224_fifo_single_seed3.json,uniform,224,fifo,True,3,268800,5.250,True,2.49969,19196,500
results/raw/model/uniform_s224_fifo_single_seed3.json,uniform,224,fifo,True,3,281600,5.500,True,2.48016,18946,496
results/raw/model/uniform_s224_fifo_single_seed3.json,uniform,224,fifo,True,3,294400,5.750,True,2.48383,18993,497
results/raw/model/uniform_s224_fifo_single_seed3.json,uniform,224,fifo,True,3,307200,6.000,True,2.49117,19087,498
results/raw/model/uniform_s224_fifo_single_seed3.json,uniform,224,fifo,True,3,320000,6.250,True,2.49531,19140,499
results/raw/model/uniform_s224_fifo_single_seed3.json,uniform,224,fifo,True,3,332800,6.500,True,2.485,19008,497
results/raw/model/uniform_s224_fifo_single_seed3.json,uniform,224,fifo,True,3,345600,6.750,True,2.49867,19183,500
results/raw/model/uniform_s224_fifo_single_seed3.json,uniform,224,fifo,True,3,358400,7.000,True,2.505,19264,501
results/raw/model/uniform_s224_fifo_single_seed3.json,uniform,224,fifo,True,3,371200,7.250,True,2.49109,19086,498
results/raw/model/uniform_s224_fifo_single_seed3.json,uniform,224,fifo,True,3,384000,7.500,True,2.49547,19142,499
results/raw/model/uniform_s224_fifo_single_seed3.json,uniform,224,fifo,True,3,396800,7.750,True,2.4982,19177,500
results/raw/model/uniform_s224_fifo_single_seed3.json,uniform,224,fifo,True,3,409600,8.000,True,2.47594,18892,495
results/raw/model/uniform_s224_fifo_single_seed3.json,uniform,224,fifo,True,3,422400,8.250,True,2.52547,19526,505
results/raw/model/uniform_s224_fifo_single_seed3.json,uniform,224,fifo,True,3,435200,8.500,True,2.50445,19257,501
results/raw/model/uniform_s224_fifo_single_seed3.json,uniform,224,fifo,True,3,448000,8.750,True,2.47,18816,494
results/raw/model/uniform_s224_fifo_single_seed3.json,uniform,224,fifo,True,3,460800,9.000,True,2.45586,18635,491
results/raw/model/uniform_s224_fifo_single_seed3.json,uniform,224,fifo,True,3,473600,9.250,True,2.50914,19317,502
results/raw/model/uniform_s224_fifo_single_seed3.json,uniform,224,fifo,True,3,486400,9.500,True,2.49023,19075,498
results/raw/model/uniform_s224_fifo_single_seed3.json,uniform,224,fifo,True,3,499200,9.750,True,2.4657,18761,493
results/raw/model/uniform_s224_fifo_single_seed3.json,uniform,224,fifo,True,3,512000,10.000,True,2.48844,19052,498
results/raw/model/uniform_s224_fifo_single_seed3.json,uniform,224,fifo,True,3,524800,10.250,True,2.50055,19207,500
results/raw/model/uniform_s224_fifo_single_seed3.json,uniform,224,fifo,True,3,537600,10.500,True,2.49477,19133,499
results/raw/model/uniform_s224_fifo_single_seed3.json,uniform,224,fifo,True,3,550400,10.750,True,2.51961,19451,504
results/raw/model/uniform_s224_fifo_single_seed3.json,uniform,224,fifo,True,3,563200,11.000,True,2.48055,18951,496
results/raw/model/uniform_s224_fifo_single_seed3.json,uniform,224,fifo,True,3,576000,11.250,True,2.48477,19005,497
results/raw/model/uniform_s224_fifo_single_seed3.json,uniform,224,fifo,True,3,588800,11.500,True,2.4807,18953,496
results/raw/model/uniform_s224_fifo_single_seed3.json,uniform,224,fifo,True,3,601600,11.750,True,2.50375,19248,501
results/raw/model/uniform_s224_fifo_single_seed3.json,uniform,224,fifo,True,3,614400,12.000,True,2.47023,18819,494
results/raw/model/uniform_s224_greedy_single_seed1.json,uniform,224,greedy,True,1,12800,0.250,False,1.0,0,0
results/raw/model/uniform_s224_greedy_single_seed1.json,uniform,224,greedy,True,1,25600,0.500,False,2.50461,19259,478
results/raw/model/uniform_s224_greedy_single_seed1.json,uniform,224,greedy,True,1,38400,0.750,False,2.39516,17858,479
results/raw/model/uniform_s224_greedy_single_seed1.json,uniform,224,greedy,True,1,51200,1.000,False,2.41352,18093,483
results/raw/model/uniform_s224_greedy_single_seed1.json,uniform,224,greedy,True,1,64000,1.250,False,2.41578,18122,483
results/raw/model/uniform_s224_greedy_single_seed1.json,uniform,224,greedy,True,1,76800,1.500,False,2.42422,18230,485
results/raw/model/uniform_s224_greedy_single_seed1.json,uniform,224,greedy,True,1,89600,1.750,False,2.40555,17991,481
results/raw/model/uniform_s224_greedy_single_seed1.json,uniform,224,greedy,True,1,102400,2.000,False,2.42008,18177,484
results/raw/model/uniform_s224_greedy_single_seed1.json,uniform,224,greedy,True,1,115200,2.250,False,2.42039,18181,484
results/raw/model/uniform_s224_greedy_single_seed1.json,uniform,224,greedy,True,1,128000,2.500,False,2.39922,17910,480
results/raw/model/uniform_s224_greedy_single_seed1.json,uniform,224,greedy,True,1,140800,2.750,False,2.41109,18062,482
results/raw/model/uniform_s224_greedy_single_seed1.json,uniform,224,greedy,True,1,153600,3.000,False,2.41898,18163,484
results/raw/model/uniform_s224_greedy_single_seed1.json,uniform,224,greedy,True,1,166400,3.250,False,2.41562,18120,483
results/raw/model/uniform_s224_greedy_single_seed1.json,uniform,224,greedy,True,1,179200,3.500,False,2.42469,18236,485
results/raw/model/uniform_s224_greedy_single_seed1.json,uniform,224,greedy,True,1,192000,3.750,False,2.40578,17994,481
results/raw/model/uniform_s224_greedy_single_seed1.json,uniform,224,greedy,True,1,204800,4.000,False,2.40445,17977,481
results/raw/model/uniform_s224_greedy_single_seed1.json,uniform,224,greedy,True,1,217600,4.250,True,2.40547,17990,481
results/raw/model/uniform_s224_greedy_single_seed1.json,uniform,224,greedy,True,1,230400,4.500,True,2.43484,18366,487
results/raw/model/uniform_s224_greedy_single_seed1.json,uniform,224,greedy,True,1,243200,4.750,True,2.40391,17970,481
results/raw/model/uniform_s224_greedy_single_seed1.json,uniform,224,greedy,True,1,256000,5.000,True,2.42102,18189,484
results/raw/model/uniform_s224_greedy_single_seed1.json,uniform,224,greedy,True,1,268800,5.250,True,2.40969,18044,482
results/raw/model/uniform_s224_greedy_single_seed1.json,uniform,224,greedy,True,1,281600,5.500,True,2.41547,18118,483
results/raw/model/uniform_s224_greedy_single_seed1.json,uniform,224,greedy,True,1,294400,5.750,True,2.40031,17924,480
results/raw/model/uniform_s224_greedy_single_seed1.json,uniform,224,greedy,True,1,307200,6.000,True,2.41461,18107,483
results/raw/model/uniform_s224_greedy_single_seed1.json,uniform,224,greedy,True,1,320000,6.250,True,2.39516,17858,479
results/raw/model/uniform_s224_greedy_single_seed1.json,uniform,224,greedy,True,1,332800,6.500,True,2.40008,17921,480
results/raw/model/uniform_s224_greedy_single_seed1.json,uniform,224,greedy,True,1,345600,6.750,True,2.40953,18042,482
results/raw/model/uniform_s224_greedy_single_seed1.json,uniform,224,greedy,True,1,358400,7.000,True,2.42578,18250,485
results/raw/model/uniform_s224_greedy_single_seed1.json,uniform,224,greedy,True,1,371200,7.250,True,2.41445,18105,483
results/raw/model/uniform_s224_greedy_single_seed1.json,uniform,224,greedy,True,1,384000,7.500,True,2.41484,18110,483
results/raw/model/uniform_s224_greedy_single_seed1.json,uniform,224,greedy,True,1,396800,7.750,True,2.43039,18309,486
results/raw/model/uniform_s224_greedy_single_seed1.json,uniform,224,greedy,True,1,409600,8.000,True,2.40992,18047,482
results/raw/model/uniform_s224_greedy_single_seed1.json,uniform,224,greedy,True,1,422400,8.250,True,2.40852,18029,482
results/raw/model/uniform_s224_greedy_single_seed1.json,uniform,224,greedy,True,1,435200,8.500,True,2.41055,18055,482
results/raw/model/uniform_s224_greedy_single_seed1.json,uniform,224,greedy,True,1,448000,8.750,True,2.40523,17987,481
results/raw/model/uniform_s224_greedy_single_seed1.json,uniform,224,greedy,True,1,460800,9.000,True,2.41594,18124,483
results/raw/model/uniform_s224_greedy_single_seed1.json,uniform,224,greedy,True,1,473600,9.250,True,2.42414,18229,485
results/raw/model/uniform_s224_greedy_single_seed1.json,uniform,224,greedy,True,1,486400,9.500,True,2.40508,17985,481
results/raw/model/uniform_s224_greedy_single_seed1.json,uniform,224,greedy,True,1,499200,9.750,True,2.41477,18109,483
results/raw/model/uniform_s224_greedy_single_seed1.json,uniform,224,greedy,True,1,512000,10.000,True,2.41938,18168,484
results/raw/model/uniform_s224_greedy_single_seed1.json,uniform,224,greedy,True,1,524800,10.250,True,2.41672,18134,483
results/raw/model/uniform_s224_greedy_single_seed1.json,uniform,224,greedy,True,1,537600,10.500,True,2.42461,18235,485
results/raw/model/uniform_s224_greedy_single_seed1.json,uniform,224,greedy,True,1,550400,10.750,True,2.40508,17985,481
results/raw/model/uniform_s224_greedy_single_seed1.json,uniform,224,greedy,True,1,563200,11.000,True,2.40953,18042,482
results/raw/model/uniform_s224_greedy_single_seed1.json,uniform,224,greedy,True,1,576000,11.250,True,2.43453,18362,487
results/raw/model/uniform_s224_greedy_single_seed1.json,uniform,224,greedy,True,1,588800,11.500,True,2.42445,18233,485
results/raw/model/uniform_s224_greedy_single_seed1.json,uniform,224,greedy,True,1,601600,11.750,True,2.41156,18068,482
results/raw/model/uniform_s224_greedy_single_seed1.json,uniform,224,greedy,True,1,614400,12.000,True,2.39844,17900,480
results/raw/model/uniform_s224_greedy_single_seed2.json,uniform,224,greedy,True,2,12800,0.250,False,1.0,0,0
results/raw/model/uniform_s224_greedy_single_seed2.json,uniform,224,greedy,True,2,25600,0.500,False,2.50836,19307,479
results/raw/model/uniform_s224_greedy_single_seed2.json,uniform,224,greedy,True,2,38400,0.750,False,2.38,17664,476
results/raw/model/uniform_s224_greedy_single_seed2.json,uniform,224,greedy,True,2,51200,1.000,False,2.41547,18118,483
results/raw/model/uniform_s224_greedy_single_seed2.json,uniform,224,greedy,True,2,64000,1.250,False,2.40977,18045,482
results/raw/model/uniform_s224_greedy_single_seed2.json,uniform,224,greedy,True,2,76800,1.500,False,2.41039,18053,482
results/raw/model/uniform_s224_greedy_single_seed2.json,uniform,224,greedy,True,2,89600,1.750,False,2.41078,18058,482
results/raw/model/uniform_s224_greedy_single_seed2.json,uniform,224,greedy,True,2,102400,2.000,False,2.42937,18296,486
results/raw/model/uniform_s224_greedy_single_seed2.json,uniform,224,greedy,True,2,115200,2.250,False,2.41398,18099,483
results/raw/model/uniform_s224_greedy_single_seed2.json,uniform,224,greedy,True,2,128000,2.500,False,2.39547,17862,479
results/raw/model/uniform_s224_greedy_single_seed2.json,uniform,224,greedy,True,2,140800,2.750,False,2.40516,17986,481
results/raw/model/uniform_s224_greedy_single_seed2.json,uniform,224,greedy,True,2,153600,3.000,False,2.41438,18104,483
results/raw/model/uniform_s224_greedy_single_seed2.json,uniform,224,greedy,True,2,166400,3.250,False,2.41156,18068,482
results/raw/model/uniform_s224_greedy_single_seed2.json,uniform,224,greedy,True,2,179200,3.500,False,2.39484,17854,479
results/raw/model/uniform_s224_greedy_single_seed2.json,uniform,224,greedy,True,2,192000,3.750,False,2.41453,18106,483
results/raw/model/uniform_s224_greedy_single_seed2.json,uniform,224,greedy,True,2,204800,4.000,False,2.40937,18040,482
results/raw/model/uniform_s224_greedy_single_seed2.json,uniform,224,greedy,True,2,217600,4.250,True,2.41102,18061,482
results/raw/model/uniform_s224_greedy_single_seed2.json,uniform,224,greedy,True,2,230400,4.500,True,2.41398,18099,483
results/raw/model/uniform_s224_greedy_single_seed2.json,uniform,224,greedy,True,2,243200,4.750,True,2.40633,18001,481
results/raw/model/uniform_s224_greedy_single_seed2.json,uniform,224,greedy,True,2,256000,5.000,True,2.42875,18288,486
results/raw/model/uniform_s224_greedy_single_seed2.json,uniform,224,greedy,True,2,268800,5.250,True,2.43609,18382,487
results/raw/model/uniform_s224_greedy_single_seed2.json,uniform,224,greedy,True,2,281600,5.500,True,2.40023,17923,480
results/raw/model/uniform_s224_greedy_single_seed2.json,uniform,224,greedy,True,2,294400,5.750,True,2.39953,17914,480
results/raw/model/uniform_s224_greedy_single_seed2.json,uniform,224,greedy,True,2,307200,6.000,True,2.42437,18232,485
results/raw/model/uniform_s224_greedy_single_seed2.json,uniform,224,greedy,True,2,320000,6.250,True,2.42937,18296,486
results/raw/model/uniform_s224_greedy_single_seed2.json,uniform,224,greedy,True,2,332800,6.500,True,2.40539,17989,481
results/raw/model/uniform_s224_greedy_single_seed2.json,uniform,224,greedy,True,2,345600,6.750,True,2.42648,18259,485
results/raw/model/uniform_s224_greedy_single_seed2.json,uniform,224,greedy,True,2,358400,7.000,True,2.38398,17715,477
results/raw/model/uniform_s224_greedy_single_seed2.json,uniform,224,greedy,True,2,371200,7.250,True,2.41445,18105,483
results/raw/model/uniform_s224_greedy_single_seed2.json,uniform,224,greedy,True,2,384000,7.500,True,2.40461,17979,481
results/raw/model/uniform_s224_greedy_single_seed2.json,uniform,224,greedy,True,2,396800,7.750,True,2.41562,18120,483
results/raw/model/uniform_s224_greedy_single_seed2.json,uniform,224,greedy,True,2,409600,8.000,True,2.41602,18125,483
results/raw/model/uniform_s224_greedy_single_seed2.json,uniform,224,greedy,True,2,422400,8.250,True,2.40914,18037,482
results/raw/model/uniform_s224_greedy_single_seed2.json,uniform,224,greedy,True,2,435200,8.500,True,2.41,18048,482
results/raw/model/uniform_s224_greedy_single_seed2.json,uniform,224,greedy,True,2,448000,8.750,True,2.41445,18105,483
results/raw/model/uniform_s224_greedy_single_seed2.json,uniform,224,greedy,True,2,460800,9.000,True,2.39641,17874,479
results/raw/model/uniform_s224_greedy_single_seed2.json,uniform,224,greedy,True,2,473600,9.250,True,2.42984,18302,486
results/raw/model/uniform_s224_greedy_single_seed2.json,uniform,224,greedy,True,2,486400,9.500,True,2.40953,18042,482
results/raw/model/uniform_s224_greedy_single_seed2.json,uniform,224,greedy,True,2,499200,9.750,True,2.41516,18114,483
results/raw/model/uniform_s224_greedy_single_seed2.json,uniform,224,greedy,True,2,512000,10.000,True,2.41383,18097,483
results/raw/model/uniform_s224_greedy_single_seed2.json,uniform,224,greedy,True,2,524800,10.250,True,2.41047,18054,482
results/raw/model/uniform_s224_greedy_single_seed2.json,uniform,224,greedy,True,2,537600,10.500,True,2.41594,18124,483
results/raw/model/uniform_s224_greedy_single_seed2.json,uniform,224,greedy,True,2,550400,10.750,True,2.39953,17914,480
results/raw/model/uniform_s224_greedy_single_seed2.json,uniform,224,greedy,True,2,563200,11.000,True,2.42047,18182,484
results/raw/model/uniform_s224_greedy_single_seed2.json,uniform,224,greedy,True,2,576000,11.250,True,2.42523,18243,485
results/raw/model/uniform_s224_greedy_single_seed2.json,uniform,224,greedy,True,2,588800,11.500,True,2.40883,18033,482
results/raw/model/uniform_s224_greedy_single_seed2.json,uniform,224,greedy,True,2,601600,11.750,True,2.40563,17992,481
results/raw/model/uniform_s224_greedy_single_seed2.json,uniform,224,greedy,True,2,614400,12.000,True,2.40453,17978,481
results/raw/model/uniform_s224_greedy_single_seed3.json,uniform,224,greedy,True,3,12800,0.250,False,1.0,0,0
results/raw/model/uniform_s224_greedy_single_seed3.json,uniform,224,greedy,True,3,25600,0.500,False,2.50344,19244,478
results/raw/model/uniform_s224_greedy_single_seed3.json,uniform,224,greedy,True,3,38400,0.750,False,2.40531,17988,481
results/raw/model/uniform_s224_greedy_single_seed3.json,uniform,224,greedy,True,3,51200,1.000,False,2.40477,17981,481
results/raw/model/uniform_s224_greedy_single_seed3.json,uniform,224,greedy,True,3,64000,1.250,False,2.40617,17999,481
results/raw/model/uniform_s224_greedy_single_seed3.json,uniform,224,greedy,True,3,76800,1.500,False,2.42883,18289,486
results/raw/model/uniform_s224_greedy_single_seed3.json,uniform,224,greedy,True,3,89600,1.750,False,2.42062,18184,484
results/raw/model/uniform_s224_greedy_single_seed3.json,uniform,224,greedy,True,3,102400,2.000,False,2.40477,17981,481
results/raw/model/uniform_s224_greedy_single_seed3.json,uniform,224,greedy,True,3,115200,2.250,False,2.41531,18116,483
results/raw/model/uniform_s224_greedy_single_seed3.json,uniform,224,greedy,True,3,128000,2.500,False,2.40516,17986,481
results/raw/model/uniform_s224_greedy_single_seed3.json,uniform,224,greedy,True,3,140800,2.750,False,2.42484,18238,485
results/raw/model/uniform_s224_greedy_single_seed3.json,uniform,224,greedy,True,3,153600,3.000,False,2.41977,18173,484
results/raw/model/uniform_s224_greedy_single_seed3.json,uniform,224,greedy,True,3,166400,3.250,False,2.42469,18236,485
results/raw/model/uniform_s224_greedy_single_seed3.json,uniform,224,greedy,True,3,179200,3.500,False,2.40477,17981,481
results/raw/model/uniform_s224_greedy_single_seed3.json,uniform,224,greedy,True,3,192000,3.750,False,2.39586,17867,479
results/raw/model/uniform_s224_greedy_single_seed3.json,uniform,224,greedy,True,3,204800,4.000,False,2.40937,18040,482
results/raw/model/uniform_s224_greedy_single_seed3.json,uniform,224,greedy,True,3,217600,4.250,True,2.42086,18187,484
results/raw/model/uniform_s224_greedy_single_seed3.json,uniform,224,greedy,True,3,230400,4.500,True,2.39391,17842,479
results/raw/model/uniform_s224_greedy_single_seed3.json,uniform,224,greedy,True,3,243200,4.750,True,2.41617,18127,483
results/raw/model/uniform_s224_greedy_single_seed3.json,uniform,224,greedy,True,3,256000,5.000,True,2.42469,18236,485
results/raw/model/uniform_s224_greedy_single_seed3.json,uniform,224,greedy,True,3,268800,5.250,True,2.41031,18052,482
results/raw/model/uniform_s224_greedy_single_seed3.json,uniform,224,greedy,True,3,281600,5.500,True,2.40492,17983,481
results/raw/model/uniform_s224_greedy_single_seed3.json,uniform,224,greedy,True,3,294400,5.750,True,2.40398,17971,481
results/raw/model/uniform_s224_greedy_single_seed3.json,uniform,224,greedy,True,3,307200,6.000,True,2.41953,18170,484
results/raw/model/uniform_s224_greedy_single_seed3.json,uniform,224,greedy,True,3,320000,6.250,True,2.39609,17870,479
results/raw/model/uniform_s224_greedy_single_seed3.json,uniform,224,greedy,True,3,332800,6.500,True,2.41586,18123,483
results/raw/model/uniform_s224_greedy_single_seed3.json,uniform,224,greedy,True,3,345600,6.750,True,2.41867,18159,484
results/raw/model/uniform_s224_greedy_single_seed3.json,uniform,224,greedy,True,3,358400,7.000,True,2.41039,18053,482
results/raw/model/uniform_s224_greedy_single_seed3.json,uniform,224,greedy,True,3,371200,7.250,True,2.40062,17928,480
results/raw/model/uniform_s224_greedy_single_seed3.json,uniform,224,greedy,True,3,384000,7.500,True,2.42352,18221,485
results/raw/model/uniform_s224_greedy_single_seed3.json,uniform,224,greedy,True,3,396800,7.750,True,2.41984,18174,484
results/raw/model/uniform_s224_greedy_single_seed3.json,uniform,224,greedy,True,3,409600,8.000,True,2.4107,18057,482
results/raw/model/uniform_s224_greedy_single_seed3.json,uniform,224,greedy,True,3,422400,8.250,True,2.43531,18372,487
results/raw/model/uniform_s224_greedy_single_seed3.json,uniform,224,greedy,True,3,435200,8.500,True,2.40906,18036,482
results/raw/model/uniform_s224_greedy_single_seed3.json,uniform,224,greedy,True,3,448000,8.750,True,2.42523,18243,485
results/raw/model/uniform_s224_greedy_single_seed3.json,uniform,224,greedy,True,3,460800,9.000,True,2.40625,18000,481
results/raw/model/uniform_s224_greedy_single_seed3.json,uniform,224,greedy,True,3,473600,9.250,True,2.42352,18221,485
results/raw/model/uniform_s224_greedy_single_seed3.json,uniform,224,greedy,True,3,486400,9.500,True,2.39094,17804,478
results/raw/model/uniform_s224_greedy_single_seed3.json,uniform,224,greedy,True,3,499200,9.750,True,2.40523,17987,481
results/raw/model/uniform_s224_greedy_single_seed3.json,uniform,224,greedy,True,3,512000,10.000,True,2.42937,18296,486
results/raw/model/uniform_s224_greedy_single_seed3.json,uniform,224,greedy,True,3,524800,10.250,True,2.40492,17983,481
results/raw/model/uniform_s224_greedy_single_seed3.json,uniform,224,greedy,True,3,537600,10.500,True,2.40617,17999,481
results/raw/model/uniform_s224_greedy_single_seed3.json,uniform,224,greedy,True,3,550400,10.750,True,2.4343,18359,487
results/raw/model/uniform_s224_greedy_single_seed3.json,uniform,224,greedy,True,3,563200,11.000,True,2.39461,17851,479
results/raw/model/uniform_s224_greedy_single_seed3.json,uniform,224,greedy,True,3,576000,11.250,True,2.39945,17913,480
results/raw/model/uniform_s224_greedy_single_seed3.json,uniform,224,greedy,True,3,588800,11.500,True,2.42055,18183,484
results/raw/model/uniform_s224_greedy_single_seed3.json,uniform,224,greedy,True,3,601600,11.750,True,2.40969,18044,482
results/raw/model/uniform_s224_greedy_single_seed3.json,uniform,224,greedy,True,3,614400,12.000,True,2.39641,17874,479
results/raw/model/uniform_s40_fifo_single_seed1.json,uniform,40,fifo,True,1,15744,0.250,False,3.17232,171005,2879
results/raw/model/uniform_s40_fifo_single_seed1.json,uniform,40,fifo,True,1,31488,0.500,False,13.15015,191292,3235
results/raw/model/uniform_s40_fifo_single_seed1.json,uniform,40,fifo,True,1,47232,0.750,False,13.24022,192710,3257
results/raw/model/uniform_s40_fifo_single_seed1.json,uniform,40,fifo,True,1,62976,1.000,False,13.31288,193854,3275
results/raw/model/uniform_s40_fifo_single_seed1.json,uniform,40,fifo,True,1,78720,1.250,False,13.1257,190907,3229
results/raw/model/uniform_s40_fifo_single_seed1.json,uniform,40,fifo,True,1,94464,1.500,False,13.34991,194437,3284
results/raw/model/uniform_s40_fifo_single_seed1.json,uniform,40,fifo,True,1,110208,1.750,False,13.26035,193027,3262
results/raw/model/uniform_s40_fifo_single_seed1.json,uniform,40,fifo,True,1,125952,2.000,False,13.25191,192894,3260
results/raw/model/uniform_s40_fifo_single_seed1.json,uniform,40,fifo,True,1,141696,2.250,False,13.31301,193856,3275
results/raw/model/uniform_s40_fifo_single_seed1.json,uniform,40,fifo,True,1,157440,2.500,False,13.29281,193538,3270
results/raw/model/uniform_s40_fifo_single_seed1.json,uniform,40,fifo,True,1,173184,2.750,False,13.26391,193083,3263
results/raw/model/uniform_s40_fifo_single_seed1.json,uniform,40,fifo,True,1,188928,3.000,False,13.29694,193603,3271
results/raw/model/uniform_s40_fifo_single_seed1.json,uniform,40,fifo,True,1,204672,3.250,False,13.30494,193729,3273
results/raw/model/uniform_s40_fifo_single_seed1.json,uniform,40,fifo,True,1,220416,3.500,False,13.28055,193345,3267
results/raw/model/uniform_s40_fifo_single_seed1.json,uniform,40,fifo,True,1,236160,3.750,False,13.20675,192183,3249
results/raw/model/uniform_s40_fifo_single_seed1.json,uniform,40,fifo,True,1,251904,4.000,False,13.24841,192839,3259
results/raw/model/uniform_s40_fifo_single_seed1.json,uniform,40,fifo,True,1,267648,4.250,True,13.25991,193020,3262
results/raw/model/uniform_s40_fifo_single_seed1.json,uniform,40,fifo,True,1,283392,4.500,True,13.27655,193282,3266
results/raw/model/uniform_s40_fifo_single_seed1.json,uniform,40,fifo,True,1,299136,4.750,True,13.26823,193151,3264
results/raw/model/uniform_s40_fifo_single_seed1.json,uniform,40,fifo,True,1,314880,5.000,True,13.17893,191745,3242
results/raw/model/uniform_s40_fifo_single_seed1.json,uniform,40,fifo,True,1,330624,5.250,True,13.32952,194116,3279
results/raw/model/uniform_s40_fifo_single_seed1.json,uniform,40,fifo,True,1,346368,5.500,True,13.30888,193791,3274
results/raw/model/uniform_s40_fifo_single_seed1.json,uniform,40,fifo,True,1,362112,5.750,True,13.32927,194112,3279
results/raw/model/uniform_s40_fifo_single_seed1.json,uniform,40,fifo,True,1,377856,6.000,True,13.15447,191360,3236
results/raw/model/uniform_s40_fifo_single_seed1.json,uniform,40,fifo,True,1,393600,6.250,True,13.18267,191804,3243
results/raw/model/uniform_s40_fifo_single_seed1.json,uniform,40,fifo,True,1,409344,6.500,True,13.38999,195068,3294
results/raw/model/uniform_s40_fifo_single_seed1.json,uniform,40,fifo,True,1,425088,6.750,True,13.20376,192136,3248
results/raw/model/uniform_s40_fifo_single_seed1.json,uniform,40,fifo,True,1,440832,7.000,True,13.25616,192961,3261
results/raw/model/uniform_s40_fifo_single_seed1.json,uniform,40,fifo,True,1,456576,7.250,True,13.31707,193920,3276
results/raw/model/uniform_s40_fifo_single_seed1.json,uniform,40,fifo,True,1,472320,7.500,True,13.23164,192575,3255
results/raw/model/uniform_s40_fifo_single_seed1.json,uniform,40,fifo,True,1,488064,7.750,True,13.30869,193788,3274
results/raw/model/uniform_s40_fifo_single_seed1.json,uniform,40,fifo,True,1,503808,8.000,True,13.3294,194114,3279
results/raw/model/uniform_s40_fifo_single_seed1.json,uniform,40,fifo,True,1,519552,8.250,True,13.26848,193155,3264
results/raw/model/uniform_s40_fifo_single_seed1.json,uniform,40,fifo,True,1,535296,8.500,True,13.23577,192640,3256
results/raw/model/uniform_s40_fifo_single_seed1.json,uniform,40,fifo,True,1,551040,8.750,True,13.30475,193726,3273
results/raw/model/uniform_s40_fifo_single_seed1.json,uniform,40,fifo,True,1,566784,9.000,True,13.3292,194111,3279
results/raw/model/uniform_s40_fifo_single_seed1.json,uniform,40,fifo,True,1,582528,9.250,True,13.27661,193283,3266
results/raw/model/uniform_s40_fifo_single_seed1.json,uniform,40,fifo,True,1,598272,9.500,True,13.23164,192575,3255
results/raw/model/uniform_s40_fifo_single_seed1.json,uniform,40,fifo,True,1,614016,9.750,True,13.28855,193471,3269
results/raw/model/uniform_s40_fifo_single_seed1.json,uniform,40,fifo,True,1,629760,10.000,True,13.3334,194177,3280
results/raw/model/uniform_s40_fifo_single_seed1.json,uniform,40,fifo,True,1,645504,10.250,True,13.15015,191292,3235
results/raw/model/uniform_s40_fifo_single_seed1.json,uniform,40,fifo,True,1,661248,10.500,True,13.2197,192387,3252
results/raw/model/uniform_s40_fifo_single_seed1.json,uniform,40,fifo,True,1,676992,10.750,True,13.20713,192189,3249
results/raw/model/uniform_s40_fifo_single_seed1.json,uniform,40,fifo,True,1,692736,11.000,True,13.37818,194882,3291
results/raw/model/uniform_s40_fifo_single_seed1.json,uniform,40,fifo,True,1,708480,11.250,True,13.30481,193727,3273
results/raw/model/uniform_s40_fifo_single_seed1.json,uniform,40,fifo,True,1,724224,11.500,True,13.3172,193922,3276
results/raw/model/uniform_s40_fifo_single_seed1.json,uniform,40,fifo,True,1,739968,11.750,True,13.20732,192192,3249
results/raw/model/uniform_s40_fifo_single_seed1.json,uniform,40,fifo,True,1,755712,12.000,True,13.28855,193471,3269
results/raw/model/uniform_s40_fifo_single_seed2.json,uniform,40,fifo,True,2,15744,0.250,False,3.19672,172926,2909
results/raw/model/uniform_s40_fifo_single_seed2.json,uniform,40,fifo,True,2,31488,0.500,False,13.19925,192065,3247
results/raw/model/uniform_s40_fifo_single_seed2.json,uniform,40,fifo,True,2,47232,0.750,False,13.20332,192129,3248
results/raw/model/uniform_s40_fifo_single_seed2.json,uniform,40,fifo,True,2,62976,1.000,False,13.19106,191936,3245
results/raw/model/uniform_s40_fifo_single_seed2.json,uniform,40,fifo,True,2,78720,1.250,False,13.28049,193344,3267
results/raw/model/uniform_s40_fifo_single_seed2.json,uniform,40,fifo,True,2,94464,1.500,False,13.32107,193983,3277
results/raw/model/uniform_s40_fifo_single_seed2.json,uniform,40,fifo,True,2,110208,1.750,False,13.20293,192123,3248
results/raw/model/uniform_s40_fifo_single_seed2.json,uniform,40,fifo,True,2,125952,2.000,False,13.30494,193729,3273
results/raw/model/uniform_s40_fifo_single_seed2.json,uniform,40,fifo,True,2,141696,2.250,False,13.23584,192641,3256
results/raw/model/uniform_s40_fifo_single_seed2.json,uniform,40,fifo,True,2,157440,2.500,False,13.37011,194755,3289
results/raw/model/uniform_s40_fifo_single_seed2.json,uniform,40,fifo,True,2,173184,2.750,False,13.25597,192958,3261
results/raw/model/uniform_s40_fifo_single_seed2.json,uniform,40,fifo,True,2,188928,3.000,False,13.17467,191678,3241
results/raw/model/uniform_s40_fifo_single_seed2.json,uniform,40,fifo,True,2,204672,3.250,False,13.19125,191939,3245
results/raw/model/uniform_s40_fifo_single_seed2.json,uniform,40,fifo,True,2,220416,3.500,False,13.35772,194560,3286
results/raw/model/uniform_s40_fifo_single_seed2.json,uniform,40,fifo,True,2,236160,3.750,False,13.17086,191618,3240
results/raw/model/uniform_s40_fifo_single_seed2.json,uniform,40,fifo,True,2,251904,4.000,False,13.4065,195328,3298
results/raw/model/uniform_s40_fifo_single_seed2.json,uniform,40,fifo,True,2,267648,4.250,True,13.27998,193336,3267
results/raw/model/uniform_s40_fifo_single_seed2.json,uniform,40,fifo,True,2,283392,4.500,True,13.24009,192708,3257
results/raw/model/uniform_s40_fifo_single_seed2.json,uniform,40,fifo,True,2,299136,4.750,True,13.18686,191870,3244
results/raw/model/uniform_s40_fifo_single_seed2.json,uniform,40,fifo,True,2,314880,5.000,True,13.18318,191812,3243
results/raw/model/uniform_s40_fifo_single_seed2.json,uniform,40,fifo,True,2,330624,5.250,True,13.26829,193152,3264
results/raw/model/uniform_s40_fifo_single_seed2.json,uniform,40,fifo,True,2,346368,5.500,True,13.27642,193280,3266
results/raw/model/uniform_s40_fifo_single_seed2.json,uniform,40,fifo,True,2,362112,5.750,True,13.30488,193728,3273
results/raw/model/uniform_s40_fifo_single_seed2.json,uniform,40,fifo,True,2,377856,6.000,True,13.35309,194487,3285
results/raw/model/uniform_s40_fifo_single_seed2.json,uniform,40,fifo,True,2,393600,6.250,True,13.26067,193032,3262
results/raw/model/uniform_s40_fifo_single_seed2.json,uniform,40,fifo,True,2,409344,6.500,True,13.17893,191745,3242
results/raw/model/uniform_s40_fifo_single_seed2.json,uniform,40,fifo,True,2,425088,6.750,True,13.2763,193278,3266
results/raw/model/uniform_s40_fifo_single_seed2.json,uniform,40,fifo,True,2,440832,7.000,True,13.27242,193217,3265
results/raw/model/uniform_s40_fifo_single_seed2.json,uniform,40,fifo,True,2,456576,7.250,True,13.28881,193475,3269
results/raw/model/uniform_s40_fifo_single_seed2.json,uniform,40,fifo,True,2,472320,7.500,True,13.20312,192126,3248
results/raw/model/uniform_s40_fifo_single_seed2.json,uniform,40,fifo,True,2,488064,7.750,True,13.32914,194110,3279
results/raw/model/uniform_s40_fifo_single_seed2.json,uniform,40,fifo,True,2,503808,8.000,True,13.3414,194303,3282
results/raw/model/uniform_s40_fifo_single_seed2.json,uniform,40,fifo,True,2,519552,8.250,True,13.23202,192581,3255
results/raw/model/uniform_s40_fifo_single_seed2.json,uniform,40,fifo,True,2,535296,8.500,True,13.28855,193471,3269
results/raw/model/uniform_s40_fifo_single_seed2.json,uniform,40,fifo,True,2,551040,8.750,True,13.31288,193854,3275
results/raw/model/uniform_s40_fifo_single_seed2.json,uniform,40,fifo,True,2,566784,9.000,True,13.26035,193027,3262
results/raw/model/uniform_s40_fifo_single_seed2.json,uniform,40,fifo,True,2,582528,9.250,True,13.26416,193087,3263
results/raw/model/uniform_s40_fifo_single_seed2.json,uniform,40,fifo,True,2,598272,9.500,True,13.29675,193600,3271
results/raw/model/uniform_s40_fifo_single_seed2.json,uniform,40,fifo,True,2,614016,9.750,True,13.26416,193087,3263
results/raw/model/uniform_s40_fifo_single_seed2.json,uniform,40,fifo,True,2,629760,10.000,True,13.37811,194881,3291
results/raw/model/uniform_s40_fifo_single_seed2.json,uniform,40,fifo,True,2,645504,10.250,True,13.34146,194304,3282
results/raw/model/uniform_s40_fifo_single_seed2.json,uniform,40,fifo,True,2,661248,10.500,True,13.2399,192705,3257
results/raw/model/uniform_s40_fifo_single_seed2.json,uniform,40,fifo,True,2,676992,10.750,True,13.24759,192826,3259
results/raw/model/uniform_s40_fifo_single_seed2.json,uniform,40,fifo,True,2,692736,11.000,True,13.36192,194626,3287
results/raw/model/uniform_s40_fifo_single_seed2.json,uniform,40,fifo,True,2,708480,11.250,True,13.14253,191172,3233
results/raw/model/uniform_s40_fifo_single_seed2.json,uniform,40,fifo,True,2,724224,11.500,True,13.23558,192637,3256
results/raw/model/uniform_s40_fifo_single_seed2.json,uniform,40,fifo,True,2,739968,11.750,True,13.18712,191874,3244
results/raw/model/uniform_s40_fifo_single_seed2.json,uniform,40,fifo,True,2,755712,12.000,True,13.32933,194113,3279
results/raw/model/uniform_s40_fifo_single_seed3.json,uniform,40,fifo,True,3,15744,0.250,False,3.18777,172221,2898
results/raw/model/uniform_s40_fifo_single_seed3.json,uniform,40,fifo,True,3,31488,0.500,False,13.31307,193857,3275
results/raw/model/uniform_s40_fifo_single_seed3.json,uniform,40,fifo,True,3,47232,0.750,False,13.29668,193599,3271
results/raw/model/uniform_s40_fifo_single_seed3.json,uniform,40,fifo,True,3,62976,1.000,False,13.19093,191934,3245
results/raw/model/uniform_s40_fifo_single_seed3.json,uniform,40,fifo,True,3,78720,1.250,False,13.16286,191492,3238
results/raw/model/uniform_s40_fifo_single_seed3.json,uniform,40,fifo,True,3,94464,1.500,False,13.2399,192705,3257
results/raw/model/uniform_s40_fifo_single_seed3.json,uniform,40,fifo,True,3,110208,1.750,False,13.24778,192829,3259
results/raw/model/uniform_s40_fifo_single_seed3.json,uniform,40,fifo,True,3,125952,2.000,False,13.29681,193601,3271
results/raw/model/uniform_s40_fifo_single_seed3.json,uniform,40,fifo,True,3,141696,2.250,False,13.28049,193344,3267
results/raw/model/uniform_s40_fifo_single_seed3.json,uniform,40,fifo,True,3,157440,2.500,False,13.26429,193089,3263
results/raw/model/uniform_s40_fifo_single_seed3.json,uniform,40,fifo,True,3,173184,2.750,False,13.26404,193085,3263
results/raw/model/uniform_s40_fifo_single_seed3.json,uniform,40,fifo,True,3,188928,3.000,False,13.21564,192323,3251
results/raw/model/uniform_s40_fifo_single_seed3.json,uniform,40,fifo,True,3,204672,3.250,False,13.28462,193409,3268
results/raw/model/uniform_s40_fifo_single_seed3.json,uniform,40,fifo,True,3,220416,3.500,False,13.33333,194176,3280
results/raw/model/uniform_s40_fifo_single_seed3.json,uniform,40,fifo,True,3,236160,3.750,False,13.11382,190720,3226
results/raw/model/uniform_s40_fifo_single_seed3.json,uniform,40,fifo,True,3,251904,4.000,False,13.33721,194237,3281
results/raw/model/uniform_s40_fifo_single_seed3.json,uniform,40,fifo,True,3,267648,4.250,True,13.25622,192962,3261
results/raw/model/uniform_s40_fifo_single_seed3.json,uniform,40,fifo,True,3,283392,4.500,True,13.35366,194496,3285
results/raw/model/uniform_s40_fifo_single_seed3.json,uniform,40,fifo,True,3,299136,4.750,True,13.22364,192449,3253
results/raw/model/uniform_s40_fifo_single_seed3.json,uniform,40,fifo,True,3,314880,5.000,True,13.23965,192701,3257
results/raw/model/uniform_s40_fifo_single_seed3.json,uniform,40,fifo,True,3,330624,5.250,True,13.33333,194176,3280
results/raw/model/uniform_s40_fifo_single_seed3.json,uniform,40,fifo,True,3,346368,5.500,True,13.27255,193219,3265
results/raw/model/uniform_s40_fifo_single_seed3.json,uniform,40,fifo,True,3,362112,5.750,True,13.22351,192447,3253
results/raw/model/uniform_s40_fifo_single_seed3.json,uniform,40,fifo,True,3,377856,6.000,True,13.32514,194047,3278
results/raw/model/uniform_s40_fifo_single_seed3.json,uniform,40,fifo,True,3,393600,6.250,True,13.34959,194432,3284
results/raw/model/uniform_s40_fifo_single_seed3.json,uniform,40,fifo,True,3,409344,6.500,True,13.18293,191808,3243
results/raw/model/uniform_s40_fifo_single_seed3.json,uniform,40,fifo,True,3,425088,6.750,True,13.24397,192769,3258
results/raw/model/uniform_s40_fifo_single_seed3.json,uniform,40,fifo,True,3,440832,7.000,True,13.2561,192960,3261
results/raw/model/uniform_s40_fifo_single_seed3.json,uniform,40,fifo,True,3,456576,7.250,True,13.21126,192254,3250
results/raw/model/uniform_s40_fifo_single_seed3.json,uniform,40,fifo,True,3,472320,7.500,True,13.21132,192255,3250
results/raw/model/uniform_s40_fifo_single_seed3.json,uniform,40,fifo,True,3,488064,7.750,True,13.2197,192387,3252
results/raw/model/uniform_s40_fifo_single_seed3.json,uniform,40,fifo,True,3,503808,8.000,True,13.29262,193535,3270
results/raw/model/uniform_s40_fifo_single_seed3.json,uniform,40,fifo,True,3,519552,8.250,True,13.2561,192960,3261
results/raw/model/uniform_s40_fifo_single_seed3.json,uniform,40,fifo,True,3,535296,8.500,True,13.33333,194176,3280
results/raw/model/uniform_s40_fifo_single_seed3.json,uniform,40,fifo,True,3,551040,8.750,True,13.25191,192894,3260
results/raw/model/uniform_s40_fifo_single_seed3.json,uniform,40,fifo,True,3,566784,9.000,True,13.29268,193536,3270
results/raw/model/uniform_s40_fifo_single_seed3.json,uniform,40,fifo,True,3,582528,9.250,True,13.27661,193283,3266
results/raw/model/uniform_s40_fifo_single_seed3.json,uniform,40,fifo,True,3,598272,9.500,True,13.19512,192000,3246
results/raw/model/uniform_s40_fifo_single_seed3.json,uniform,40,fifo,True,3,614016,9.750,True,13.20738,192193,3249
results/raw/model/uniform_s40_fifo_single_seed3.json,uniform,40,fifo,True,3,629760,10.000,True,13.30481,193727,3273
results/raw/model/uniform_s40_fifo_single_seed3.json,uniform,40,fifo,True,3,645504,10.250,True,13.28055,193345,3267
results/raw/model/uniform_s40_fifo_single_seed3.json,uniform,40,fifo,True,3,661248,10.500,True,13.33327,194175,3280
results/raw/model/uniform_s40_fifo_single_seed3.json,uniform,40,fifo,True,3,676992,10.750,True,13.28455,193408,3268
results/raw/model/uniform_s40_fifo_single_seed3.json,uniform,40,fifo,True,3,692736,11.000,True,13.12589,190910,3229
results/raw/model/uniform_s40_fifo_single_seed3.json,uniform,40,fifo,True,3,708480,11.250,True,13.22771,192513,3254
results/raw/model/uniform_s40_fifo_single_seed3.json,uniform,40,fifo,True,3,724224,11.500,True,13.207,192187,3249
results/raw/model/uniform_s40_fifo_single_seed3.json,uniform,40,fifo,True,3,739968,11.750,True,13.33352,194179,3280
results/raw/model/uniform_s40_fifo_single_seed3.json,uniform,40,fifo,True,3,755712,12.000,True,13.26042,193028,3262
results/raw/model/uniform_s40_greedy_single_seed1.json,uniform,40,greedy,True,1,15744,0.250,False,2.72438,135743,2328
results/raw/model/uniform_s40_greedy_single_seed1.json,uniform,40,greedy,True,1,31488,0.500,False,11.12189,159359,2736
results/raw/model/uniform_s40_greedy_single_seed1.json,uniform,40,greedy,True,1,47232,0.750,False,11.20312,160638,2756
results/raw/model/uniform_s40_greedy_single_seed1.json,uniform,40,greedy,True,1,62976,1.000,False,11.17912,160260,2750
results/raw/model/uniform_s40_greedy_single_seed1.json,uniform,40,greedy,True,1,78720,1.250,False,11.15041,159808,2743
results/raw/model/uniform_s40_greedy_single_seed1.json,uniform,40,greedy,True,1,94464,1.500,False,10.97148,156991,2699
results/raw/model/uniform_s40_greedy_single_seed1.json,uniform,40,greedy,True,1,110208,1.750,False,11.18267,160316,2751
results/raw/model/uniform_s40_greedy_single_seed1.json,uniform,40,greedy,True,1,125952,2.000,False,11.00845,157573,2708
results/raw/model/uniform_s40_greedy_single_seed1.json,uniform,40,greedy,True,1,141696,2.250,False,11.10957,159165,2733
results/raw/model/uniform_s40_greedy_single_seed1.json,uniform,40,greedy,True,1,157440,2.500,False,11.24403,161282,2766
results/raw/model/uniform_s40_greedy_single_seed1.json,uniform,40,greedy,True,1,173184,2.750,False,11.08543,158785,2727
results/raw/model/uniform_s40_greedy_single_seed1.json,uniform,40,greedy,True,1,188928,3.000,False,11.19893,160572,2755
results/raw/model/uniform_s40_greedy_single_seed1.json,uniform,40,greedy,True,1,204672,3.250,False,11.09375,158916,2729
results/raw/model/uniform_s40_greedy_single_seed1.json,uniform,40,greedy,True,1,220416,3.500,False,11.11357,159228,2734
results/raw/model/uniform_s40_greedy_single_seed1.json,uniform,40,greedy,True,1,236160,3.750,False,11.07736,158658,2725
results/raw/model/uniform_s40_greedy_single_seed1.json,uniform,40,greedy,True,1,251904,4.000,False,11.1464,159745,2742
results/raw/model/uniform_s40_greedy_single_seed1.json,uniform,40,greedy,True,1,267648,4.250,True,11.1464,159745,2742
results/raw/model/uniform_s40_greedy_single_seed1.json,uniform,40,greedy,True,1,283392,4.500,True,11.0853,158783,2727
results/raw/model/uniform_s40_greedy_single_seed1.json,uniform,40,greedy,True,1,299136,4.750,True,11.10144,159037,2731
results/raw/model/uniform_s40_greedy_single_seed1.json,uniform,40,greedy,True,1,314880,5.000,True,11.07724,158656,2725
results/raw/model/uniform_s40_greedy_single_seed1.json,uniform,40,greedy,True,1,330624,5.250,True,11.24822,161348,2767
results/raw/model/uniform_s40_greedy_single_seed1.json,uniform,40,greedy,True,1,346368,5.500,True,11.22351,160959,2761
results/raw/model/uniform_s40_greedy_single_seed1.json,uniform,40,greedy,True,1,362112,5.750,True,11.11789,159296,2735
results/raw/model/uniform_s40_greedy_single_seed1.json,uniform,40,greedy,True,1,377856,6.000,True,11.17486,160193,2749
results/raw/model/uniform_s40_greedy_single_seed1.json,uniform,40,greedy,True,1,393600,6.250,True,11.20732,160704,2757
results/raw/model/uniform_s40_greedy_single_seed1.json,uniform,40,greedy,True,1,409344,6.500,True,11.10544,159100,2732
results/raw/model/uniform_s40_greedy_single_seed1.json,uniform,40,greedy,True,1,425088,6.750,True,11.03684,158020,2715
results/raw/model/uniform_s40_greedy_single_seed1.json,uniform,40,greedy,True,1,440832,7.000,True,11.06091,158399,2721
results/raw/model/uniform_s40_greedy_single_seed1.json,uniform,40,greedy,True,1,456576,7.250,True,11.0773,158657,2725
results/raw/model/uniform_s40_greedy_single_seed1.json,uniform,40,greedy,True,1,472320,7.500,True,11.0853,158783,2727
results/raw/model/uniform_s40_greedy_single_seed1.json,uniform,40,greedy,True,1,488064,7.750,True,10.99994,157439,2706
results/raw/model/uniform_s40_greedy_single_seed1.json,uniform,40,greedy,True,1,503808,8.000,True,11.12195,159360,2736
results/raw/model/uniform_s40_greedy_single_seed1.json,uniform,40,greedy,True,1,519552,8.250,True,11.01226,157633,2709
results/raw/model/uniform_s40_greedy_single_seed1.json,uniform,40,greedy,True,1,535296,8.500,True,11.21119,160765,2758
results/raw/model/uniform_s40_greedy_single_seed1.json,uniform,40,greedy,True,1,551040,8.750,True,11.11408,159236,2734
results/raw/model/uniform_s40_greedy_single_seed1.json,uniform,40,greedy,True,1,566784,9.000,True,11.14602,159739,2742
results/raw/model/uniform_s40_greedy_single_seed1.json,uniform,40,greedy,True,1,582528,9.250,True,11.15047,159809,2743
results/raw/model/uniform_s40_greedy_single_seed1.json,uniform,40,greedy,True,1,598272,9.500,True,11.04465,158143,2717
results/raw/model/uniform_s40_greedy_single_seed1.json,uniform,40,greedy,True,1,614016,9.750,True,11.17905,160259,2750
results/raw/model/uniform_s40_greedy_single_seed1.json,uniform,40,greedy,True,1,629760,10.000,True,11.10175,159042,2731
results/raw/model/uniform_s40_greedy_single_seed1.json,uniform,40,greedy,True,1,645504,10.250,True,11.14621,159742,2742
results/raw/model/uniform_s40_greedy_single_seed1.json,uniform,40,greedy,True,1,661248,10.500,True,11.15034,159807,2743
results/raw/model/uniform_s40_greedy_single_seed1.json,uniform,40,greedy,True,1,676992,10.750,True,11.19118,160450,2753
results/raw/model/uniform_s40_greedy_single_seed1.json,uniform,40,greedy,True,1,692736,11.000,True,11.11388,159233,2734
results/raw/model/uniform_s40_greedy_single_seed1.json,uniform,40,greedy,True,1,708480,11.250,True,11.06498,158463,2722
results/raw/model/uniform_s40_greedy_single_seed1.json,uniform,40,greedy,True,1,724224,11.500,True,11.15022,159805,2743
results/raw/model/uniform_s40_greedy_single_seed1.json,uniform,40,greedy,True,1,739968,11.750,True,11.09756,158976,2730
results/raw/model/uniform_s40_greedy_single_seed1.json,uniform,40,greedy,True,1,755712,12.000,True,11.14234,159681,2741
results/raw/model/uniform_s40_greedy_single_seed2.json,uniform,40,greedy,True,2,15744,0.250,False,2.72113,135487,2324
results/raw/model/uniform_s40_greedy_single_seed2.json,uniform,40,greedy,True,2,31488,0.500,False,11.05685,158335,2720
results/raw/model/uniform_s40_greedy_single_seed2.json,uniform,40,greedy,True,2,47232,0.750,False,11.23577,161152,2764
results/raw/model/uniform_s40_greedy_single_seed2.json,uniform,40,greedy,True,2,62976,1.000,False,11.22758,161023,2762
results/raw/model/uniform_s40_greedy_single_seed2.json,uniform,40,greedy,True,2,78720,1.250,False,11.16254,159999,2746
results/raw/model/uniform_s40_greedy_single_seed2.json,uniform,40,greedy,True,2,94464,1.500,False,11.04903,158212,2718
results/raw/model/uniform_s40_greedy_single_seed2.json,uniform,40,greedy,True,2,110208,1.750,False,11.20306,160637,2756
results/raw/model/uniform_s40_greedy_single_seed2.json,uniform,40,greedy,True,2,125952,2.000,False,11.16686,160067,2747
results/raw/model/uniform_s40_greedy_single_seed2.json,uniform,40,greedy,True,2,141696,2.250,False,11.05278,158271,2719
results/raw/model/uniform_s40_greedy_single_seed2.json,uniform,40,greedy,True,2,157440,2.500,False,11.12576,159420,2737
results/raw/model/uniform_s40_greedy_single_seed2.json,uniform,40,greedy,True,2,173184,2.750,False,11.11789,159296,2735
results/raw/model/uniform_s40_greedy_single_seed2.json,uniform,40,greedy,True,2,188928,3.000,False,11.17073,160128,2748
results/raw/model/uniform_s40_greedy_single_seed2.json,uniform,40,greedy,True,2,204672,3.250,False,11.15066,159812,2743
results/raw/model/uniform_s40_greedy_single_seed2.json,uniform,40,greedy,True,2,220416,3.500,False,11.11795,159297,2735
results/raw/model/uniform_s40_greedy_single_seed2.json,uniform,40,greedy,True,2,236160,3.750,False,11.18293,160320,2751
results/raw/model/uniform_s40_greedy_single_seed2.json,uniform,40,greedy,True,2,251904,4.000,False,11.15041,159808,2743
results/raw/model/uniform_s40_greedy_single_seed2.json,uniform,40,greedy,True,2,267648,4.250,True,11.27217,161725,2773
results/raw/model/uniform_s40_greedy_single_seed2.json,uniform,40,greedy,True,2,283392,4.500,True,11.1464,159745,2742
results/raw/model/uniform_s40_greedy_single_seed2.json,uniform,40,greedy,True,2,299136,4.750,True,11.12176,159357,2736
results/raw/model/uniform_s40_greedy_single_seed2.json,uniform,40,greedy,True,2,314880,5.000,True,11.06129,158405,2721
results/raw/model/uniform_s40_greedy_single_seed2.json,uniform,40,greedy,True,2,330624,5.250,True,11.0935,158912,2729
results/raw/model/uniform_s40_greedy_single_seed2.json,uniform,40,greedy,True,2,346368,5.500,True,11.12983,159484,2738
results/raw/model/uniform_s40_greedy_single_seed2.json,uniform,40,greedy,True,2,362112,5.750,True,11.13008,159488,2738
results/raw/model/uniform_s40_greedy_single_seed2.json,uniform,40,greedy,True,2,377856,6.000,True,11.06936,158532,2723
results/raw/model/uniform_s40_greedy_single_seed2.json,uniform,40,greedy,True,2,393600,6.250,True,11.11757,159291,2735
results/raw/model/uniform_s40_greedy_single_seed2.json,uniform,40,greedy,True,2,409344,6.500,True,11.16292,160005,2746
results/raw/model/uniform_s40_greedy_single_seed2.json,uniform,40,greedy,True,2,425088,6.750,True,11.15434,159870,2744
results/raw/model/uniform_s40_greedy_single_seed2.json,uniform,40,greedy,True,2,440832,7.000,True,11.03246,157951,2714
results/raw/model/uniform_s40_greedy_single_seed2.json,uniform,40,greedy,True,2,456576,7.250,True,11.19506,160511,2754
results/raw/model/uniform_s40_greedy_single_seed2.json,uniform,40,greedy,True,2,472320,7.500,True,11.20319,160639,2756
results/raw/model/uniform_s40_greedy_single_seed2.json,uniform,40,greedy,True,2,488064,7.750,True,11.13034,159492,2738
results/raw/model/uniform_s40_greedy_single_seed2.json,uniform,40,greedy,True,2,503808,8.000,True,11.09343,158911,2729
results/raw/model/uniform_s40_greedy_single_seed2.json,uniform,40,greedy,True,2,519552,8.250,True,11.13827,159617,2740
results/raw/model/uniform_s40_greedy_single_seed2.json,uniform,40,greedy,True,2,535296,8.500,True,11.13815,159615,2740
results/raw/model/uniform_s40_greedy_single_seed2.json,uniform,40,greedy,True,2,551040,8.750,True,11.10982,159169,2733
results/raw/model/uniform_s40_greedy_single_seed2.json,uniform,40,greedy,True,2,566784,9.000,True,11.06085,158398,2721
results/raw/model/uniform_s40_greedy_single_seed2.json,uniform,40,greedy,True,2,582528,9.250,True,11.18293,160320,2751
results/raw/model/uniform_s40_greedy_single_seed2.json,uniform,40,greedy,True,2,598272,9.500,True,11.19112,160449,2753
results/raw/model/uniform_s40_greedy_single_seed2.json,uniform,40,greedy,True,2,614016,9.750,True,11.11376,159231,2734
results/raw/model/uniform_s40_greedy_single_seed2.json,uniform,40,greedy,True,2,629760,10.000,True,11.14653,159747,2742
results/raw/model/uniform_s40_greedy_single_seed2.json,uniform,40,greedy,True,2,645504,10.250,True,11.07292,158588,2724
results/raw/model/uniform_s40_greedy_single_seed2.json,uniform,40,greedy,True,2,661248,10.500,True,11.09356,158913,2729
results/raw/model/uniform_s40_greedy_single_seed2.json,uniform,40,greedy,True,2,676992,10.750,True,11.16254,159999,2746
results/raw/model/uniform_s40_greedy_single_seed2.json,uniform,40,greedy,True,2,692736,11.000,True,11.13427,159554,2739
results/raw/model/uniform_s40_greedy_single_seed2.json,uniform,40,greedy,True,2,708480,11.250,True,11.17486,160193,2749
results/raw/model/uniform_s40_greedy_single_seed2.json,uniform,40,greedy,True,2,724224,11.500,True,11.19519,160513,2754
results/raw/model/uniform_s40_greedy_single_seed2.json,uniform,40,greedy,True,2,739968,11.750,True,11.18261,160315,2751
results/raw/model/uniform_s40_greedy_single_seed2.json,uniform,40,greedy,True,2,755712,12.000,True,11.17511,160197,2749
results/raw/model/uniform_s40_greedy_single_seed3.json,uniform,40,greedy,True,3,15744,0.250,False,2.72276,135616,2326
results/raw/model/uniform_s40_greedy_single_seed3.json,uniform,40,greedy,True,3,31488,0.500,False,11.12983,159484,2738
results/raw/model/uniform_s40_greedy_single_seed3.json,uniform,40,greedy,True,3,47232,0.750,False,11.20738,160705,2757
results/raw/model/uniform_s40_greedy_single_seed3.json,uniform,40,greedy,True,3,62976,1.000,False,11.07711,158654,2725
results/raw/model/uniform_s40_greedy_single_seed3.json,uniform,40,greedy,True,3,78720,1.250,False,11.17499,160195,2749
results/raw/model/uniform_s40_greedy_single_seed3.json,uniform,40,greedy,True,3,94464,1.500,False,11.12195,159360,2736
results/raw/model/uniform_s40_greedy_single_seed3.json,uniform,40,greedy,True,3,110208,1.750,False,11.22358,160960,2761
results/raw/model/uniform_s40_greedy_single_seed3.json,uniform,40,greedy,True,3,125952,2.000,False,11.12608,159425,2737
results/raw/model/uniform_s40_greedy_single_seed3.json,uniform,40,greedy,True,3,141696,2.250,False,11.18674,160380,2752
results/raw/model/uniform_s40_greedy_single_seed3.json,uniform,40,greedy,True,3,157440,2.500,False,11.12201,159361,2736
results/raw/model/uniform_s40_greedy_single_seed3.json,uniform,40,greedy,True,3,173184,2.750,False,11.19938,160579,2755
results/raw/model/uniform_s40_greedy_single_seed3.json,uniform,40,greedy,True,3,188928,3.000,False,11.08524,158782,2727
results/raw/model/uniform_s40_greedy_single_seed3.json,uniform,40,greedy,True,3,204672,3.250,False,11.10156,159039,2731
results/raw/model/uniform_s40_greedy_single_seed3.json,uniform,40,greedy,True,3,220416,3.500,False,11.17086,160130,2748
results/raw/model/uniform_s40_greedy_single_seed3.json,uniform,40,greedy,True,3,236160,3.750,False,11.02426,157822,2712
results/raw/model/uniform_s40_greedy_single_seed3.json,uniform,40,greedy,True,3,251904,4.000,False,11.08962,158851,2728
results/raw/model/uniform_s40_greedy_single_seed3.json,uniform,40,greedy,True,3,267648,4.250,True,11.09762,158977,2730
results/raw/model/uniform_s40_greedy_single_seed3.json,uniform,40,greedy,True,3,283392,4.500,True,11.18693,160383,2752
results/raw/model/uniform_s40_greedy_single_seed3.json,uniform,40,greedy,True,3,299136,4.750,True,11.23158,161086,2763
results/raw/model/uniform_s40_greedy_single_seed3.json,uniform,40,greedy,True,3,314880,5.000,True,11.10175,159042,2731
results/raw/model/uniform_s40_greedy_single_seed3.json,uniform,40,greedy,True,3,330624,5.250,True,11.10969,159167,2733
results/raw/model/uniform_s40_greedy_single_seed3.json,uniform,40,greedy,True,3,346368,5.500,True,11.16654,160062,2747
results/raw/model/uniform_s40_greedy_single_seed3.json,uniform,40,greedy,True,3,362112,5.750,True,11.15854,159936,2745
results/raw/model/uniform_s40_greedy_single_seed3.json,uniform,40,greedy,True,3,377856,6.000,True,11.20319,160639,2756
results/raw/model/uniform_s40_greedy_single_seed3.json,uniform,40,greedy,True,3,393600,6.250,True,11.19544,160517,2754
results/raw/model/uniform_s40_greedy_single_seed3.json,uniform,40,greedy,True,3,409344,6.500,True,11.19087,160445,2753
results/raw/model/uniform_s40_greedy_single_seed3.json,uniform,40,greedy,True,3,425088,6.750,True,11.13815,159615,2740
results/raw/model/uniform_s40_greedy_single_seed3.json,uniform,40,greedy,True,3,440832,7.000,True,11.07743,158659,2725
results/raw/model/uniform_s40_greedy_single_seed3.json,uniform,40,greedy,True,3,456576,7.250,True,11.10169,159041,2731
results/raw/model/uniform_s40_greedy_single_seed3.json,uniform,40,greedy,True,3,472320,7.500,True,11.08511,158780,2727
results/raw/model/uniform_s40_greedy_single_seed3.json,uniform,40,greedy,True,3,488064,7.750,True,11.15034,159807,2743
results/raw/model/uniform_s40_greedy_single_seed3.json,uniform,40,greedy,True,3,503808,8.000,True,11.0813,158720,2726
results/raw/model/uniform_s40_greedy_single_seed3.json,uniform,40,greedy,True,3,519552,8.250,True,11.12627,159428,2737
results/raw/model/uniform_s40_greedy_single_seed3.json,uniform,40,greedy,True,3,535296,8.500,True,11.07705,158653,2725
results/raw/model/uniform_s40_greedy_single_seed3.json,uniform,40,greedy,True,3,551040,8.750,True,11.09769,158978,2730
results/raw/model/uniform_s40_greedy_single_seed3.json,uniform,40,greedy,True,3,566784,9.000,True,11.19099,160447,2753
results/raw/model/uniform_s40_greedy_single_seed3.json,uniform,40,greedy,True,3,582528,9.250,True,11.16686,160067,2747
results/raw/model/uniform_s40_greedy_single_seed3.json,uniform,40,greedy,True,3,598272,9.500,True,11.11369,159230,2734
results/raw/model/uniform_s40_greedy_single_seed3.json,uniform,40,greedy,True,3,614016,9.750,True,11.15847,159935,2745
results/raw/model/uniform_s40_greedy_single_seed3.json,uniform,40,greedy,True,3,629760,10.000,True,11.10969,159167,2733
results/raw/model/uniform_s40_greedy_single_seed3.json,uniform,40,greedy,True,3,645504,10.250,True,11.15879,159940,2745
results/raw/model/uniform_s40_greedy_single_seed3.json,uniform,40,greedy,True,3,661248,10.500,True,11.21926,160892,2760
results/raw/model/uniform_s40_greedy_single_seed3.json,uniform,40,greedy,True,3,676992,10.750,True,11.13415,159552,2739
results/raw/model/uniform_s40_greedy_single_seed3.json,uniform,40,greedy,True,3,692736,11.000,True,11.1384,159619,2740
results/raw/model/uniform_s40_greedy_single_seed3.json,uniform,40,greedy,True,3,708480,11.250,True,11.20713,160701,2757
results/raw/model/uniform_s40_greedy_single_seed3.json,uniform,40,greedy,True,3,724224,11.500,True,11.17473,160191,2749
results/raw/model/uniform_s40_greedy_single_seed3.json,uniform,40,greedy,True,3,739968,11.750,True,11.07317,158592,2724
results/raw/model/uniform_s40_greedy_single_seed3.json,uniform,40,greedy,True,3,755712,12.000,True,11.11007,159173,2733
results/raw/model/uniform_s72_fifo_single_seed1.json,uniform,72,fifo,True,1,15232,0.250,False,2.01513,77312,1375
results/raw/model/uniform_s72_fifo_single_seed1.json,uniform,72,fifo,True,1,30464,0.500,False,7.37356,97082,1755
results/raw/model/uniform_s72_fifo_single_seed1.json,uniform,72,fifo,True,1,45696,0.750,False,7.36981,97025,1754
results/raw/model/uniform_s72_fifo_single_seed1.json,uniform,72,fifo,True,1,60928,1.000,False,7.37835,97155,1756
results/raw/model/uniform_s72_fifo_single_seed1.json,uniform,72,fifo,True,1,76160,1.250,False,7.42837,97917,1768
results/raw/model/uniform_s72_fifo_single_seed1.json,uniform,72,fifo,True,1,91392,1.500,False,7.39942,97476,1761
results/raw/model/uniform_s72_fifo_single_seed1.json,uniform,72,fifo,True,1,106624,1.750,False,7.36929,97017,1754
results/raw/model/uniform_s72_fifo_single_seed1.json,uniform,72,fifo,True,1,121856,2.000,False,7.40802,97607,1763
results/raw/model/uniform_s72_fifo_single_seed1.json,uniform,72,fifo,True,1,137088,2.250,False,7.40343,97537,1762
results/raw/model/uniform_s72_fifo_single_seed1.json,uniform,72,fifo,True,1,152320,2.500,False,7.37382,97086,1755
results/raw/model/uniform_s72_fifo_single_seed1.json,uniform,72,fifo,True,1,167552,2.750,False,7.42417,97853,1767
results/raw/model/uniform_s72_fifo_single_seed1.json,uniform,72,fifo,True,1,182784,3.000,False,7.35721,96833,1751
results/raw/model/uniform_s72_fifo_single_seed1.json,uniform,72,fifo,True,1,198016,3.250,False,7.41597,97728,1765
results/raw/model/uniform_s72_fifo_single_seed1.json,uniform,72,fifo,True,1,213248,3.500,False,7.36108,96892,1752
results/raw/model/uniform_s72_fifo_single_seed1.json,uniform,72,fifo,True,1,228480,3.750,False,7.39102,97348,1759
results/raw/model/uniform_s72_fifo_single_seed1.json,uniform,72,fifo,True,1,243712,4.000,False,7.37828,97154,1756
results/raw/model/uniform_s72_fifo_single_seed1.json,uniform,72,fifo,True,1,258944,4.250,True,7.39049,97340,1759
results/raw/model/uniform_s72_fifo_single_seed1.json,uniform,72,fifo,True,1,274176,4.500,True,7.35727,96834,1751
results/raw/model/uniform_s72_fifo_single_seed1.json,uniform,72,fifo,True,1,289408,4.750,True,7.33187,96447,1745
results/raw/model/uniform_s72_fifo_single_seed1.json,uniform,72,fifo,True,1,304640,5.000,True,7.36148,96898,1752
results/raw/model/uniform_s72_fifo_single_seed1.json,uniform,72,fifo,True,1,319872,5.250,True,7.39036,97338,1759
results/raw/model/uniform_s72_fifo_single_seed1.json,uniform,72,fifo,True,1,335104,5.500,True,7.37848,97157,1756
results/raw/model/uniform_s72_fifo_single_seed1.json,uniform,72,fifo,True,1,350336,5.750,True,7.36515,96954,1753
results/raw/model/uniform_s72_fifo_single_seed1.json,uniform,72,fifo,True,1,365568,6.000,True,7.3406,96580,1747
results/raw/model/uniform_s72_fifo_single_seed1.json,uniform,72,fifo,True,1,380800,6.250,True,7.42417,97853,1767
results/raw/model/uniform_s72_fifo_single_seed1.json,uniform,72,fifo,True,1,396032,6.500,True,7.34867,96703,1749
results/raw/model/uniform_s72_fifo_single_seed1.json,uniform,72,fifo,True,1,411264,6.750,True,7.42489,97864,1767
results/raw/model/uniform_s72_fifo_single_seed1.json,uniform,72,fifo,True,1,426496,7.000,True,7.35708,96831,1751
results/raw/model/uniform_s72_fifo_single_seed1.json,uniform,72,fifo,True,1,441728,7.250,True,7.40776,97603,1763
results/raw/model/uniform_s72_fifo_single_seed1.json,uniform,72,fifo,True,1,456960,7.500,True,7.41997,97789,1766
results/raw/model/uniform_s72_fifo_single_seed1.json,uniform,72,fifo,True,1,472192,7.750,True,7.32373,96323,1743
results/raw/model/uniform_s72_fifo_single_seed1.json,uniform,72,fifo,True,1,487424,8.000,True,7.41991,97788,1766
results/raw/model/uniform_s72_fifo_single_seed1.json,uniform,72,fifo,True,1,502656,8.250,True,7.41623,97732,1765
results/raw/model/uniform_s72_fifo_single_seed1.json,uniform,72,fifo,True,1,517888,8.500,True,7.37769,97145,1756
results/raw/model/uniform_s72_fifo_single_seed1.json,uniform,72,fifo,True,1,533120,8.750,True,7.34447,96639,1748
results/raw/model/uniform_s72_fifo_single_seed1.json,uniform,72,fifo,True,1,548352,9.000,True,7.4331,97989,1769
results/raw/model/uniform_s72_fifo_single_seed1.json,uniform,72,fifo,True,1,563584,9.250,True,7.4073,97596,1763
results/raw/model/uniform_s72_fifo_single_seed1.json,uniform,72,fifo,True,1,578816,9.500,True,7.3532,96772,1750
results/raw/model/uniform_s72_fifo_single_seed1.json,uniform,72,fifo,True,1,594048,9.750,True,7.38649,97279,1758
results/raw/model/uniform_s72_fifo_single_seed1.json,uniform,72,fifo,True,1,609280,10.000,True,7.42457,97859,1767
results/raw/model/uniform_s72_fifo_single_seed1.json,uniform,72,fifo,True,1,624512,10.250,True,7.37815,97152,1756
results/raw/model/uniform_s72_fifo_single_seed1.json,uniform,72,fifo,True,1,639744,10.500,True,7.35681,96827,1751
results/raw/model/uniform_s72_fifo_single_seed1.json,uniform,72,fifo,True,1,654976,10.750,True,7.39509,97410,1760
results/raw/model/uniform_s72_fifo_single_seed1.json,uniform,72,fifo,True,1,670208,11.000,True,7.38629,97276,1758
results/raw/model/uniform_s72_fifo_single_seed1.json,uniform,72,fifo,True,1,685440,11.250,True,7.39076,97344,1759
results/raw/model/uniform_s72_fifo_single_seed1.json,uniform,72,fifo,True,1,700672,11.500,True,7.32405,96328,1743
results/raw/model/uniform_s72_fifo_single_seed1.json,uniform,72,fifo,True,1,715904,11.750,True,7.34835,96698,1749
results/raw/model/uniform_s72_fifo_single_seed1.json,uniform,72,fifo,True,1,731136,12.000,True,7.34027,96575,1747
results/raw/model/uniform_s72_fifo_single_seed2.json,uniform,72,fifo,True,2,15232,0.250,False,2.03434,78775,1398
results/raw/model/uniform_s72_fifo_single_seed2.json,uniform,72,fifo,True,2,30464,0.500,False,7.36581,96964,1753
results/raw/model/uniform_s72_fifo_single_seed2.json,uniform,72,fifo,True,2,45696,0.750,False,7.36968,97023,1754
results/raw/model/uniform_s72_fifo_single_seed2.json,uniform,72,fifo,True,2,60928,1.000,False,7.37855,97158,1756
results/raw/model/uniform_s72_fifo_single_seed2.json,uniform,72,fifo,True,2,76160,1.250,False,7.35281,96766,1750
results/raw/model/uniform_s72_fifo_single_seed2.json,uniform,72,fifo,True,2,91392,1.500,False,7.35701,96830,1751
results/raw/model/uniform_s72_fifo_single_seed2.json,uniform,72,fifo,True,2,106624,1.750,False,7.37809,97151,1756
results/raw/model/uniform_s72_fifo_single_seed2.json,uniform,72,fifo,True,2,121856,2.000,False,7.32767,96383,1744
results/raw/model/uniform_s72_fifo_single_seed2.json,uniform,72,fifo,True,2,137088,2.250,False,7.46671,98501,1777
results/raw/model/uniform_s72_fifo_single_seed2.json,uniform,72,fifo,True,2,152320,2.500,False,7.41124,97656,1764
results/raw/model/uniform_s72_fifo_single_seed2.json,uniform,72,fifo,True,2,167552,2.750,False,7.42864,97921,1768
results/raw/model/uniform_s72_fifo_single_seed2.json,uniform,72,fifo,True,2,182784,3.000,False,7.3364,96516,1746
results/raw/model/uniform_s72_fifo_single_seed2.json,uniform,72,fifo,True,2,198016,3.250,False,7.41971,97785,1766
results/raw/model/uniform_s72_fifo_single_seed2.json,uniform,72,fifo,True,2,213248,3.500,False,7.37421,97092,1755
results/raw/model/uniform_s72_fifo_single_seed2.json,uniform,72,fifo,True,2,228480,3.750,False,7.3404,96577,1747
results/raw/model/uniform_s72_fifo_single_seed2.json,uniform,72,fifo,True,2,243712,4.000,False,7.42004,97790,1766
results/raw/model/uniform_s72_fifo_single_seed2.json,uniform,72,fifo,True,2,258944,4.250,True,7.38708,97288,1758
results/raw/model/uniform_s72_fifo_single_seed2.json,uniform,72,fifo,True,2,274176,4.500,True,7.35281,96766,1750
results/raw/model/uniform_s72_fifo_single_seed2.json,uniform,72,fifo,True,2,289408,4.750,True,7.44951,98239,1773
results/raw/model/uniform_s72_fifo_single_seed2.json,uniform,72,fifo,True,2,304640,5.000,True,7.34835,96698,1749
results/raw/model/uniform_s72_fifo_single_seed2.json,uniform,72,fifo,True,2,319872,5.250,True,7.4417,98120,1771
results/raw/model/uniform_s72_fifo_single_seed2.json,uniform,72,fifo,True,2,335104,5.500,True,7.38229,97215,1757
results/raw/model/uniform_s72_fifo_single_seed2.json,uniform,72,fifo,True,2,350336,5.750,True,7.39489,97407,1760
results/raw/model/uniform_s72_fifo_single_seed2.json,uniform,72,fifo,True,2,365568,6.000,True,7.38248,97218,1757
results/raw/model/uniform_s72_fifo_single_seed2.json,uniform,72,fifo,True,2,380800,6.250,True,7.40323,97534,1762
results/raw/model/uniform_s72_fifo_single_seed2.json,uniform,72,fifo,True,2,396032,6.500,True,7.32773,96384,1744
results/raw/model/uniform_s72_fifo_single_seed2.json,uniform,72,fifo,True,2,411264,6.750,True,7.39082,97345,1759
results/raw/model/uniform_s72_fifo_single_seed2.json,uniform,72,fifo,True,2,426496,7.000,True,7.36541,96958,1753
results/raw/model/uniform_s72_fifo_single_seed2.json,uniform,72,fifo,True,2,441728,7.250,True,7.39522,97412,1760
results/raw/model/uniform_s72_fifo_single_seed2.json,uniform,72,fifo,True,2,456960,7.500,True,7.37756,97143,1756
results/raw/model/uniform_s72_fifo_single_seed2.json,uniform,72,fifo,True,2,472192,7.750,True,7.37848,97157,1756
results/raw/model/uniform_s72_fifo_single_seed2.json,uniform,72,fifo,True,2,487424,8.000,True,7.40356,97539,1762
results/raw/model/uniform_s72_fifo_single_seed2.json,uniform,72,fifo,True,2,502656,8.250,True,7.38209,97212,1757
results/raw/model/uniform_s72_fifo_single_seed2.json,uniform,72,fifo,True,2,517888,8.500,True,7.34887,96706,1749
results/raw/model/uniform_s72_fifo_single_seed2.json,uniform,72,fifo,True,2,533120,8.750,True,7.4329,97986,1769
results/raw/model/uniform_s72_fifo_single_seed2.json,uniform,72,fifo,True,2,548352,9.000,True,7.39483,97406,1760
results/raw/model/uniform_s72_fifo_single_seed2.json,uniform,72,fifo,True,2,563584,9.250,True,7.39062,97342,1759
results/raw/model/uniform_s72_fifo_single_seed2.json,uniform,72,fifo,True,2,578816,9.500,True,7.37809,97151,1756
results/raw/model/uniform_s72_fifo_single_seed2.json,uniform,72,fifo,True,2,594048,9.750,True,7.31952,96259,1742
results/raw/model/uniform_s72_fifo_single_seed2.json,uniform,72,fifo,True,2,609280,10.000,True,7.41991,97788,1766
results/raw/model/uniform_s72_fifo_single_seed2.json,uniform,72,fifo,True,2,624512,10.250,True,7.34053,96579,1747
results/raw/model/uniform_s72_fifo_single_seed2.json,uniform,72,fifo,True,2,639744,10.500,True,7.42844,97918,1768
results/raw/model/uniform_s72_fifo_single_seed2.json,uniform,72,fifo,True,2,654976,10.750,True,7.42877,97923,1768
results/raw/model/uniform_s72_fifo_single_seed2.json,uniform,72,fifo,True,2,670208,11.000,True,7.41616,97731,1765
results/raw/model/uniform_s72_fifo_single_seed2.json,uniform,72,fifo,True,2,685440,11.250,True,7.33981,96568,1747
results/raw/model/uniform_s72_fifo_single_seed2.json,uniform,72,fifo,True,2,700672,11.500,True,7.40316,97533,1762
results/raw/model/uniform_s72_fifo_single_seed2.json,uniform,72,fifo,True,2,715904,11.750,True,7.42463,97860,1767
results/raw/model/uniform_s72_fifo_single_seed2.json,uniform,72,fifo,True,2,731136,12.000,True,7.34473,96643,1748
results/raw/model/uniform_s72_fifo_single_seed3.json,uniform,72,fifo,True,3,15232,0.250,False,2.02013,77693,1381
results/raw/model/uniform_s72_fifo_single_seed3.json,uniform,72,fifo,True,3,30464,0.500,False,7.34001,96571,1747
results/raw/model/uniform_s72_fifo_single_seed3.json,uniform,72,fifo,True,3,45696,0.750,False,7.31946,96258,1742
results/raw/model/uniform_s72_fifo_single_seed3.json,uniform,72,fifo,True,3,60928,1.000,False,7.3448,96644,1748
results/raw/model/uniform_s72_fifo_single_seed3.json,uniform,72,fifo,True,3,76160,1.250,False,7.37388,97087,1755
results/raw/model/uniform_s72_fifo_single_seed3.json,uniform,72,fifo,True,3,91392,1.500,False,7.46593,98489,1777
results/raw/model/uniform_s72_fifo_single_seed3.json,uniform,72,fifo,True,3,106624,1.750,False,7.3578,96842,1751
results/raw/model/uniform_s72_fifo_single_seed3.json,uniform,72,fifo,True,3,121856,2.000,False,7.41176,97664,1764
results/raw/model/uniform_s72_fifo_single_seed3.json,uniform,72,fifo,True,3,137088,2.250,False,7.35255,96762,1750
results/raw/model/uniform_s72_fifo_single_seed3.json,uniform,72,fifo,True,3,152320,2.500,False,7.36581,96964,1753
results/raw/model/uniform_s72_fifo_single_seed3.json,uniform,72,fifo,True,3,167552,2.750,False,7.34887,96706,1749
results/raw/model/uniform_s72_fifo_single_seed3.json,uniform,72,fifo,True,3,182784,3.000,False,7.38202,97211,1757
results/raw/model/uniform_s72_fifo_single_seed3.json,uniform,72,fifo,True,3,198016,3.250,False,7.39522,97412,1760
results/raw/model/uniform_s72_fifo_single_seed3.json,uniform,72,fifo,True,3,213248,3.500,False,7.36981,97025,1754
results/raw/model/uniform_s72_fifo_single_seed3.json,uniform,72,fifo,True,3,228480,3.750,False,7.38642,97278,1758
results/raw/model/uniform_s72_fifo_single_seed3.json,uniform,72,fifo,True,3,243712,4.000,False,7.36541,96958,1753
results/raw/model/uniform_s72_fifo_single_seed3.json,uniform,72,fifo,True,3,258944,4.250,True,7.38242,97217,1757
results/raw/model/uniform_s72_fifo_single_seed3.json,uniform,72,fifo,True,3,274176,4.500,True,7.38642,97278,1758
results/raw/model/uniform_s72_fifo_single_seed3.json,uniform,72,fifo,True,3,289408,4.750,True,7.42043,97796,1766
results/raw/model/uniform_s72_fifo_single_seed3.json,uniform,72,fifo,True,3,304640,5.000,True,7.37795,97149,1756
results/raw/model/uniform_s72_fifo_single_seed3.json,uniform,72,fifo,True,3,319872,5.250,True,7.37421,97092,1755
results/raw/model/uniform_s72_fifo_single_seed3.json,uniform,72,fifo,True,3,335104,5.500,True,7.36509,96953,1753
results/raw/model/uniform_s72_fifo_single_seed3.json,uniform,72,fifo,True,3,350336,5.750,True,7.38262,97220,1757
results/raw/model/uniform_s72_fifo_single_seed3.json,uniform,72,fifo,True,3,365568,6.000,True,7.31473,96186,1741
results/raw/model/uniform_s72_fifo_single_seed3.json,uniform,72,fifo,True,3,380800,6.250,True,7.36148,96898,1752
results/raw/model/uniform_s72_fifo_single_seed3.json,uniform,72,fifo,True,3,396032,6.500,True,7.46678,98502,1777
results/raw/model/uniform_s72_fifo_single_seed3.json,uniform,72,fifo,True,3,411264,6.750,True,7.34421,96635,1748
results/raw/model/uniform_s72_fifo_single_seed3.json,uniform,72,fifo,True,3,426496,7.000,True,7.30259,96001,1738
results/raw/model/uniform_s72_fifo_single_seed3.json,uniform,72,fifo,True,3,441728,7.250,True,7.43271,97983,1769
results/raw/model/uniform_s72_fifo_single_seed3.json,uniform,72,fifo,True,3,456960,7.500,True,7.42463,97860,1767
results/raw/model/uniform_s72_fifo_single_seed3.json,uniform,72,fifo,True,3,472192,7.750,True,7.41157,97661,1764
results/raw/model/uniform_s72_fifo_single_seed3.json,uniform,72,fifo,True,3,487424,8.000,True,7.34881,96705,1749
results/raw/model/uniform_s72_fifo_single_seed3.json,uniform,72,fifo,True,3,502656,8.250,True,7.34473,96643,1748
results/raw/model/uniform_s72_fifo_single_seed3.json,uniform,72,fifo,True,3,517888,8.500,True,7.40323,97534,1762
results/raw/model/uniform_s72_fifo_single_seed3.json,uniform,72,fifo,True,3,533120,8.750,True,7.38629,97276,1758
results/raw/model/uniform_s72_fifo_single_seed3.json,uniform,72,fifo,True,3,548352,9.000,True,7.37021,97031,1754
results/raw/model/uniform_s72_fifo_single_seed3.json,uniform,72,fifo,True,3,563584,9.250,True,7.36962,97022,1754
results/raw/model/uniform_s72_fifo_single_seed3.json,uniform,72,fifo,True,3,578816,9.500,True,7.33627,96514,1746
results/raw/model/uniform_s72_fifo_single_seed3.json,uniform,72,fifo,True,3,594048,9.750,True,7.38642,97278,1758
results/raw/model/uniform_s72_fifo_single_seed3.json,uniform,72,fifo,True,3,609280,10.000,True,7.35727,96834,1751
results/raw/model/uniform_s72_fifo_single_seed3.json,uniform,72,fifo,True,3,624512,10.250,True,7.34854,96701,1749
results/raw/model/uniform_s72_fifo_single_seed3.json,uniform,72,fifo,True,3,639744,10.500,True,7.41124,97656,1764
results/raw/model/uniform_s72_fifo_single_seed3.json,uniform,72,fifo,True,3,654976,10.750,True,7.3618,96903,1752
results/raw/model/uniform_s72_fifo_single_seed3.json,uniform,72,fifo,True,3,670208,11.000,True,7.35301,96769,1750
results/raw/model/uniform_s72_fifo_single_seed3.json,uniform,72,fifo,True,3,685440,11.250,True,7.41991,97788,1766
results/raw/model/uniform_s72_fifo_single_seed3.json,uniform,72,fifo,True,3,700672,11.500,True,7.36548,96959,1753
results/raw/model/uniform_s72_fifo_single_seed3.json,uniform,72,fifo,True,3,715904,11.750,True,7.38682,97284,1758
results/raw/model/uniform_s72_fifo_single_seed3.json,uniform,72,fifo,True,3,731136,12.000,True,7.40763,97601,1763
results/raw/model/uniform_s72_greedy_single_seed1.json,uniform,72,greedy,True,1,15232,0.250,False,1.82173,62583,1145
results/raw/model/uniform_s72_greedy_single_seed1.json,uniform,72,greedy,True,1,30464,0.500,False,6.63918,85896,1580
results/raw/model/uniform_s72_greedy_single_seed1.json,uniform,72,greedy,True,1,45696,0.750,False,6.67201,86396,1588
results/raw/model/uniform_s72_greedy_single_seed1.json,uniform,72,greedy,True,1,60928,1.000,False,6.63872,85889,1580
results/raw/model/uniform_s72_greedy_single_seed1.json,uniform,72,greedy,True,1,76160,1.250,False,6.70148,86845,1595
results/raw/model/uniform_s72_greedy_single_seed1.json,uniform,72,greedy,True,1,91392,1.500,False,6.68894,86654,1592
results/raw/model/uniform_s72_greedy_single_seed1.json,uniform,72,greedy,True,1,106624,1.750,False,6.63452,85825,1579
results/raw/model/uniform_s72_greedy_single_seed1.json,uniform,72,greedy,True,1,121856,2.000,False,6.66813,86337,1587
results/raw/model/uniform_s72_greedy_single_seed1.json,uniform,72,greedy,True,1,137088,2.250,False,6.63898,85893,1580
results/raw/model/uniform_s72_greedy_single_seed1.json,uniform,72,greedy,True,1,152320,2.500,False,6.65133,86081,1583
results/raw/model/uniform_s72_greedy_single_seed1.json,uniform,72,greedy,True,1,167552,2.750,False,6.68908,86656,1592
results/raw/model/uniform_s72_greedy_single_seed1.json,uniform,72,greedy,True,1,182784,3.000,False,6.64699,86015,1582
results/raw/model/uniform_s72_greedy_single_seed1.json,uniform,72,greedy,True,1,198016,3.250,False,6.71409,87037,1598
results/raw/model/uniform_s72_greedy_single_seed1.json,uniform,72,greedy,True,1,213248,3.500,False,6.62585,85693,1577
results/raw/model/uniform_s72_greedy_single_seed1.json,uniform,72,greedy,True,1,228480,3.750,False,6.66439,86280,1586
results/raw/model/uniform_s72_greedy_single_seed1.json,uniform,72,greedy,True,1,243712,4.000,False,6.66774,86331,1587
results/raw/model/uniform_s72_greedy_single_seed1.json,uniform,72,greedy,True,1,258944,4.250,True,6.71836,87102,1599
results/raw/model/uniform_s72_greedy_single_seed1.json,uniform,72,greedy,True,1,274176,4.500,True,6.62644,85702,1577
results/raw/model/uniform_s72_greedy_single_seed1.json,uniform,72,greedy,True,1,289408,4.750,True,6.7265,87226,1601
results/raw/model/uniform_s72_greedy_single_seed1.json,uniform,72,greedy,True,1,304640,5.000,True,6.6684,86341,1587
results/raw/model/uniform_s72_greedy_single_seed1.json,uniform,72,greedy,True,1,319872,5.250,True,6.6638,86271,1586
results/raw/model/uniform_s72_greedy_single_seed1.json,uniform,72,greedy,True,1,335104,5.500,True,6.68468,86589,1591
results/raw/model/uniform_s72_greedy_single_seed1.json,uniform,72,greedy,True,1,350336,5.750,True,6.67686,86470,1589
results/raw/model/uniform_s72_greedy_single_seed1.json,uniform,72,greedy,True,1,365568,6.000,True,6.66373,86270,1586
results/raw/model/uniform_s72_greedy_single_seed1.json,uniform,72,greedy,True,1,380800,6.250,True,6.67608,86458,1589
results/raw/model/uniform_s72_greedy_single_seed1.json,uniform,72,greedy,True,1,396032,6.500,True,6.66019,86216,1585
results/raw/model/uniform_s72_greedy_single_seed1.json,uniform,72,greedy,True,1,411264,6.750,True,6.70116,86840,1595
results/raw/model/uniform_s72_greedy_single_seed1.json,uniform,72,greedy,True,1,426496,7.000,True,6.64706,86016,1582
results/raw/model/uniform_s72_greedy_single_seed1.json,uniform,72,greedy,True,1,441728,7.250,True,6.68533,86599,1591
results/raw/model/uniform_s72_greedy_single_seed1.json,uniform,72,greedy,True,1,456960,7.500,True,6.68914,86657,1592
results/raw/model/uniform_s72_greedy_single_seed1.json,uniform,72,greedy,True,1,472192,7.750,True,6.66754,86328,1587
results/raw/model/uniform_s72_greedy_single_seed1.json,uniform,72,greedy,True,1,487424,8.000,True,6.69748,86784,1594
results/raw/model/uniform_s72_greedy_single_seed1.json,uniform,72,greedy,True,1,502656,8.250,True,6.66433,86279,1586
results/raw/model/uniform_s72_greedy_single_seed1.json,uniform,72,greedy,True,1,517888,8.500,True,6.68888,86653,1592
results/raw/model/uniform_s72_greedy_single_seed1.json,uniform,72,greedy,True,1,533120,8.750,True,6.6682,86338,1587
results/raw/model/uniform_s72_greedy_single_seed1.json,uniform,72,greedy,True,1,548352,9.000,True,6.69748,86784,1594
results/raw/model/uniform_s72_greedy_single_seed1.json,uniform,72,greedy,True,1,563584,9.250,True,6.664,86274,1586
results/raw/model/uniform_s72_greedy_single_seed1.json,uniform,72,greedy,True,1,578816,9.500,True,6.70168,86848,1595
results/raw/model/uniform_s72_greedy_single_seed1.json,uniform,72,greedy,True,1,594048,9.750,True,6.67634,86462,1589
results/raw/model/uniform_s72_greedy_single_seed1.json,uniform,72,greedy,True,1,609280,10.000,True,6.65113,86078,1583
results/raw/model/uniform_s72_greedy_single_seed1.json,uniform,72,greedy,True,1,624512,10.250,True,6.66794,86334,1587
results/raw/model/uniform_s72_greedy_single_seed1.json,uniform,72,greedy,True,1,639744,10.500,True,6.67634,86462,1589
results/raw/model/uniform_s72_greedy_single_seed1.json,uniform,72,greedy,True,1,654976,10.750,True,6.71422,87039,1598
results/raw/model/uniform_s72_greedy_single_seed1.json,uniform,72,greedy,True,1,670208,11.000,True,6.69374,86727,1593
results/raw/model/uniform_s72_greedy_single_seed1.json,uniform,72,greedy,True,1,685440,11.250,True,6.66794,86334,1587
results/raw/model/uniform_s72_greedy_single_seed1.json,uniform,72,greedy,True,1,700672,11.500,True,6.65146,86083,1583
results/raw/model/uniform_s72_greedy_single_seed1.json,uniform,72,greedy,True,1,715904,11.750,True,6.65513,86139,1584
results/raw/model/uniform_s72_greedy_single_seed1.json,uniform,72,greedy,True,1,731136,12.000,True,6.63452,85825,1579
results/raw/model/uniform_s72_greedy_single_seed2.json,uniform,72,greedy,True,2,15232,0.250,False,1.82605,62912,1150
results/raw/model/uniform_s72_greedy_single_seed2.json,uniform,72,greedy,True,2,30464,0.500,False,6.66341,86265,1586
results/raw/model/uniform_s72_greedy_single_seed2.json,uniform,72,greedy,True,2,45696,0.750,False,6.68527,86598,1591
results/raw/model/uniform_s72_greedy_single_seed2.json,uniform,72,greedy,True,2,60928,1.000,False,6.61299,85497,1574
results/raw/model/uniform_s72_greedy_single_seed2.json,uniform,72,greedy,True,2,76160,1.250,False,6.73989,87430,1604
results/raw/model/uniform_s72_greedy_single_seed2.json,uniform,72,greedy,True,2,91392,1.500,False,6.63852,85886,1580
results/raw/model/uniform_s72_greedy_single_seed2.json,uniform,72,greedy,True,2,106624,1.750,False,6.69301,86716,1593
results/raw/model/uniform_s72_greedy_single_seed2.json,uniform,72,greedy,True,2,121856,2.000,False,6.66846,86342,1587
results/raw/model/uniform_s72_greedy_single_seed2.json,uniform,72,greedy,True,2,137088,2.250,False,6.71402,87036,1598
results/raw/model/uniform_s72_greedy_single_seed2.json,uniform,72,greedy,True,2,152320,2.500,False,6.71455,87044,1598
results/raw/model/uniform_s72_greedy_single_seed2.json,uniform,72,greedy,True,2,167552,2.750,False,6.668,86335,1587
results/raw/model/uniform_s72_greedy_single_seed2.json,uniform,72,greedy,True,2,182784,3.000,False,6.68048,86525,1590
results/raw/model/uniform_s72_greedy_single_seed2.json,uniform,72,greedy,True,2,198016,3.250,False,6.68061,86527,1590
results/raw/model/uniform_s72_greedy_single_seed2.json,uniform,72,greedy,True,2,213248,3.500,False,6.65119,86079,1583
results/raw/model/uniform_s72_greedy_single_seed2.json,uniform,72,greedy,True,2,228480,3.750,False,6.71429,87040,1598
results/raw/model/uniform_s72_greedy_single_seed2.json,uniform,72,greedy,True,2,243712,4.000,False,6.67667,86467,1589
results/raw/model/uniform_s72_greedy_single_seed2.json,uniform,72,greedy,True,2,258944,4.250,True,6.70194,86852,1595
results/raw/model/uniform_s72_greedy_single_seed2.json,uniform,72,greedy,True,2,274176,4.500,True,6.67181,86393,1588
results/raw/model/uniform_s72_greedy_single_seed2.json,uniform,72,greedy,True,2,289408,4.750,True,6.67253,86404,1588
results/raw/model/uniform_s72_greedy_single_seed2.json,uniform,72,greedy,True,2,304640,5.000,True,6.63006,85757,1578
results/raw/model/uniform_s72_greedy_single_seed2.json,uniform,72,greedy,True,2,319872,5.250,True,6.63452,85825,1579
results/raw/model/uniform_s72_greedy_single_seed2.json,uniform,72,greedy,True,2,335104,5.500,True,6.68501,86594,1591
results/raw/model/uniform_s72_greedy_single_seed2.json,uniform,72,greedy,True,2,350336,5.750,True,6.64273,85950,1581
results/raw/model/uniform_s72_greedy_single_seed2.json,uniform,72,greedy,True,2,365568,6.000,True,6.59664,85248,1570
results/raw/model/uniform_s72_greedy_single_seed2.json,uniform,72,greedy,True,2,380800,6.250,True,6.63445,85824,1579
results/raw/model/uniform_s72_greedy_single_seed2.json,uniform,72,greedy,True,2,396032,6.500,True,6.65993,86212,1585
results/raw/model/uniform_s72_greedy_single_seed2.json,uniform,72,greedy,True,2,411264,6.750,True,6.67614,86459,1589
results/raw/model/uniform_s72_greedy_single_seed2.json,uniform,72,greedy,True,2,426496,7.000,True,6.67247,86403,1588
results/raw/model/uniform_s72_greedy_single_seed2.json,uniform,72,greedy,True,2,441728,7.250,True,6.68034,86523,1590
results/raw/model/uniform_s72_greedy_single_seed2.json,uniform,72,greedy,True,2,456960,7.500,True,6.65986,86211,1585
results/raw/model/uniform_s72_greedy_single_seed2.json,uniform,72,greedy,True,2,472192,7.750,True,6.69341,86722,1593
results/raw/model/uniform_s72_greedy_single_seed2.json,uniform,72,greedy,True,2,487424,8.000,True,6.65566,86147,1584
results/raw/model/uniform_s72_greedy_single_seed2.json,uniform,72,greedy,True,2,502656,8.250,True,6.6552,86140,1584
results/raw/model/uniform_s72_greedy_single_seed2.json,uniform,72,greedy,True,2,517888,8.500,True,6.65973,86209,1585
results/raw/model/uniform_s72_greedy_single_seed2.json,uniform,72,greedy,True,2,533120,8.750,True,6.66387,86272,1586
results/raw/model/uniform_s72_greedy_single_seed2.json,uniform,72,greedy,True,2,548352,9.000,True,6.67673,86468,1589
results/raw/model/uniform_s72_greedy_single_seed2.json,uniform,72,greedy,True,2,563584,9.250,True,6.68015,86520,1590
results/raw/model/uniform_s72_greedy_single_seed2.json,uniform,72,greedy,True,2,578816,9.500,True,6.63019,85759,1578
results/raw/model/uniform_s72_greedy_single_seed2.json,uniform,72,greedy,True,2,594048,9.750,True,6.63058,85765,1578
results/raw/model/uniform_s72_greedy_single_seed2.json,uniform,72,greedy,True,2,609280,10.000,True,6.65566,86147,1584
results/raw/model/uniform_s72_greedy_single_seed2.json,uniform,72,greedy,True,2,624512,10.250,True,6.65507,86138,1584
results/raw/model/uniform_s72_greedy_single_seed2.json,uniform,72,greedy,True,2,639744,10.500,True,6.71888,87110,1599
results/raw/model/uniform_s72_greedy_single_seed2.json,uniform,72,greedy,True,2,654976,10.750,True,6.68074,86529,1590
results/raw/model/uniform_s72_greedy_single_seed2.json,uniform,72,greedy,True,2,670208,11.000,True,6.70995,86974,1597
results/raw/model/uniform_s72_greedy_single_seed2.json,uniform,72,greedy,True,2,685440,11.250,True,6.70155,86846,1595
results/raw/model/uniform_s72_greedy_single_seed2.json,uniform,72,greedy,True,2,700672,11.500,True,6.62605,85696,1577
results/raw/model/uniform_s72_greedy_single_seed2.json,uniform,72,greedy,True,2,715904,11.750,True,6.69334,86721,1593
results/raw/model/uniform_s72_greedy_single_seed2.json,uniform,72,greedy,True,2,731136,12.000,True,6.63006,85757,1578
results/raw/model/uniform_s72_greedy_single_seed3.json,uniform,72,greedy,True,3,15232,0.250,False,1.83435,63544,1160
results/raw/model/uniform_s72_greedy_single_seed3.json,uniform,72,greedy,True,3,30464,0.500,False,6.64739,86021,1582
results/raw/model/uniform_s72_greedy_single_seed3.json,uniform,72,greedy,True,3,45696,0.750,False,6.6598,86210,1585
results/raw/model/uniform_s72_greedy_single_seed3.json,uniform,72,greedy,True,3,60928,1.000,False,6.6508,86073,1583
results/raw/model/uniform_s72_greedy_single_seed3.json,uniform,72,greedy,True,3,76160,1.250,False,6.72709,87235,1601
results/raw/model/uniform_s72_greedy_single_seed3.json,uniform,72,greedy,True,3,91392,1.500,False,6.69774,86788,1594
results/raw/model/uniform_s72_greedy_single_seed3.json,uniform,72,greedy,True,3,106624,1.750,False,6.69315,86718,1593
results/raw/model/uniform_s72_greedy_single_seed3.json,uniform,72,greedy,True,3,121856,2.000,False,6.65934,86203,1585
results/raw/model/uniform_s72_greedy_single_seed3.json,uniform,72,greedy,True,3,137088,2.250,False,6.65592,86151,1584
results/raw/model/uniform_s72_greedy_single_seed3.json,uniform,72,greedy,True,3,152320,2.500,False,6.65513,86139,1584
results/raw/model/uniform_s72_greedy_single_seed3.json,uniform,72,greedy,True,3,167552,2.750,False,6.64706,86016,1582
results/raw/model/uniform_s72_greedy_single_seed3.json,uniform,72,greedy,True,3,182784,3.000,False,6.6766,86466,1589
results/raw/model/uniform_s72_greedy_single_seed3.json,uniform,72,greedy,True,3,198016,3.250,False,6.62605,85696,1577
results/raw/model/uniform_s72_greedy_single_seed3.json,uniform,72,greedy,True,3,213248,3.500,False,6.64712,86017,1582
results/raw/model/uniform_s72_greedy_single_seed3.json,uniform,72,greedy,True,3,228480,3.750,False,6.69761,86786,1594
results/raw/model/uniform_s72_greedy_single_seed3.json,uniform,72,greedy,True,3,243712,4.000,False,6.61758,85567,1575
results/raw/model/uniform_s72_greedy_single_seed3.json,uniform,72,greedy,True,3,258944,4.250,True,6.664,86274,1586
results/raw/model/uniform_s72_greedy_single_seed3.json,uniform,72,greedy,True,3,274176,4.500,True,6.67614,86459,1589
results/raw/model/uniform_s72_greedy_single_seed3.json,uniform,72,greedy,True,3,289408,4.750,True,6.70194,86852,1595
results/raw/model/uniform_s72_greedy_single_seed3.json,uniform,72,greedy,True,3,304640,5.000,True,6.68041,86524,1590
results/raw/model/uniform_s72_greedy_single_seed3.json,uniform,72,greedy,True,3,319872,5.250,True,6.66813,86337,1587
results/raw/model/uniform_s72_greedy_single_seed3.json,uniform,72,greedy,True,3,335104,5.500,True,6.68474,86590,1591
results/raw/model/uniform_s72_greedy_single_seed3.json,uniform,72,greedy,True,3,350336,5.750,True,6.66419,86277,1586
results/raw/model/uniform_s72_greedy_single_seed3.json,uniform,72,greedy,True,3,365568,6.000,True,6.65074,86072,1583
results/raw/model/uniform_s72_greedy_single_seed3.json,uniform,72,greedy,True,3,380800,6.250,True,6.71035,86980,1597
results/raw/model/uniform_s72_greedy_single_seed3.json,uniform,72,greedy,True,3,396032,6.500,True,6.68501,86594,1591
results/raw/model/uniform_s72_greedy_single_seed3.json,uniform,72,greedy,True,3,411264,6.750,True,6.67194,86395,1588
results/raw/model/uniform_s72_greedy_single_seed3.json,uniform,72,greedy,True,3,426496,7.000,True,6.65172,86087,1583
results/raw/model/uniform_s72_greedy_single_seed3.json,uniform,72,greedy,True,3,441728,7.250,True,6.70148,86845,1595
results/raw/model/uniform_s72_greedy_single_seed3.json,uniform,72,greedy,True,3,456960,7.500,True,6.68888,86653,1592
results/raw/model/uniform_s72_greedy_single_seed3.json,uniform,72,greedy,True,3,472192,7.750,True,6.66393,86273,1586
results/raw/model/uniform_s72_greedy_single_seed3.json,uniform,72,greedy,True,3,487424,8.000,True,6.68514,86596,1591
results/raw/model/uniform_s72_greedy_single_seed3.json,uniform,72,greedy,True,3,502656,8.250,True,6.70995,86974,1597
results/raw/model/uniform_s72_greedy_single_seed3.json,uniform,72,greedy,True,3,517888,8.500,True,6.63445,85824,1579
results/raw/model/uniform_s72_greedy_single_seed3.json,uniform,72,greedy,True,3,533120,8.750,True,6.70562,86908,1596
results/raw/model/uniform_s72_greedy_single_seed3.json,uniform,72,greedy,True,3,548352,9.000,True,6.66813,86337,1587
results/raw/model/uniform_s72_greedy_single_seed3.json,uniform,72,greedy,True,3,563584,9.250,True,6.68934,86660,1592
results/raw/model/uniform_s72_greedy_single_seed3.json,uniform,72,greedy,True,3,578816,9.500,True,6.69709,86778,1594
results/raw/model/uniform_s72_greedy_single_seed3.json,uniform,72,greedy,True,3,594048,9.750,True,6.6808,86530,1590
results/raw/model/uniform_s72_greedy_single_seed3.json,uniform,72,greedy,True,3,609280,10.000,True,6.70588,86912,1596
results/raw/model/uniform_s72_greedy_single_seed3.json,uniform,72,greedy,True,3,624512,10.250,True,6.71415,87038,1598
results/raw/model/uniform_s72_greedy_single_seed3.json,uniform,72,greedy,True,3,639744,10.500,True,6.698,86792,1594
results/raw/model/uniform_s72_greedy_single_seed3.json,uniform,72,greedy,True,3,654976,10.750,True,6.64673,86011,1582
results/raw/model/uniform_s72_greedy_single_seed3.json,uniform,72,greedy,True,3,670208,11.000,True,6.69748,86784,1594
results/raw/model/uniform_s72_greedy_single_seed3.json,uniform,72,greedy,True,3,685440,11.250,True,6.69328,86720,1593
results/raw/model/uniform_s72_greedy_single_seed3.json,uniform,72,greedy,True,3,700672,11.500,True,6.73969,87427,1604
results/raw/model/uniform_s72_greedy_single_seed3.json,uniform,72,greedy,True,3,715904,11.750,True,6.6596,86207,1585
results/raw/model/uniform_s72_greedy_single_seed3.json,uniform,72,greedy,True,3,731136,12.000,True,6.70181,86850,1595
results/raw/long/hotcold_s72_fifo_seed1.json,hotcold,72,fifo,False,1,30464,0.500,True,2.83825,168001,3030
results/raw/long/hotcold_s72_fifo_seed1.json,hotcold,72,fifo,False,1,60928,1.000,True,7.51654,198520,3578
results/raw/long/hotcold_s72_fifo_seed1.json,hotcold,72,fifo,False,1,91392,1.500,True,7.62395,201792,3629
results/raw/long/hotcold_s72_fifo_seed1.json,hotcold,72,fifo,False,1,121856,2.000,True,7.69751,204033,3664
results/raw/long/hotcold_s72_fifo_seed1.json,hotcold,72,fifo,False,1,152320,2.500,True,7.68235,203571,3657
results/raw/long/hotcold_s72_fifo_seed1.json,hotcold,72,fifo,False,1,182784,3.000,True,7.66236,202962,3647
results/raw/long/hotcold_s72_fifo_seed1.json,hotcold,72,fifo,False,1,213248,3.500,True,7.71005,204415,3670
results/raw/long/hotcold_s72_fifo_seed1.json,hotcold,72,fifo,False,1,243712,4.000,True,7.62786,201911,3631
results/raw/long/hotcold_s72_fifo_seed1.json,hotcold,72,fifo,False,1,274176,4.500,True,7.69518,203962,3663
results/raw/long/hotcold_s72_fifo_seed1.json,hotcold,72,fifo,False,1,304640,5.000,True,7.64942,202568,3641
results/raw/long/hotcold_s72_fifo_seed1.json,hotcold,72,fifo,False,1,335104,5.500,True,7.69564,203976,3663
results/raw/long/hotcold_s72_fifo_seed1.json,hotcold,72,fifo,False,1,365568,6.000,True,7.70779,204346,3669
results/raw/long/hotcold_s72_fifo_seed1.json,hotcold,72,fifo,False,1,396032,6.500,True,7.62832,201925,3631
results/raw/long/hotcold_s72_fifo_seed1.json,hotcold,72,fifo,False,1,426496,7.000,True,7.69932,204088,3665
results/raw/long/hotcold_s72_fifo_seed1.json,hotcold,72,fifo,False,1,456960,7.500,True,7.70184,204165,3666
results/raw/long/hotcold_s72_fifo_seed1.json,hotcold,72,fifo,False,1,487424,8.000,True,7.68044,203513,3656
results/raw/long/hotcold_s72_fifo_seed1.json,hotcold,72,fifo,False,1,517888,8.500,True,7.69997,204108,3665
results/raw/long/hotcold_s72_fifo_seed1.json,hotcold,72,fifo,False,1,548352,9.000,True,7.6597,202881,3646
results/raw/long/hotcold_s72_fifo_seed1.json,hotcold,72,fifo,False,1,578816,9.500,True,7.63632,202169,3635
results/raw/long/hotcold_s72_fifo_seed1.json,hotcold,72,fifo,False,1,609280,10.000,True,7.70608,204294,3668
results/raw/long/hotcold_s72_fifo_seed1.json,hotcold,72,fifo,False,1,639744,10.500,True,7.70378,204224,3667
results/raw/long/hotcold_s72_fifo_seed1.json,hotcold,72,fifo,False,1,670208,11.000,True,7.65543,202751,3644
results/raw/long/hotcold_s72_fifo_seed1.json,hotcold,72,fifo,False,1,700672,11.500,True,7.68908,203776,3660
results/raw/long/hotcold_s72_fifo_seed1.json,hotcold,72,fifo,False,1,731136,12.000,True,7.68494,203650,3658
results/raw/long/hotcold_s72_fifo_seed1.json,hotcold,72,fifo,False,1,761600,12.500,True,7.62175,201725,3628
results/raw/long/hotcold_s72_fifo_seed1.json,hotcold,72,fifo,False,1,792064,13.000,True,7.66813,203138,3650
results/raw/long/hotcold_s72_fifo_seed1.json,hotcold,72,fifo,False,1,822528,13.500,True,7.68697,203712,3659
results/raw/long/hotcold_s72_fifo_seed1.json,hotcold,72,fifo,False,1,852992,14.000,True,7.71159,204462,3671
results/raw/long/hotcold_s72_fifo_seed1.json,hotcold,72,fifo,False,1,883456,14.500,True,7.6809,203527,3656
results/raw/long/hotcold_s72_fifo_seed1.json,hotcold,72,fifo,False,1,913920,15.000,True,7.68724,203720,3659
results/raw/long/hotcold_s72_fifo_seed1.json,hotcold,72,fifo,False,1,944384,15.500,True,7.64666,202484,3640
results/raw/long/hotcold_s72_fifo_seed1.json,hotcold,72,fifo,False,1,974848,16.000,True,7.67053,203211,3651
results/raw/long/hotcold_s72_fifo_seed1.json,hotcold,72,fifo,False,1,1005312,16.500,True,7.67608,203380,3654
results/raw/long/hotcold_s72_fifo_seed1.json,hotcold,72,fifo,False,1,1035776,17.000,True,7.63278,202061,3633
results/raw/long/hotcold_s72_fifo_seed1.json,hotcold,72,fifo,False,1,1066240,17.500,True,7.65957,202877,3646
results/raw/long/hotcold_s72_fifo_seed1.json,hotcold,72,fifo,False,1,1096704,18.000,True,7.71218,204480,3671
results/raw/long/hotcold_s72_fifo_seed1.json,hotcold,72,fifo,False,1,1127168,18.500,True,7.68908,203776,3660
results/raw/long/hotcold_s72_fifo_seed1.json,hotcold,72,fifo,False,1,1157632,19.000,True,7.69141,203847,3661
results/raw/long/hotcold_s72_fifo_seed1.json,hotcold,72,fifo,False,1,1188096,19.500,True,7.64673,202486,3640
results/raw/long/hotcold_s72_fifo_seed1.json,hotcold,72,fifo,False,1,1218560,20.000,True,7.64456,202420,3639
results/raw/long/hotcold_s72_fifo_seed1.json,hotcold,72,fifo,False,1,1249024,20.500,True,7.68973,203796,3660
results/raw/long/hotcold_s72_fifo_seed1.json,hotcold,72,fifo,False,1,1279488,21.000,True,7.69292,203893,3662
results/raw/long/hotcold_s72_fifo_seed1.json,hotcold,72,fifo,False,1,1309952,21.500,True,7.67893,203467,3655
results/raw/long/hotcold_s72_fifo_seed1.json,hotcold,72,fifo,False,1,1340416,22.000,True,7.68281,203585,3657
results/raw/long/hotcold_s72_fifo_seed1.json,hotcold,72,fifo,False,1,1370880,22.500,True,7.66991,203192,3651
results/raw/long/hotcold_s72_fifo_seed1.json,hotcold,72,fifo,False,1,1401344,23.000,True,7.73559,205193,3682
results/raw/long/hotcold_s72_fifo_seed1.json,hotcold,72,fifo,False,1,1431808,23.500,True,7.6764,203390,3654
results/raw/long/hotcold_s72_fifo_seed1.json,hotcold,72,fifo,False,1,1462272,24.000,True,7.69676,204010,3664
results/raw/long/hotcold_s72_fifo_seed1.json,hotcold,72,fifo,False,1,1492736,24.500,True,7.64781,202519,3640
results/raw/long/hotcold_s72_fifo_seed1.json,hotcold,72,fifo,False,1,1523200,25.000,True,7.69919,204084,3665
results/raw/long/hotcold_s72_fifo_seed1.json,hotcold,72,fifo,False,1,1553664,25.500,True,7.6787,203460,3655
results/raw/long/hotcold_s72_fifo_seed1.json,hotcold,72,fifo,False,1,1584128,26.000,True,7.63035,201987,3632
results/raw/long/hotcold_s72_fifo_seed1.json,hotcold,72,fifo,False,1,1614592,26.500,True,7.68924,203781,3660
results/raw/long/hotcold_s72_fifo_seed1.json,hotcold,72,fifo,False,1,1645056,27.000,True,7.66784,203129,3650
results/raw/long/hotcold_s72_fifo_seed1.json,hotcold,72,fifo,False,1,1675520,27.500,True,7.68501,203652,3658
results/raw/long/hotcold_s72_fifo_seed1.json,hotcold,72,fifo,False,1,1705984,28.000,True,7.72275,204802,3676
results/raw/long/hotcold_s72_fifo_seed1.json,hotcold,72,fifo,False,1,1736448,28.500,True,7.68484,203647,3658
results/raw/long/hotcold_s72_fifo_seed1.json,hotcold,72,fifo,False,1,1766912,29.000,True,7.7501,205635,3689
results/raw/long/hotcold_s72_fifo_seed1.json,hotcold,72,fifo,False,1,1797376,29.500,True,7.65737,202810,3645
results/raw/long/hotcold_s72_fifo_seed1.json,hotcold,72,fifo,False,1,1827840,30.000,True,7.69134,203845,3661
results/raw/long/hotcold_s72_fifo_seed1.json,hotcold,72,fifo,False,1,1858304,30.500,True,7.68248,203575,3657
results/raw/long/hotcold_s72_fifo_seed1.json,hotcold,72,fifo,False,1,1888768,31.000,True,7.64489,202430,3639
results/raw/long/hotcold_s72_fifo_seed1.json,hotcold,72,fifo,False,1,1919232,31.500,True,7.6745,203332,3653
results/raw/long/hotcold_s72_fifo_seed1.json,hotcold,72,fifo,False,1,1949696,32.000,True,7.67854,203455,3655
results/raw/long/hotcold_s72_fifo_seed1.json,hotcold,72,fifo,False,1,1980160,32.500,True,7.69344,203909,3662
results/raw/long/hotcold_s72_fifo_seed1.json,hotcold,72,fifo,False,1,2010624,33.000,True,7.6598,202884,3646
results/raw/long/hotcold_s72_fifo_seed1.json,hotcold,72,fifo,False,1,2041088,33.500,True,7.67217,203261,3652
results/raw/long/hotcold_s72_fifo_seed1.json,hotcold,72,fifo,False,1,2071552,34.000,True,7.66794,203132,3650
results/raw/long/hotcold_s72_fifo_seed1.json,hotcold,72,fifo,False,1,2102016,34.500,True,7.70171,204161,3666
results/raw/long/hotcold_s72_fifo_seed1.json,hotcold,72,fifo,False,1,2132480,35.000,True,7.72669,204922,3678
results/raw/long/hotcold_s72_fifo_seed1.json,hotcold,72,fifo,False,1,2162944,35.500,True,7.64115,202316,3637
results/raw/long/hotcold_s72_fifo_seed1.json,hotcold,72,fifo,False,1,2193408,36.000,True,7.69731,204027,3664
results/raw/long/hotcold_s72_fifo_seed1.json,hotcold,72,fifo,False,1,2223872,36.500,True,7.67398,203316,3653
results/raw/long/hotcold_s72_fifo_seed1.json,hotcold,72,fifo,False,1,2254336,37.000,True,7.62595,201853,3630
results/raw/long/hotcold_s72_fifo_seed1.json,hotcold,72,fifo,False,1,2284800,37.500,True,7.66603,203074,3649
results/raw/long/hotcold_s72_fifo_seed1.json,hotcold,72,fifo,False,1,2315264,38.000,True,7.64758,202512,3640
results/raw/long/hotcold_s72_fifo_seed1.json,hotcold,72,fifo,False,1,2345728,38.500,True,7.70782,204347,3669
results/raw/long/hotcold_s72_fifo_seed1.json,hotcold,72,fifo,False,1,2376192,39.000,True,7.69324,203903,3662
results/raw/long/hotcold_s72_fifo_seed1.json,hotcold,72,fifo,False,1,2406656,39.500,True,7.70378,204224,3667
results/raw/long/hotcold_s72_fifo_seed1.json,hotcold,72,fifo,False,1,2437120,40.000,True,7.63452,202114,3634
results/raw/long/hotcold_s72_greedy_seed1.json,hotcold,72,greedy,False,1,30464,0.500,True,2.25557,114749,2198
results/raw/long/hotcold_s72_greedy_seed1.json,hotcold,72,greedy,False,1,60928,1.000,True,6.93074,180674,3299
results/raw/long/hotcold_s72_greedy_seed1.json,hotcold,72,greedy,False,1,91392,1.500,True,6.8234,177404,3248
results/raw/long/hotcold_s72_greedy_seed1.json,hotcold,72,greedy,False,1,121856,2.000,True,6.80045,176705,3237
results/raw/long/hotcold_s72_greedy_seed1.json,hotcold,72,greedy,False,1,152320,2.500,True,6.77741,176003,3226
results/raw/long/hotcold_s72_greedy_seed1.json,hotcold,72,greedy,False,1,182784,3.000,True,6.8234,177404,3248
results/raw/long/hotcold_s72_greedy_seed1.json,hotcold,72,greedy,False,1,213248,3.500,True,6.82556,177470,3249
results/raw/long/hotcold_s72_greedy_seed1.json,hotcold,72,greedy,False,1,243712,4.000,True,6.76904,175748,3222
results/raw/long/hotcold_s72_greedy_seed1.json,hotcold,72,greedy,False,1,274176,4.500,True,6.80452,176829,3239
results/raw/long/hotcold_s72_greedy_seed1.json,hotcold,72,greedy,False,1,304640,5.000,True,6.76914,175751,3222
results/raw/long/hotcold_s72_greedy_seed1.json,hotcold,72,greedy,False,1,335104,5.500,True,6.80242,176765,3238
results/raw/long/hotcold_s72_greedy_seed1.json,hotcold,72,greedy,False,1,365568,6.000,True,6.75404,175291,3215
results/raw/long/hotcold_s72_greedy_seed1.json,hotcold,72,greedy,False,1,396032,6.500,True,6.79225,176455,3233
results/raw/long/hotcold_s72_greedy_seed1.json,hotcold,72,greedy,False,1,426496,7.000,True,6.78345,176187,3229
results/raw/long/hotcold_s72_greedy_seed1.json,hotcold,72,greedy,False,1,456960,7.500,True,6.76884,175742,3222
results/raw/long/hotcold_s72_greedy_seed1.json,hotcold,72,greedy,False,1,487424,8.000,True,6.81733,177219,3245
results/raw/long/hotcold_s72_greedy_seed1.json,hotcold,72,greedy,False,1,517888,8.500,True,6.78571,176256,3230
results/raw/long/hotcold_s72_greedy_seed1.json,hotcold,72,greedy,False,1,548352,9.000,True,6.78581,176259,3230
results/raw/long/hotcold_s72_greedy_seed1.json,hotcold,72,greedy,False,1,578816,9.500,True,6.82123,177338,3247
results/raw/long/hotcold_s72_greedy_seed1.json,hotcold,72,greedy,False,1,609280,10.000,True,6.72909,174531,3203
results/raw/long/hotcold_s72_greedy_seed1.json,hotcold,72,greedy,False,1,639744,10.500,True,6.82149,177346,3247
results/raw/long/hotcold_s72_greedy_seed1.json,hotcold,72,greedy,False,1,670208,11.000,True,6.86144,178563,3266
results/raw/long/hotcold_s72_greedy_seed1.json,hotcold,72,greedy,False,1,700672,11.500,True,6.78778,176319,3231
results/raw/long/hotcold_s72_greedy_seed1.json,hotcold,72,greedy,False,1,731136,12.000,True,6.8381,177852,3255
results/raw/long/hotcold_s72_greedy_seed1.json,hotcold,72,greedy,False,1,761600,12.500,True,6.76461,175613,3220
results/raw/long/hotcold_s72_greedy_seed1.json,hotcold,72,greedy,False,1,792064,13.000,True,6.7565,175366,3216
results/raw/long/hotcold_s72_greedy_seed1.json,hotcold,72,greedy,False,1,822528,13.500,True,6.79198,176447,3233
results/raw/long/hotcold_s72_greedy_seed1.json,hotcold,72,greedy,False,1,852992,14.000,True,6.83183,177661,3252
results/raw/long/hotcold_s72_greedy_seed1.json,hotcold,72,greedy,False,1,883456,14.500,True,6.85931,178498,3265
results/raw/long/hotcold_s72_greedy_seed1.json,hotcold,72,greedy,False,1,913920,15.000,True,6.8235,177407,3248
results/raw/long/hotcold_s72_greedy_seed1.json,hotcold,72,greedy,False,1,944384,15.500,True,6.8467,178114,3259
results/raw/long/hotcold_s72_greedy_seed1.json,hotcold,72,greedy,False,1,974848,16.000,True,6.79212,176451,3233
results/raw/long/hotcold_s72_greedy_seed1.json,hotcold,72,greedy,False,1,1005312,16.500,True,6.89049,179448,3280
results/raw/long/hotcold_s72_greedy_seed1.json,hotcold,72,greedy,False,1,1035776,17.000,True,6.83006,177607,3251
results/raw/long/hotcold_s72_greedy_seed1.json,hotcold,72,greedy,False,1,1066240,17.500,True,6.78975,176379,3232
results/raw/long/hotcold_s72_greedy_seed1.json,hotcold,72,greedy,False,1,1096704,18.000,True,6.80682,176899,3240
results/raw/long/hotcold_s72_greedy_seed1.json,hotcold,72,greedy,False,1,1127168,18.500,True,6.80465,176833,3239
results/raw/long/hotcold_s72_greedy_seed1.json,hotcold,72,greedy,False,1,1157632,19.000,True,6.78141,176125,3228
results/raw/long/hotcold_s72_greedy_seed1.json,hotcold,72,greedy,False,1,1188096,19.500,True,6.79842,176643,3236
results/raw/long/hotcold_s72_greedy_seed1.json,hotcold,72,greedy,False,1,1218560,20.000,True,6.8214,177343,3247
results/raw/long/hotcold_s72_greedy_seed1.json,hotcold,72,greedy,False,1,1249024,20.500,True,6.79212,176451,3233
results/raw/long/hotcold_s72_greedy_seed1.json,hotcold,72,greedy,False,1,1279488,21.000,True,6.7563,175360,3216
results/raw/long/hotcold_s72_greedy_seed1.json,hotcold,72,greedy,False,1,1309952,21.500,True,6.76661,175674,3221
results/raw/long/hotcold_s72_greedy_seed1.json,hotcold,72,greedy,False,1,1340416,22.000,True,6.84887,178180,3260
results/raw/long/hotcold_s72_greedy_seed1.json,hotcold,72,greedy,False,1,1370880,22.500,True,6.76477,175618,3220
results/raw/long/hotcold_s72_greedy_seed1.json,hotcold,72,greedy,False,1,1401344,23.000,True,6.84011,177913,3256
results/raw/long/hotcold_s72_greedy_seed1.json,hotcold,72,greedy,False,1,1431808,23.500,True,6.79829,176639,3236
results/raw/long/hotcold_s72_greedy_seed1.json,hotcold,72,greedy,False,1,1462272,24.000,True,6.74796,175106,3212
results/raw/long/hotcold_s72_greedy_seed1.json,hotcold,72,greedy,False,1,1492736,24.500,True,6.79412,176512,3234
results/raw/long/hotcold_s72_greedy_seed1.json,hotcold,72,greedy,False,1,1523200,25.000,True,6.72912,174532,3203
results/raw/long/hotcold_s72_greedy_seed1.json,hotcold,72,greedy,False,1,1553664,25.500,True,6.78782,176320,3231
results/raw/long/hotcold_s72_greedy_seed1.json,hotcold,72,greedy,False,1,1584128,26.000,True,6.86965,178813,3270
results/raw/long/hotcold_s72_greedy_seed1.json,hotcold,72,greedy,False,1,1614592,26.500,True,6.74806,175109,3212
results/raw/long/hotcold_s72_greedy_seed1.json,hotcold,72,greedy,False,1,1645056,27.000,True,6.82983,177600,3251
results/raw/long/hotcold_s72_greedy_seed1.json,hotcold,72,greedy,False,1,1675520,27.500,True,6.82346,177406,3248
results/raw/long/hotcold_s72_greedy_seed1.json,hotcold,72,greedy,False,1,1705984,28.000,True,6.7583,175421,3217
results/raw/long/hotcold_s72_greedy_seed1.json,hotcold,72,greedy,False,1,1736448,28.500,True,6.72909,174531,3203
results/raw/long/hotcold_s72_greedy_seed1.json,hotcold,72,greedy,False,1,1766912,29.000,True,6.75637,175362,3216
results/raw/long/hotcold_s72_greedy_seed1.json,hotcold,72,greedy,False,1,1797376,29.500,True,6.80239,176764,3238
results/raw/long/hotcold_s72_greedy_seed1.json,hotcold,72,greedy,False,1,1827840,30.000,True,6.78145,176126,3228
results/raw/long/hotcold_s72_greedy_seed1.json,hotcold,72,greedy,False,1,1858304,30.500,True,6.77114,175812,3223
results/raw/long/hotcold_s72_greedy_seed1.json,hotcold,72,greedy,False,1,1888768,31.000,True,6.74163,174913,3209
results/raw/long/hotcold_s72_greedy_seed1.json,hotcold,72,greedy,False,1,1919232,31.500,True,6.78995,176385,3232
results/raw/long/hotcold_s72_greedy_seed1.json,hotcold,72,greedy,False,1,1949696,32.000,True,6.84014,177914,3256
results/raw/long/hotcold_s72_greedy_seed1.json,hotcold,72,greedy,False,1,1980160,32.500,True,6.74573,175038,3211
results/raw/long/hotcold_s72_greedy_seed1.json,hotcold,72,greedy,False,1,2010624,33.000,True,6.84881,178178,3260
results/raw/long/hotcold_s72_greedy_seed1.json,hotcold,72,greedy,False,1,2041088,33.500,True,6.82159,177349,3247
results/raw/long/hotcold_s72_greedy_seed1.json,hotcold,72,greedy,False,1,2071552,34.000,True,6.83804,177850,3255
results/raw/long/hotcold_s72_greedy_seed1.json,hotcold,72,greedy,False,1,2102016,34.500,True,6.8445,178047,3258
results/raw/long/hotcold_s72_greedy_seed1.json,hotcold,72,greedy,False,1,2132480,35.000,True,6.7417,174915,3209
results/raw/long/hotcold_s72_greedy_seed1.json,hotcold,72,greedy,False,1,2162944,35.500,True,6.76477,175618,3220
results/raw/long/hotcold_s72_greedy_seed1.json,hotcold,72,greedy,False,1,2193408,36.000,True,6.81933,177280,3246
results/raw/long/hotcold_s72_greedy_seed1.json,hotcold,72,greedy,False,1,2223872,36.500,True,6.71849,174208,3198
results/raw/long/hotcold_s72_greedy_seed1.json,hotcold,72,greedy,False,1,2254336,37.000,True,6.8297,177596,3251
results/raw/long/hotcold_s72_greedy_seed1.json,hotcold,72,greedy,False,1,2284800,37.500,True,6.73969,174854,3208
results/raw/long/hotcold_s72_greedy_seed1.json,hotcold,72,greedy,False,1,2315264,38.000,True,6.85278,178299,3262
results/raw/long/hotcold_s72_greedy_seed1.json,hotcold,72,greedy,False,1,2345728,38.500,True,6.79001,176387,3232
results/raw/long/hotcold_s72_greedy_seed1.json,hotcold,72,greedy,False,1,2376192,39.000,True,6.7648,175619,3220
results/raw/long/hotcold_s72_greedy_seed1.json,hotcold,72,greedy,False,1,2406656,39.500,True,6.7479,175104,3212
results/raw/long/hotcold_s72_greedy_seed1.json,hotcold,72,greedy,False,1,2437120,40.000,True,6.69745,173567,3188
results/raw/long/uniform_s72_fifo_seed1.json,uniform,72,fifo,False,1,30464,0.500,True,2.92077,175543,3148
results/raw/long/uniform_s72_fifo_seed1.json,uniform,72,fifo,False,1,60928,1.000,True,7.40986,195270,3527
results/raw/long/uniform_s72_fifo_seed1.json,uniform,72,fifo,False,1,91392,1.500,True,7.43908,196160,3541
results/raw/long/uniform_s72_fifo_seed1.json,uniform,72,fifo,False,1,121856,2.000,True,7.44114,196223,3542
results/raw/long/uniform_s72_fifo_seed1.json,uniform,72,fifo,False,1,152320,2.500,True,7.44754,196418,3545
results/raw/long/uniform_s72_fifo_seed1.json,uniform,72,fifo,False,1,182784,3.000,True,7.45171,196545,3547
results/raw/long/uniform_s72_fifo_seed1.json,uniform,72,fifo,False,1,213248,3.500,True,7.44101,196219,3542
results/raw/long/uniform_s72_fifo_seed1.json,uniform,72,fifo,False,1,243712,4.000,True,7.41167,195325,3528
results/raw/long/uniform_s72_fifo_seed1.json,uniform,72,fifo,False,1,274176,4.500,True,7.41613,195461,3530
results/raw/long/uniform_s72_fifo_seed1.json,uniform,72,fifo,False,1,304640,5.000,True,7.41387,195392,3529
results/raw/long/uniform_s72_fifo_seed1.json,uniform,72,fifo,False,1,335104,5.500,True,7.42634,195772,3535
results/raw/long/uniform_s72_fifo_seed1.json,uniform,72,fifo,False,1,365568,6.000,True,7.39709,194881,3521
results/raw/long/uniform_s72_fifo_seed1.json,uniform,72,fifo,False,1,396032,6.500,True,7.42233,195650,3533
results/raw/long/uniform_s72_fifo_seed1.json,uniform,72,fifo,False,1,426496,7.000,True,7.43487,196032,3539
results/raw/long/uniform_s72_fifo_seed1.json,uniform,72,fifo,False,1,456960,7.500,True,7.44948,196477,3546
results/raw/long/uniform_s72_fifo_seed1.json,uniform,72,fifo,False,1,487424,8.000,True,7.42467,195721,3534
results/raw/long/uniform_s72_fifo_seed1.json,uniform,72,fifo,False,1,517888,8.500,True,7.4222,195646,3533
results/raw/long/uniform_s72_fifo_seed1.json,uniform,72,fifo,False,1,548352,9.000,True,7.4181,195521,3531
results/raw/long/uniform_s72_fifo_seed1.json,uniform,72,fifo,False,1,578816,9.500,True,7.43254,195961,3538
results/raw/long/uniform_s72_fifo_seed1.json,uniform,72,fifo,False,1,609280,10.000,True,7.44561,196359,3544
results/raw/long/uniform_s72_fifo_seed1.json,uniform,72,fifo,False,1,639744,10.500,True,7.4052,195128,3525
results/raw/long/uniform_s72_fifo_seed1.json,uniform,72,fifo,False,1,670208,11.000,True,7.44137,196230,3542
results/raw/long/uniform_s72_fifo_seed1.json,uniform,72,fifo,False,1,700672,11.500,True,7.40126,195008,3523
results/raw/long/uniform_s72_fifo_seed1.json,uniform,72,fifo,False,1,731136,12.000,True,7.37605,194240,3511
results/raw/long/uniform_s72_fifo_seed1.json,uniform,72,fifo,False,1,761600,12.500,True,7.43491,196033,3539
results/raw/long/uniform_s72_fifo_seed1.json,uniform,72,fifo,False,1,792064,13.000,True,7.44738,196413,3545
results/raw/long/uniform_s72_fifo_seed1.json,uniform,72,fifo,False,1,822528,13.500,True,7.43504,196037,3539
results/raw/long/uniform_s72_fifo_seed1.json,uniform,72,fifo,False,1,852992,14.000,True,7.46406,196921,3553
results/raw/long/uniform_s72_fifo_seed1.json,uniform,72,fifo,False,1,883456,14.500,True,7.40149,195015,3523
results/raw/long/uniform_s72_fifo_seed1.json,uniform,72,fifo,False,1,913920,15.000,True,7.42837,195834,3536
results/raw/long/uniform_s72_fifo_seed1.json,uniform,72,fifo,False,1,944384,15.500,True,7.416,195457,3530
results/raw/long/uniform_s72_fifo_seed1.json,uniform,72,fifo,False,1,974848,16.000,True,7.41396,195395,3529
results/raw/long/uniform_s72_fifo_seed1.json,uniform,72,fifo,False,1,1005312,16.500,True,7.39062,194684,3518
results/raw/long/uniform_s72_fifo_seed1.json,uniform,72,fifo,False,1,1035776,17.000,True,7.41807,195520,3531
results/raw/long/uniform_s72_fifo_seed1.json,uniform,72,fifo,False,1,1066240,17.500,True,7.44328,196288,3543
results/raw/long/uniform_s72_fifo_seed1.json,uniform,72,fifo,False,1,1096704,18.000,True,7.37618,194244,3511
results/raw/long/uniform_s72_fifo_seed1.json,uniform,72,fifo,False,1,1127168,18.500,True,7.40323,195068,3524
results/raw/long/uniform_s72_fifo_seed1.json,uniform,72,fifo,False,1,1157632,19.000,True,7.43297,195974,3538
results/raw/long/uniform_s72_fifo_seed1.json,uniform,72,fifo,False,1,1188096,19.500,True,7.45162,196542,3547
results/raw/long/uniform_s72_fifo_seed1.json,uniform,72,fifo,False,1,1218560,20.000,True,7.44531,196350,3544
results/raw/long/uniform_s72_fifo_seed1.json,uniform,72,fifo,False,1,1249024,20.500,True,7.43064,195903,3537
results/raw/long/uniform_s72_fifo_seed1.json,uniform,72,fifo,False,1,1279488,21.000,True,7.43491,196033,3539
results/raw/long/uniform_s72_fifo_seed1.json,uniform,72,fifo,False,1,1309952,21.500,True,7.43684,196092,3540
results/raw/long/uniform_s72_fifo_seed1.json,uniform,72,fifo,False,1,1340416,22.000,True,7.45825,196744,3550
results/raw/long/uniform_s72_fifo_seed1.json,uniform,72,fifo,False,1,1370880,22.500,True,7.37379,194171,3510
results/raw/long/uniform_s72_fifo_seed1.json,uniform,72,fifo,False,1,1401344,23.000,True,7.4223,195649,3533
results/raw/long/uniform_s72_fifo_seed1.json,uniform,72,fifo,False,1,1431808,23.500,True,7.40763,195202,3526
results/raw/long/uniform_s72_fifo_seed1.json,uniform,72,fifo,False,1,1462272,24.000,True,7.42627,195770,3535
results/raw/long/uniform_s72_fifo_seed1.json,uniform,72,fifo,False,1,1492736,24.500,True,7.39502,194818,3520
results/raw/long/uniform_s72_fifo_seed1.json,uniform,72,fifo,False,1,1523200,25.000,True,7.45395,196613,3548
results/raw/long/uniform_s72_fifo_seed1.json,uniform,72,fifo,False,1,1553664,25.500,True,7.41377,195389,3529
results/raw/long/uniform_s72_fifo_seed1.json,uniform,72,fifo,False,1,1584128,26.000,True,7.43274,195967,3538
results/raw/long/uniform_s72_fifo_seed1.json,uniform,72,fifo,False,1,1614592,26.500,True,7.40139,195012,3523
results/raw/long/uniform_s72_fifo_seed1.json,uniform,72,fifo,False,1,1645056,27.000,True,7.39499,194817,3520
results/raw/long/uniform_s72_fifo_seed1.json,uniform,72,fifo,False,1,1675520,27.500,True,7.47236,197174,3557
results/raw/long/uniform_s72_fifo_seed1.json,uniform,72,fifo,False,1,1705984,28.000,True,7.431,195914,3537
results/raw/long/uniform_s72_fifo_seed1.json,uniform,72,fifo,False,1,1736448,28.500,True,7.42627,195770,3535
results/raw/long/uniform_s72_fifo_seed1.json,uniform,72,fifo,False,1,1766912,29.000,True,7.42647,195776,3535
results/raw/long/uniform_s72_fifo_seed1.json,uniform,72,fifo,False,1,1797376,29.500,True,7.36138,193793,3504
results/raw/long/uniform_s72_fifo_seed1.json,uniform,72,fifo,False,1,1827840,30.000,True,7.39916,194944,3522
results/raw/long/uniform_s72_fifo_seed1.json,uniform,72,fifo,False,1,1858304,30.500,True,7.44518,196346,3544
results/raw/long/uniform_s72_fifo_seed1.json,uniform,72,fifo,False,1,1888768,31.000,True,7.43944,196171,3541
results/raw/long/uniform_s72_fifo_seed1.json,uniform,72,fifo,False,1,1919232,31.500,True,7.42834,195833,3536
results/raw/long/uniform_s72_fifo_seed1.json,uniform,72,fifo,False,1,1949696,32.000,True,7.43274,195967,3538
results/raw/long/uniform_s72_fifo_seed1.json,uniform,72,fifo,False,1,1980160,32.500,True,7.45598,196675,3549
results/raw/long/uniform_s72_fifo_seed1.json,uniform,72,fifo,False,1,2010624,33.000,True,7.43497,196035,3539
results/raw/long/uniform_s72_fifo_seed1.json,uniform,72,fifo,False,1,2041088,33.500,True,7.40533,195132,3525
results/raw/long/uniform_s72_fifo_seed1.json,uniform,72,fifo,False,1,2071552,34.000,True,7.46852,197057,3555
results/raw/long/uniform_s72_fifo_seed1.json,uniform,72,fifo,False,1,2102016,34.500,True,7.40556,195139,3525
results/raw/long/uniform_s72_fifo_seed1.json,uniform,72,fifo,False,1,2132480,35.000,True,7.43284,195970,3538
results/raw/long/uniform_s72_fifo_seed1.json,uniform,72,fifo,False,1,2162944,35.500,True,7.44315,196284,3543
results/raw/long/uniform_s72_fifo_seed1.json,uniform,72,fifo,False,1,2193408,36.000,True,7.40746,195197,3526
results/raw/long/uniform_s72_fifo_seed1.json,uniform,72,fifo,False,1,2223872,36.500,True,7.42453,195717,3534
results/raw/long/uniform_s72_fifo_seed1.json,uniform,72,fifo,False,1,2254336,37.000,True,7.44531,196350,3544
results/raw/long/uniform_s72_fifo_seed1.json,uniform,72,fifo,False,1,2284800,37.500,True,7.40133,195010,3523
results/raw/long/uniform_s72_fifo_seed1.json,uniform,72,fifo,False,1,2315264,38.000,True,7.39292,194754,3519
results/raw/long/uniform_s72_fifo_seed1.json,uniform,72,fifo,False,1,2345728,38.500,True,7.43694,196095,3540
results/raw/long/uniform_s72_fifo_seed1.json,uniform,72,fifo,False,1,2376192,39.000,True,7.41176,195328,3528
results/raw/long/uniform_s72_fifo_seed1.json,uniform,72,fifo,False,1,2406656,39.500,True,7.40743,195196,3526
results/raw/long/uniform_s72_fifo_seed1.json,uniform,72,fifo,False,1,2437120,40.000,True,7.43071,195905,3537
results/raw/long/uniform_s72_greedy_seed1.json,uniform,72,greedy,False,1,30464,0.500,True,2.63931,149820,2746
results/raw/long/uniform_s72_greedy_seed1.json,uniform,72,greedy,False,1,60928,1.000,True,6.67227,172800,3176
results/raw/long/uniform_s72_greedy_seed1.json,uniform,72,greedy,False,1,91392,1.500,True,6.6787,172996,3179
results/raw/long/uniform_s72_greedy_seed1.json,uniform,72,greedy,False,1,121856,2.000,True,6.73743,174785,3207
results/raw/long/uniform_s72_greedy_seed1.json,uniform,72,greedy,False,1,152320,2.500,True,6.69118,173376,3185
results/raw/long/uniform_s72_greedy_seed1.json,uniform,72,greedy,False,1,182784,3.000,True,6.73099,174589,3204
results/raw/long/uniform_s72_greedy_seed1.json,uniform,72,greedy,False,1,213248,3.500,True,6.71222,174017,3195
results/raw/long/uniform_s72_greedy_seed1.json,uniform,72,greedy,False,1,243712,4.000,True,6.73106,174591,3204
results/raw/long/uniform_s72_greedy_seed1.json,uniform,72,greedy,False,1,274176,4.500,True,6.72272,174337,3200
results/raw/long/uniform_s72_greedy_seed1.json,uniform,72,greedy,False,1,304640,5.000,True,6.71205,174012,3195
results/raw/long/uniform_s72_greedy_seed1.json,uniform,72,greedy,False,1,335104,5.500,True,6.70395,173765,3191
results/raw/long/uniform_s72_greedy_seed1.json,uniform,72,greedy,False,1,365568,6.000,True,6.72249,174330,3200
results/raw/long/uniform_s72_greedy_seed1.json,uniform,72,greedy,False,1,396032,6.500,True,6.70821,173895,3193
results/raw/long/uniform_s72_greedy_seed1.json,uniform,72,greedy,False,1,426496,7.000,True,6.70358,173754,3191
results/raw/long/uniform_s72_greedy_seed1.json,uniform,72,greedy,False,1,456960,7.500,True,6.71649,174147,3197
results/raw/long/uniform_s72_greedy_seed1.json,uniform,72,greedy,False,1,487424,8.000,True,6.68707,173251,3183
results/raw/long/uniform_s72_greedy_seed1.json,uniform,72,greedy,False,1,517888,8.500,True,6.71842,174206,3198
results/raw/long/uniform_s72_greedy_seed1.json,uniform,72,greedy,False,1,548352,9.000,True,6.71645,174146,3197
results/raw/long/uniform_s72_greedy_seed1.json,uniform,72,greedy,False,1,578816,9.500,True,6.7373,174781,3207
results/raw/long/uniform_s72_greedy_seed1.json,uniform,72,greedy,False,1,609280,10.000,True,6.71836,174204,3198
results/raw/long/uniform_s72_greedy_seed1.json,uniform,72,greedy,False,1,639744,10.500,True,6.72712,174471,3202
results/raw/long/uniform_s72_greedy_seed1.json,uniform,72,greedy,False,1,670208,11.000,True,6.68277,173120,3181
results/raw/long/uniform_s72_greedy_seed1.json,uniform,72,greedy,False,1,700672,11.500,True,6.69938,173626,3189
results/raw/long/uniform_s72_greedy_seed1.json,uniform,72,greedy,False,1,731136,12.000,True,6.67667,172934,3178
results/raw/long/uniform_s72_greedy_seed1.json,uniform,72,greedy,False,1,761600,12.500,True,6.70375,173759,3191
results/raw/long/uniform_s72_greedy_seed1.json,uniform,72,greedy,False,1,792064,13.000,True,6.72262,174334,3200
results/raw/long/uniform_s72_greedy_seed1.json,uniform,72,greedy,False,1,822528,13.500,True,6.72886,174524,3203
results/raw/long/uniform_s72_greedy_seed1.json,uniform,72,greedy,False,1,852992,14.000,True,6.70605,173829,3192
results/raw/long/uniform_s72_greedy_seed1.json,uniform,72,greedy,False,1,883456,14.500,True,6.73953,174849,3208
results/raw/long/uniform_s72_greedy_seed1.json,uniform,72,greedy,False,1,913920,15.000,True,6.69541,173505,3187
results/raw/long/uniform_s72_greedy_seed1.json,uniform,72,greedy,False,1,944384,15.500,True,6.72893,174526,3203
results/raw/long/uniform_s72_greedy_seed1.json,uniform,72,greedy,False,1,974848,16.000,True,6.69965,173634,3189
results/raw/long/uniform_s72_greedy_seed1.json,uniform,72,greedy,False,1,1005312,16.500,True,6.72676,174460,3202
results/raw/long/uniform_s72_greedy_seed1.json,uniform,72,greedy,False,1,1035776,17.000,True,6.76694,175684,3221
results/raw/long/uniform_s72_greedy_seed1.json,uniform,72,greedy,False,1,1066240,17.500,True,6.73923,174840,3208
results/raw/long/uniform_s72_greedy_seed1.json,uniform,72,greedy,False,1,1096704,18.000,True,6.70825,173896,3193
results/raw/long/uniform_s72_greedy_seed1.json,uniform,72,greedy,False,1,1127168,18.500,True,6.69745,173567,3188
results/raw/long/uniform_s72_greedy_seed1.json,uniform,72,greedy,False,1,1157632,19.000,True,6.70569,173818,3192
results/raw/long/uniform_s72_greedy_seed1.json,uniform,72,greedy,False,1,1188096,19.500,True,6.71635,174143,3197
results/raw/long/uniform_s72_greedy_seed1.json,uniform,72,greedy,False,1,1218560,20.000,True,6.73329,174659,3205
results/raw/long/uniform_s72_greedy_seed1.json,uniform,72,greedy,False,1,1249024,20.500,True,6.72686,174463,3202
results/raw/long/uniform_s72_greedy_seed1.json,uniform,72,greedy,False,1,1279488,21.000,True,6.72272,174337,3200
results/raw/long/uniform_s72_greedy_seed1.json,uniform,72,greedy,False,1,1309952,21.500,True,6.72052,174270,3199
results/raw/long/uniform_s72_greedy_seed1.json,uniform,72,greedy,False,1,1340416,22.000,True,6.73336,174661,3205
results/raw/long/uniform_s72_greedy_seed1.json,uniform,72,greedy,False,1,1370880,22.500,True,6.72893,174526,3203
results/raw/long/uniform_s72_greedy_seed1.json,uniform,72,greedy,False,1,1401344,23.000,True,6.68064,173055,3180
results/raw/long/uniform_s72_greedy_seed1.json,uniform,72,greedy,False,1,1431808,23.500,True,6.72259,174333,3200
results/raw/long/uniform_s72_greedy_seed1.json,uniform,72,greedy,False,1,1462272,24.000,True,6.68487,173184,3182
results/raw/long/uniform_s72_greedy_seed1.json,uniform,72,greedy,False,1,1492736,24.500,True,6.67657,172931,3178
results/raw/long/uniform_s72_greedy_seed1.json,uniform,72,greedy,False,1,1523200,25.000,True,6.71225,174018,3195
results/raw/long/uniform_s72_greedy_seed1.json,uniform,72,greedy,False,1,1553664,25.500,True,6.73529,174720,3206
results/raw/long/uniform_s72_greedy_seed1.json,uniform,72,greedy,False,1,1584128,26.000,True,6.70788,173885,3193
results/raw/long/uniform_s72_greedy_seed1.json,uniform,72,greedy,False,1,1614592,26.500,True,6.72916,174533,3203
results/raw/long/uniform_s72_greedy_seed1.json,uniform,72,greedy,False,1,1645056,27.000,True,6.69114,173375,3185
results/raw/long/uniform_s72_greedy_seed1.json,uniform,72,greedy,False,1,1675520,27.500,True,6.72673,174459,3202
results/raw/long/uniform_s72_greedy_seed1.json,uniform,72,greedy,False,1,1705984,28.000,True,6.72285,174341,3200
results/raw/long/uniform_s72_greedy_seed1.json,uniform,72,greedy,False,1,1736448,28.500,True,6.71645,174146,3197
results/raw/long/uniform_s72_greedy_seed1.json,uniform,72,greedy,False,1,1766912,29.000,True,6.73923,174840,3208
results/raw/long/uniform_s72_greedy_seed1.json,uniform,72,greedy,False,1,1797376,29.500,True,6.71015,173954,3194
results/raw/long/uniform_s72_greedy_seed1.json,uniform,72,greedy,False,1,1827840,30.000,True,6.67027,172739,3175
results/raw/long/uniform_s72_greedy_seed1.json,uniform,72,greedy,False,1,1858304,30.500,True,6.72676,174460,3202
results/raw/long/uniform_s72_greedy_seed1.json,uniform,72,greedy,False,1,1888768,31.000,True,6.71655,174149,3197
results/raw/long/uniform_s72_greedy_seed1.json,uniform,72,greedy,False,1,1919232,31.500,True,6.69328,173440,3186
results/raw/long/uniform_s72_greedy_seed1.json,uniform,72,greedy,False,1,1949696,32.000,True,6.73109,174592,3204
results/raw/long/uniform_s72_greedy_seed1.json,uniform,72,greedy,False,1,1980160,32.500,True,6.70795,173887,3193
results/raw/long/uniform_s72_greedy_seed1.json,uniform,72,greedy,False,1,2010624,33.000,True,6.74153,174910,3209
results/raw/long/uniform_s72_greedy_seed1.json,uniform,72,greedy,False,1,2041088,33.500,True,6.71435,174082,3196
results/raw/long/uniform_s72_greedy_seed1.json,uniform,72,greedy,False,1,2071552,34.000,True,6.73516,174716,3206
results/raw/long/uniform_s72_greedy_seed1.json,uniform,72,greedy,False,1,2102016,34.500,True,6.72069,174275,3199
results/raw/long/uniform_s72_greedy_seed1.json,uniform,72,greedy,False,1,2132480,35.000,True,6.71842,174206,3198
results/raw/long/uniform_s72_greedy_seed1.json,uniform,72,greedy,False,1,2162944,35.500,True,6.69758,173571,3188
results/raw/long/uniform_s72_greedy_seed1.json,uniform,72,greedy,False,1,2193408,36.000,True,6.75834,175422,3217
results/raw/long/uniform_s72_greedy_seed1.json,uniform,72,greedy,False,1,2223872,36.500,True,6.72072,174276,3199
results/raw/long/uniform_s72_greedy_seed1.json,uniform,72,greedy,False,1,2254336,37.000,True,6.70782,173883,3193
results/raw/long/uniform_s72_greedy_seed1.json,uniform,72,greedy,False,1,2284800,37.500,True,6.73523,174718,3206
results/raw/long/uniform_s72_greedy_seed1.json,uniform,72,greedy,False,1,2315264,38.000,True,6.71035,173960,3194
results/raw/long/uniform_s72_greedy_seed1.json,uniform,72,greedy,False,1,2345728,38.500,True,6.72052,174270,3199
results/raw/long/uniform_s72_greedy_seed1.json,uniform,72,greedy,False,1,2376192,39.000,True,6.71622,174139,3197
results/raw/long/uniform_s72_greedy_seed1.json,uniform,72,greedy,False,1,2406656,39.500,True,6.69141,173383,3185
results/raw/long/uniform_s72_greedy_seed1.json,uniform,72,greedy,False,1,2437120,40.000,True,6.72879,174522,3203
